OBJECTID,ACCIDENTNUM,ACCIDENTDATE,ACCIDENT_YEAR,ACCIDENT_MONTH,ACCIDENT_DAY,ACCIDENT_HOUR,ACCIDENT_MINUTE,ACCIDENT_SECOND,ACCIDENT_WEEKDAY,XCOORD,YCOORD,LONGITUDE,LATITUDE,ACCIDENTLOCATION,COLLISIONTYPE,CLASSIFICATIONOFACCIDENT,IMPACTLOCATION,INITIALDIRECTIONOFTRAVELONE,INITIALDIRECTIONOFTRAVELTWO,INITIALIMPACTTYPE,INTTRAFFICCONTROL,LIGHT,LIGHTFORREPORT,ROADJURISDICTION,TRAFFICCONTROL,TRAFFICCONTROLCONDITION,THRULANENO,NORTHBOUNDDISOBEYCOUNT,SOUTHBOUNDDISOBEYCOUNT,PEDESTRIANINVOLVED,CYCLISTINVOLVED,MOTORCYCLISTINVOLVED,ENVIRONMENTCONDITION1,ENVIRONMENTCONDITION2,SELFREPORTED,XMLIMPORTNOTES,LASTEDITEDDATE,CREATE_BY,CREATE_DATE
43619,15-026414,1423061700000,2015,2,4,14,55,0,Wednesday,540095.89525,4809881.49303,-80.50452399999999,43.440768,Intersection related,2,P.D. only,Thru lane,unknown,unknown,Sideswipe,Unknown,Daylight,01 - Daylight,Municipal (excl. Twp. Rd.),No control,unknown,0,0,0,False,False,False,Clear,,False,PATRICIA AV; HIGHLAND RD W; Near,3/7/2019 2:38:59 PM,,
43620,15-026515,1423070400000,2015,2,4,17,20,0,Wednesday,539102.48693,4811060.12391,-80.51671499999999,43.451433,Non intersection,2,P.D. only,Thru lane,unknown,unknown,SMV unattended vehicle,Unknown,"Dark, artificial","08 - Dark, artificial",Municipal (excl. Twp. Rd.),No control,unknown,0,0,0,False,False,False,Snow,,False,BELMONT AV W; GLASGOW ST; 100 M,3/7/2019 2:38:58 PM,,
43621,15-026550,1423075800000,2015,2,4,18,50,0,Wednesday,539618.30926,4811375.32895,-80.510317,43.454243999999996,Intersection related,2,P.D. only,Thru lane,unknown,unknown,Rear end,Unknown,"Dark, artificial","08 - Dark, artificial",Municipal (excl. Twp. Rd.),No control,unknown,0,0,0,False,False,False,Snow,,False,PARK ST; GLASGOW ST; Near,3/7/2019 2:38:58 PM,,
43622,15-027299,1423224900000,2015,2,6,12,15,0,Friday,542119.47556,4812779.76819,-80.479295,43.466753,Intersection related,2,P.D. only,Thru lane,unknown,unknown,Turning movement,Unknown,Daylight,01 - Daylight,Municipal (excl. Twp. Rd.),Stop sign,Functioning,0,0,0,False,False,False,Clear,,False,MAPLE AV; GUELPH ST; 18 M,3/7/2019 2:38:57 PM,,
43623,15-027437,1423227600000,2015,2,6,13,0,0,Friday,540424.14707,4809595.58261,-80.500489,43.438176,At/near private drive,2,P.D. only,Thru lane,unknown,unknown,Turning movement,Unknown,Daylight,01 - Daylight,Regional municipality,No control,unknown,0,0,0,False,False,False,Clear,,False,QUEENS BLVD,3/7/2019 2:38:55 PM,,
43624,15-027510,1423238820000,2015,2,6,16,7,0,Friday,542405.62632,4806622.53745,-80.476236,43.411297,Intersection related,1,Non-fatal injury,Thru lane,unknown,unknown,Rear end,Unknown,Daylight,01 - Daylight,Municipal (excl. Twp. Rd.),Stop sign,Functioning,0,0,0,False,False,False,Clear,,False,STRASBURG RD; OLD COUNTRY DR,3/7/2019 2:38:54 PM,,
43625,15-027594,1423236600000,2015,2,6,15,30,0,Friday,538650.51314,4808730.57252,-80.522466,43.430481,At/near private drive,2,P.D. only,Thru lane,unknown,unknown,SMV unattended vehicle,Unknown,Daylight,01 - Daylight,Municipal (excl. Twp. Rd.),No control,unknown,0,0,0,False,False,False,Snow,,False,OVERLEA DR; 296 OVERLEA DR; 0 M,3/7/2019 2:38:54 PM,,
43626,15-027802,1423266000000,2015,2,6,23,40,0,Friday,545856.90173,4804738.28621,-80.433768,43.394127999999995,At intersection,2,P.D. only,Within intersection,unknown,unknown,Turning movement,Unknown,"Dark, artificial","08 - Dark, artificial",Municipal (excl. Twp. Rd.),Stop sign,Functioning,0,0,0,False,False,False,Snow,,False,PIONEER DR ; OLD CARRIAGE DR,3/7/2019 2:38:53 PM,,
43627,15-028218,1423311600000,2015,2,7,12,20,0,Saturday,542554.70626,4811788.49866,-80.473992,43.457803,At/near private drive,2,P.D. only,Thru lane,unknown,unknown,Angle,Unknown,Daylight,01 - Daylight,Municipal (excl. Twp. Rd.),No control,unknown,0,0,0,False,False,False,Clear,,False,EDNA ST,3/7/2019 2:38:52 PM,,
43628,15-028296,1423321440000,2015,2,7,15,4,0,Saturday,545157.18025,4807240.33957,-80.442201,43.416699,At intersection,2,P.D. only,Within intersection,unknown,unknown,Turning movement,Stop sign,Daylight,01 - Daylight,Regional municipality,Stop sign,Functioning,0,0,0,False,False,False,Clear,,False,WILSON AVE; WEBSTER RD; At,3/4/2020 10:19:57 AM,,
43629,15-028471,1422818640000,2015,2,1,19,24,0,Sunday,538397.23519,4807410.83948,-80.525688,43.418611,Non intersection,2,P.D. only,Right shoulder,unknown,unknown,SMV other,Unknown,"Dark, artificial","08 - Dark, artificial",Municipal (excl. Twp. Rd.),No control,unknown,0,0,0,False,False,False,Clear,,False,FORESTWOOD DR; GLEN PARK CRES ; 17 M,3/7/2019 2:38:51 PM,,
43630,15-028565,1423345500000,2015,2,7,21,45,0,Saturday,547240.86975,4808923.20422,-80.41631799999999,43.431723,At/near private drive,2,P.D. only,Thru lane,unknown,unknown,SMV unattended vehicle,Unknown,"Dark, artificial","08 - Dark, artificial",Municipal (excl. Twp. Rd.),No control,unknown,0,0,0,False,False,False,Clear,,False,QUINTE CRES ;  12 QUINTE CRES ; Near; 0 M,3/7/2019 2:38:50 PM,,
43631,15-029002,1423403100000,2015,2,8,13,45,0,Sunday,544904.22136,4810638.70112,-80.44504599999999,43.447313,At/near private drive,1,Non-fatal injury,Not on roadway - right side,unknown,unknown,SMV other,Unknown,Daylight,01 - Daylight,Municipal (excl. Twp. Rd.),No control,unknown,0,0,0,True,False,False,Snow,,False,DOOLEY DR; 22 DOOLEY DR; 1 M,3/7/2019 2:38:48 PM,,
43632,15-029268,1423420200000,2015,2,8,18,30,0,Sunday,541141.29949,4806762.8678,-80.491841,43.412631,At intersection,2,P.D. only,Thru lane,unknown,unknown,SMV other,Unknown,"Dark, artificial","08 - Dark, artificial",Municipal (excl. Twp. Rd.),Stop sign,Functioning,0,0,0,False,False,False,Snow,,False,LAURENTIAN DR; BLOCK LINE RD; At; 0.5 M,3/7/2019 2:38:48 PM,,
43633,15-029324,1423438200000,2015,2,8,23,30,0,Sunday,536519.54122,4808251.02492,-80.54882599999999,43.426269999999995,Non intersection,2,P.D. only,Thru lane,unknown,unknown,SMV unattended vehicle,Unknown,"Dark, artificial","08 - Dark, artificial",Municipal (excl. Twp. Rd.),No control,unknown,0,0,0,False,False,False,Snow,,False,WESTMEADOW DR; 318 WESTMEADOW DR; At; 9 M,3/7/2019 2:38:47 PM,,
43634,15-029441,1423044000000,2015,2,4,10,0,0,Wednesday,540482.45764,4811017.29344,-80.499663,43.450973999999995,Non intersection,2,P.D. only,Thru lane,unknown,unknown,SMV unattended vehicle,Unknown,Daylight,01 - Daylight,Municipal (excl. Twp. Rd.),No control,unknown,0,0,0,False,False,False,Clear,,False,JOSEPH ST; VICTORIA ST S; Near; 15 M,3/7/2019 2:38:46 PM,,
43635,15-029451,1423469760000,2015,2,9,8,16,0,Monday,540575.27737,4809522.63464,-80.498627,43.437511,At intersection,2,P.D. only,Within intersection,unknown,unknown,Approaching,Unknown,Daylight,01 - Daylight,Municipal (excl. Twp. Rd.),Stop sign,Functioning,0,0,0,False,False,False,Clear,,False,PLEASANT AVE ; BINSCARTH RD ; At,3/7/2019 2:38:46 PM,,
43636,15-029542,1423407000000,2015,2,8,14,50,0,Sunday,539323.35545,4805578.45831,-80.51438,43.402063999999996,At/near private drive,2,P.D. only,Thru lane,unknown,unknown,Other,Unknown,Daylight,01 - Daylight,Municipal (excl. Twp. Rd.),No control,unknown,0,0,0,False,False,False,Snow,,False,REISTVIEW ST; At,3/7/2019 2:38:45 PM,,
43637,15-029568,1423470600000,2015,2,9,8,30,0,Monday,542056.43137,4810554.58516,-80.480246,43.446721,At/near private drive,2,P.D. only,Thru lane,unknown,unknown,Other,Unknown,Daylight,01 - Daylight,Municipal (excl. Twp. Rd.),No control,unknown,0,0,0,False,False,False,Clear,,False,CAMERON ST N,3/7/2019 2:38:44 PM,,
43638,15-029598,1423479600000,2015,2,9,11,0,0,Monday,541243.64722,4809264.14052,-80.490388,43.435147,At/near private drive,2,P.D. only,Thru lane,unknown,unknown,Turning movement,Unknown,Daylight,01 - Daylight,Municipal (excl. Twp. Rd.),No control,unknown,0,0,0,False,False,False,Clear,,False,HIGHLAND RD E; HIGHLAND RD E; Near; 8 M,3/7/2019 2:38:43 PM,,
43639,15-029689,1423405800000,2015,2,8,14,30,0,Sunday,542817.56203,4803662.36976,-80.47138,43.38462,At/near private drive,2,P.D. only,Thru lane,unknown,unknown,SMV unattended vehicle,Unknown,Daylight,01 - Daylight,Municipal (excl. Twp. Rd.),No control,unknown,0,0,0,False,False,False,Clear,,False,ROCKCLIFFE,3/7/2019 2:38:42 PM,,
43640,15-029747,1423129500000,2015,2,5,9,45,0,Thursday,548195.37918,4806317.98978,-80.404755,43.408204999999995,Non intersection,2,P.D. only,Right shoulder,unknown,unknown,SMV unattended vehicle,Unknown,Daylight,01 - Daylight,Municipal (excl. Twp. Rd.),No control,unknown,0,0,0,False,False,False,Clear,,False,CANDLE CRES; Near,3/7/2019 2:38:41 PM,,
43641,15-029883,1423463700000,2015,2,9,6,35,0,Monday,536897.01664,4808763.84446,-80.544128,43.430869,At intersection,2,P.D. only,Within intersection,unknown,unknown,Angle,Unknown,Dark,07 - Dark,Municipal (excl. Twp. Rd.),Stop sign,Functioning,0,0,0,False,False,False,Clear,,False,WESTFOREST TL; HIDDEN CREEK DR,3/7/2019 2:38:41 PM,,
43642,15-030209,1423556160000,2015,2,10,8,16,0,Tuesday,545906.86858,4809345.13646,-80.43276399999999,43.435604999999995,At intersection,1,Non-fatal injury,Within intersection,unknown,unknown,Turning movement,Unknown,Daylight,01 - Daylight,Municipal (excl. Twp. Rd.),Stop sign,Functioning,0,0,0,False,False,False,Clear,,False,KINZIE AV; THALER AV,3/7/2019 2:38:40 PM,,
43643,15-030241,1423558860000,2015,2,10,9,1,0,Tuesday,540228.69538,4809352.41193,-80.502922,43.435997,At/near private drive,1,Non-fatal injury,Thru lane,unknown,unknown,Other,Unknown,Daylight,01 - Daylight,Municipal (excl. Twp. Rd.),No control,unknown,0,0,0,False,False,False,Clear,,False,BELMONT AVE E; 17 BELMONT AVE E; Near; 0 M,3/7/2019 2:38:39 PM,,
43644,15-030396,1423569420000,2015,2,10,11,57,0,Tuesday,541246.74668,4811323.68102,-80.490194,43.453691,Non intersection,2,Non-reportable,Thru lane,unknown,unknown,SMV unattended vehicle,Unknown,Daylight,01 - Daylight,Municipal (excl. Twp. Rd.),No control,unknown,0,0,0,False,False,False,Clear,,False,YOUNG ST; ROY ST ; 25 M,3/7/2019 2:38:38 PM,,
43645,15-030441,1423572780000,2015,2,10,12,53,0,Tuesday,541441.346,4803781.61843,-80.488361,43.385771,At/near private drive,2,P.D. only,Thru lane,unknown,unknown,Other,Unknown,Daylight,01 - Daylight,Municipal (excl. Twp. Rd.),No control,unknown,0,0,0,False,False,False,Clear,,False,SOPHIA CRES; 90 SOPHIA CRES ; At; 0 M,3/7/2019 2:38:38 PM,,
43646,15-030461,1423574700000,2015,2,10,13,25,0,Tuesday,545443.69949,4811083.56699,-80.43834199999999,43.451285999999996,At/near private drive,2,P.D. only,Not on roadway - right side,unknown,unknown,SMV other,Unknown,Daylight,01 - Daylight,Municipal (excl. Twp. Rd.),Stop sign,Functioning,0,0,0,False,False,False,Snow,,False,BLACKFRIARS PL; HOLBORN DR ; 5 M,3/7/2019 2:38:37 PM,,
43647,15-030551,1423576800000,2015,2,10,14,0,0,Tuesday,542410.44047,4812471.95275,-80.47572199999999,43.463964999999995,At/near private drive,2,P.D. only,Thru lane,unknown,unknown,Turning movement,Unknown,Daylight,01 - Daylight,Municipal (excl. Twp. Rd.),No control,unknown,0,0,0,False,False,False,Clear,,False,WELLINGTON ST N; Near,3/7/2019 2:38:36 PM,,
43648,15-030717,1423558500000,2015,2,10,8,55,0,Tuesday,540118.96958,4805713.63457,-80.504545,43.403239,Non intersection,2,P.D. only,Thru lane,unknown,unknown,SMV unattended vehicle,Unknown,Daylight,01 - Daylight,Municipal (excl. Twp. Rd.),No control,unknown,0,0,0,False,False,False,Clear,,False,COMMONWEALTH CRES; Near,3/7/2019 2:38:36 PM,,
43649,15-031476,1423672500000,2015,2,11,16,35,0,Wednesday,541961.51593,4810515.23324,-80.481422,43.446372,At/near private drive,2,P.D. only,Not on roadway - right side,unknown,unknown,SMV other,Unknown,Daylight,01 - Daylight,Regional municipality,No control,unknown,0,0,0,False,False,False,Snow,,False,KING ST E; 505 KING ST E; 0 M,3/7/2019 2:38:35 PM,,
43650,15-031600,1423682760000,2015,2,11,19,26,0,Wednesday,542354.82296,4806422.0867,-80.476879,43.409495,Intersection related,2,P.D. only,Thru lane,unknown,unknown,Angle,Unknown,Dark,07 - Dark,Municipal (excl. Twp. Rd.),Stop sign,Functioning,0,0,0,False,False,False,Snow,,False,THE COUNTRY WY; TUERR DR ; 4 M,3/7/2019 2:38:34 PM,,
43651,15-031780,1423708680000,2015,2,12,2,38,0,Thursday,544910.62583,4812482.37929,-80.44481499999999,43.463913,Intersection related,2,P.D. only,Not on roadway - right side,unknown,unknown,SMV other,Unknown,"Dark, artificial","08 - Dark, artificial",Municipal (excl. Twp. Rd.),Stop sign,Functioning,0,0,0,False,False,False,Snow,,False,HALIFAX DR; NATCHEZ RD,3/7/2019 2:38:33 PM,,
43652,15-031870,1423726800000,2015,2,12,7,40,0,Thursday,539262.67474,4811202.10266,-80.514725,43.452703,At/near private drive,2,P.D. only,Thru lane,unknown,unknown,Other,Unknown,Daylight,01 - Daylight,Municipal (excl. Twp. Rd.),No control,unknown,0,0,0,False,False,False,Clear,,False,GLASGOW ST; At,3/7/2019 2:38:33 PM,,
43653,15-031911,1423732560000,2015,2,12,9,16,0,Thursday,536499.94564,4808671.17018,-80.54903999999999,43.430054,At intersection,2,P.D. only,Within intersection,unknown,unknown,Turning movement,Unknown,Daylight,01 - Daylight,Regional municipality,Stop sign,Functioning,0,0,0,False,False,False,Clear,,False,HIGHGATE RD ; VICTORIA ST S,3/7/2019 2:38:32 PM,,
43654,15-031914,1423728000000,2015,2,12,8,0,0,Thursday,546577.01715,4808417.25236,-80.42456299999999,43.427209,At/near private drive,2,P.D. only,Thru lane,unknown,unknown,SMV unattended vehicle,Unknown,Daylight,01 - Daylight,Municipal (excl. Twp. Rd.),No control,unknown,0,0,0,False,False,False,Clear,,False,MORGAN AVE; At,3/7/2019 2:38:31 PM,,
43655,15-032136,1423726800000,2015,2,12,7,40,0,Thursday,541481.79788,4810809.35383,-80.48732799999999,43.449047,Non intersection,2,P.D. only,Thru lane,unknown,unknown,Sideswipe,Unknown,Daylight,01 - Daylight,Regional municipality,No control,unknown,0,0,0,False,False,False,Clear,,False,KING ST E,3/7/2019 2:38:31 PM,,
43656,15-032162,1423752420000,2015,2,12,14,47,0,Thursday,539190.30154,4810387.71535,-80.515678,43.445374,At/near private drive,1,Non-fatal injury,Thru lane,unknown,unknown,Turning movement,Unknown,Daylight,01 - Daylight,Municipal (excl. Twp. Rd.),No control,unknown,0,0,0,False,False,False,Clear,,False,BRYBECK CRES; WESTMOUNT RD W; 1 K,3/7/2019 2:38:30 PM,,
43657,15-032243,1423730400000,2015,2,12,8,40,0,Thursday,547772.41056,4804357.18304,-80.41015,43.390577,Non intersection,2,P.D. only,Thru lane,unknown,unknown,Rear end,Unknown,Daylight,01 - Daylight,Municipal (excl. Twp. Rd.),No control,unknown,0,0,0,False,False,False,Clear,,False,CONESTOGA COLLEGE BV; DOON VALLEY DR; Near,3/7/2019 2:38:29 PM,,
43658,15-032460,1423778460000,2015,2,12,22,1,0,Thursday,539691.55296,4808360.78846,-80.509631,43.427096999999996,Non intersection,2,P.D. only,Thru lane,unknown,unknown,SMV unattended vehicle,Unknown,"Dark, artificial","08 - Dark, artificial",Municipal (excl. Twp. Rd.),No control,unknown,0,0,0,False,False,False,Clear,,False,RIPPLEWOOD CRES; 39 RIPPLEWOOD CRES; 6 M,3/7/2019 2:38:28 PM,,
43659,15-032514,1423784940000,2015,2,12,23,49,0,Thursday,541798.69575,4810621.39613,-80.483426,43.447337,At intersection,1,Non-fatal injury,Within intersection,unknown,unknown,Angle,Unknown,"Dark, artificial","08 - Dark, artificial",Regional municipality,Traffic signal,Functioning,0,0,0,False,False,False,Clear,,False,KING ST E; CEDAR ST N,3/7/2019 2:38:27 PM,,
43660,15-032625,1423814400000,2015,2,13,8,0,0,Friday,541418.18257,4808611.50426,-80.488281,43.429261,Intersection related,2,P.D. only,Thru lane,unknown,unknown,Rear end,Unknown,Daylight,01 - Daylight,Regional municipality,Traffic signal,Functioning,0,0,0,False,False,False,Clear,,False,HOMER WATSON BLVD ; W B HIGHWAY 7 8 ; 50 M,3/7/2019 2:38:26 PM,,
43661,15-032653,1423817100000,2015,2,13,8,45,0,Friday,546366.59235,4810778.32164,-80.426962,43.448481,Non intersection,2,P.D. only,Thru lane,unknown,unknown,SMV unattended vehicle,Unknown,Daylight,01 - Daylight,Municipal (excl. Twp. Rd.),No control,unknown,0,0,0,False,False,False,Clear,,False,SPRINGMOUNT DR; OLDFIELD DR ; 38 M,3/7/2019 2:38:25 PM,,
43662,15-032655,1423814400000,2015,2,13,8,0,0,Friday,541415.99041,4808612.60141,-80.48830799999999,43.429271,Intersection related,2,P.D. only,Thru lane,unknown,unknown,Rear end,Unknown,Daylight,01 - Daylight,Regional municipality,Traffic signal,Functioning,0,0,0,False,False,False,Clear,,False,HOMER WATSON BV; OFF RAMP HIGHWAY 7 ; 60 M,3/7/2019 2:38:24 PM,,
43663,15-032862,1423834020000,2015,2,13,13,27,0,Friday,549322.6729,4806283.03993,-80.390836,43.407817,At/near private drive,1,Non-fatal injury,Thru lane,unknown,unknown,Turning movement,Unknown,Daylight,01 - Daylight,Municipal (excl. Twp. Rd.),Stop sign,Functioning,0,0,0,False,False,False,Clear,,False,GATEWAY PARK DR ; SPORTSWORLD DR ; At; 200 M,3/7/2019 2:38:24 PM,,
43664,15-033005,1423844520000,2015,2,13,16,22,0,Friday,539818.03416,4809148.28832,-80.508011,43.434180999999995,At intersection,2,P.D. only,Within intersection,unknown,unknown,Rear end,Unknown,Daylight,01 - Daylight,Municipal (excl. Twp. Rd.),Stop sign,Functioning,0,0,0,False,False,False,Clear,,False,QUEENS BV; BLUERIDGE AV,3/7/2019 2:38:23 PM,,
43665,15-033038,1423837800000,2015,2,13,14,30,0,Friday,541581.1971,4810751.2147,-80.486104,43.448518,Intersection related,2,P.D. only,Within intersection,unknown,unknown,Turning movement,Unknown,Daylight,01 - Daylight,Regional municipality,Stop sign,Functioning,0,0,0,False,False,False,Clear,,False,KING ST E; SCOTT ST,3/7/2019 2:38:22 PM,,
43666,15-033042,1423846800000,2015,2,13,17,0,0,Friday,538128.44681,4807399.32002,-80.529009,43.418521,Non intersection,2,P.D. only,Thru lane,unknown,unknown,Approaching,Unknown,Daylight,01 - Daylight,Municipal (excl. Twp. Rd.),No control,unknown,0,0,0,False,False,False,Clear,,False,ROYAL ORCHARD DR; WINDY WOOD CRT ; 20 M,3/7/2019 2:38:21 PM,,
43667,15-033051,1423843200000,2015,2,13,16,0,0,Friday,549118.26787,4806320.86568,-80.393357,43.408170999999996,Intersection related,1,Non-fatal injury,Thru lane,unknown,unknown,Rear end,Unknown,Daylight,01 - Daylight,Regional municipality,Traffic signal,Functioning,0,0,0,False,False,False,Clear,,False,SPORTSWORLD DR; GATEWAY PARK DR; Near,3/7/2019 2:38:19 PM,,
43668,15-033105,1423843200000,2015,2,13,16,0,0,Friday,542480.79413,4806759.05979,-80.475297,43.412521999999996,Non intersection,2,P.D. only,Thru lane,unknown,unknown,Approaching,Unknown,Daylight,01 - Daylight,Municipal (excl. Twp. Rd.),No control,unknown,0,0,0,False,False,False,Clear,,False,CEDARHILL CRES; Near,3/7/2019 2:38:18 PM,,
43669,15-033166,1423857840000,2015,2,13,20,4,0,Friday,545050.01152,4810836.14295,-80.44322799999999,43.449082,At intersection,1,Non-fatal injury,Within intersection,unknown,unknown,Turning movement,Unknown,"Dark, artificial","08 - Dark, artificial",Municipal (excl. Twp. Rd.),Traffic signal,Functioning,0,0,0,False,False,False,Snow,,False,RIVER RD E; HOLBORN DR ; At,3/7/2019 2:38:17 PM,,
43670,15-033268,1423867680000,2015,2,13,22,48,0,Friday,542635.21313,4805358.33391,-80.47349899999999,43.399901,At intersection,2,P.D. only,Within intersection,unknown,unknown,Angle,Unknown,"Dark, artificial","08 - Dark, artificial",Municipal (excl. Twp. Rd.),Stop sign,Functioning,0,0,0,False,False,False,Snow,,False,MCBRINE DR; TRILLIUM DR; At,3/7/2019 2:38:17 PM,,
43671,15-033707,1423852200000,2015,2,13,18,30,0,Friday,539617.34101,4811374.87901,-80.510329,43.45424,At/near private drive,2,P.D. only,Thru lane,unknown,unknown,Turning movement,Unknown,Dusk,05 - Dusk,Municipal (excl. Twp. Rd.),No control,unknown,0,0,0,False,False,False,Snow,,False,GLASGOW ST; PARK ST; Near,3/7/2019 2:38:16 PM,,
43672,15-033864,1423945500000,2015,2,14,20,25,0,Saturday,539724.60029,4810981.02103,-80.50903199999999,43.450688,Non intersection,2,P.D. only,Thru lane,unknown,unknown,Rear end,Unknown,Dark,07 - Dark,Municipal (excl. Twp. Rd.),No control,unknown,0,0,0,False,False,False,Clear,,False,STRANGE ST; WAVERLY RD ; 80 M,3/7/2019 2:38:15 PM,,
43673,15-034393,1424019960000,2015,2,15,17,6,0,Sunday,538457.92371,4808480.91842,-80.524863,43.428242999999995,At/near private drive,2,P.D. only,Thru lane,unknown,unknown,Turning movement,Unknown,Daylight,01 - Daylight,Regional municipality,No control,unknown,0,0,0,False,False,False,Clear,,False,QUEENS BLVD ; FISCHER HALLMAN RD ; 250 M,3/7/2019 2:38:13 PM,,
43674,15-034708,1424072040000,2015,2,16,7,34,0,Monday,541264.94748,4809222.06757,-80.490128,43.434767,At/near private drive,2,P.D. only,Thru lane,unknown,unknown,Angle,Unknown,Daylight,01 - Daylight,Municipal (excl. Twp. Rd.),No control,unknown,0,0,0,False,False,False,Clear,,False,HIGHLAND RD E; 316 HIGHLAND RD E ; 1 M,3/7/2019 2:38:12 PM,,
43675,15-034980,1424017800000,2015,2,15,16,30,0,Sunday,545230.56196,4807754.8247,-80.44125199999999,43.421327,At/near private drive,2,P.D. only,Left turn lane,unknown,unknown,Sideswipe,Unknown,Daylight,01 - Daylight,Municipal (excl. Twp. Rd.),No control,unknown,0,0,0,False,False,False,Clear,,False,WILSON AVE ; FAIRWAY RD S; At; 60 M,3/7/2019 2:38:10 PM,,
43676,15-035040,1424015100000,2015,2,15,15,45,0,Sunday,538864.63914,4805855.89582,-80.52002499999999,43.404585999999995,Non intersection,1,Non-fatal injury,Thru lane,unknown,unknown,Sideswipe,Unknown,Daylight,01 - Daylight,Municipal (excl. Twp. Rd.),No control,unknown,0,0,0,False,False,False,Clear,,False,ACTIVA AV; DAVID BERGEY DR; Near,3/7/2019 2:38:09 PM,,
43677,15-035457,1424164860000,2015,2,17,9,21,0,Tuesday,538181.21604,4810347.27418,-80.528151,43.445062,At intersection,2,P.D. only,Within intersection,unknown,unknown,SMV other,Unknown,Daylight,01 - Daylight,Municipal (excl. Twp. Rd.),No control,unknown,0,0,0,False,False,False,Clear,,False,WESTWOOD DR ; WESTWOOD CRES ; At,3/7/2019 2:38:08 PM,,
43678,15-035485,1424156100000,2015,2,17,6,55,0,Tuesday,544812.68504,4813463.63167,-80.445945,43.472753999999995,At/near private drive,2,P.D. only,Thru lane,unknown,unknown,Turning movement,Unknown,Dark,07 - Dark,Municipal (excl. Twp. Rd.),No control,unknown,0,0,0,False,False,False,Clear,,False,BINGEMANS CENTRE DR; Near,3/7/2019 2:38:08 PM,,
43679,15-035711,1424182560000,2015,2,17,14,16,0,Tuesday,542346.73122,4806472.90183,-80.476975,43.409953,Non intersection,2,P.D. only,Thru lane,unknown,unknown,SMV unattended vehicle,Unknown,Daylight,01 - Daylight,Municipal (excl. Twp. Rd.),No control,unknown,0,0,0,False,False,False,Clear,,False,THE COUNTRY WAY; 147 THE COUNTRY WAY; 6 M,3/7/2019 2:38:07 PM,,
43680,15-035762,1424188080000,2015,2,17,15,48,0,Tuesday,544876.4743,4807937.26713,-80.445611,43.422990999999996,At/near private drive,1,Non-fatal injury,Thru lane,unknown,unknown,Turning movement,Unknown,Daylight,01 - Daylight,Regional municipality,No control,unknown,0,0,0,False,False,False,Clear,,False,WILSON AVE ; FAIRWAY RD S; Near; 8 M,3/7/2019 2:38:06 PM,,
43681,15-035766,1424188320000,2015,2,17,15,52,0,Tuesday,545466.45266,4808764.74128,-80.438254,43.430406,Non intersection,2,P.D. only,Thru lane,unknown,unknown,Angle,Unknown,Daylight,01 - Daylight,Municipal (excl. Twp. Rd.),No control,unknown,0,0,0,False,False,False,Clear,,False,KING ST E; KINZIE AVE ; 200 M,3/7/2019 2:38:05 PM,,
43682,15-035818,1424192400000,2015,2,17,17,0,0,Tuesday,541904.88621,4810552.08661,-80.482119,43.446706999999996,At intersection,1,Non-fatal injury,Within intersection,unknown,unknown,SMV other,Unknown,Daylight,01 - Daylight,Regional municipality,Stop sign,Functioning,0,0,0,True,False,False,Clear,,False,KING ST E; MADISON AVE S; At; 0 M,3/7/2019 2:38:04 PM,,
43683,15-036148,1424248140000,2015,2,18,8,29,0,Wednesday,543030.31511,4811691.22982,-80.468121,43.456900000000005,At/near private drive,2,P.D. only,Thru lane,unknown,unknown,SMV unattended vehicle,Unknown,Daylight,01 - Daylight,Municipal (excl. Twp. Rd.),No control,unknown,0,0,0,False,False,False,Clear,,False,BOURNEMOUTH AVE; 9 BOURNEMOUTH AVE; Near; 2 M,3/7/2019 2:38:03 PM,,
43684,15-036152,1424246400000,2015,2,18,8,0,0,Wednesday,545574.01953,4810765.03134,-80.436758,43.448409999999996,At/near private drive,2,P.D. only,Thru lane,unknown,unknown,Other,Unknown,Daylight,01 - Daylight,Municipal (excl. Twp. Rd.),No control,unknown,0,0,0,False,False,False,Clear,,False,OLD CHICOPEE DR,3/7/2019 2:38:01 PM,,
43685,15-036173,1424248800000,2015,2,18,8,40,0,Wednesday,539338.7732,4806003.79744,-80.51415899999999,43.405893,Non intersection,2,P.D. only,Right shoulder,unknown,unknown,SMV unattended vehicle,Unknown,Daylight,01 - Daylight,Municipal (excl. Twp. Rd.),No control,unknown,0,0,0,False,False,False,Clear,,False,ACTIVA AVE; MAX BECKER DR ; Near; 150 M,3/7/2019 2:38:01 PM,,
43686,15-036494,1424277360000,2015,2,18,16,36,0,Wednesday,541068.0,4811108.0,0.0,0.0,At/near private drive,2,P.D. only,Left shoulder,unknown,unknown,SMV unattended vehicle,Unknown,Daylight,01 - Daylight,Municipal (excl. Twp. Rd.),Stop sign,Functioning,0,0,0,False,False,False,Snow,,False,PINEGLEN CRES ; 262 PINEGLEN CRES ; Near; 10 M,3/7/2019 2:38:00 PM,,
43687,15-036531,1424275200000,2015,2,18,16,0,0,Wednesday,539751.57476,4811442.30613,-80.508665,43.45484,Non intersection,2,P.D. only,Thru lane,unknown,unknown,Approaching,Unknown,Daylight,01 - Daylight,Municipal (excl. Twp. Rd.),No control,unknown,0,0,0,False,False,False,Snow,,False,WALTER ST ; PARK ST; Near,3/7/2019 2:37:59 PM,,