OBJECTID,ACCIDENTNUM,ACCIDENTDATE,ACCIDENT_YEAR,ACCIDENT_MONTH,ACCIDENT_DAY,ACCIDENT_HOUR,ACCIDENT_MINUTE,ACCIDENT_SECOND,ACCIDENT_WEEKDAY,XCOORD,YCOORD,LONGITUDE,LATITUDE,ACCIDENTLOCATION,COLLISIONTYPE,CLASSIFICATIONOFACCIDENT,IMPACTLOCATION,INITIALDIRECTIONOFTRAVELONE,INITIALDIRECTIONOFTRAVELTWO,INITIALIMPACTTYPE,INTTRAFFICCONTROL,LIGHT,LIGHTFORREPORT,ROADJURISDICTION,TRAFFICCONTROL,TRAFFICCONTROLCONDITION,THRULANENO,NORTHBOUNDDISOBEYCOUNT,SOUTHBOUNDDISOBEYCOUNT,PEDESTRIANINVOLVED,CYCLISTINVOLVED,MOTORCYCLISTINVOLVED,ENVIRONMENTCONDITION1,ENVIRONMENTCONDITION2,SELFREPORTED,XMLIMPORTNOTES,LASTEDITEDDATE,CREATE_BY,CREATE_DATE
43688,15-036775,1424317800000,2015,2,19,3,50,0,Thursday,544196.65795,4812553.06933,-80.45363499999999,43.464591999999996,At/near private drive,2,P.D. only,Right shoulder,unknown,unknown,SMV other,Unknown,Dark,07 - Dark,Municipal (excl. Twp. Rd.),No control,unknown,0,0,0,False,False,False,Snow,,False,FORFAR AVE; 94 FORFAR AVE; At; 0 M,3/7/2019 2:37:59 PM,,
43689,15-036784,1424317800000,2015,2,19,3,50,0,Thursday,544194.30772,4812553.72029,-80.453664,43.464597999999995,At/near private drive,2,P.D. only,Right shoulder,unknown,unknown,SMV other,Unknown,Dark,07 - Dark,Municipal (excl. Twp. Rd.),No control,unknown,0,0,0,False,False,False,Snow,,False,FORFAR AVE; 94 FORFAR AVE; At; 0 M,3/7/2019 2:37:58 PM,,
43690,15-036921,1424340000000,2015,2,19,10,0,0,Thursday,540703.32043,4812254.5155,-80.496841,43.462102,Non intersection,2,P.D. only,Thru lane,unknown,unknown,Sideswipe,Unknown,Daylight,01 - Daylight,Municipal (excl. Twp. Rd.),No control,unknown,0,0,0,False,False,False,Clear,,False,GUELPH ST; AHRENS ST W; 5 M,3/7/2019 2:37:57 PM,,
43691,15-037054,1424334600000,2015,2,19,8,30,0,Thursday,541909.63026,4808342.99508,-80.48223,43.426815999999995,Intersection related,2,P.D. only,Thru lane,unknown,unknown,Rear end,Unknown,Daylight,01 - Daylight,Regional municipality,Traffic signal,Functioning,0,0,0,False,False,False,Other,,False,HOMER WATSON BV; OTTAWA ST S,3/7/2019 2:37:56 PM,,
43692,15-037209,1424363100000,2015,2,19,16,25,0,Thursday,542122.83899,4810481.14382,-80.47943099999999,43.446056,At/near private drive,2,P.D. only,Thru lane,unknown,unknown,Turning movement,Unknown,Daylight,01 - Daylight,Regional municipality,No control,unknown,0,0,0,False,False,False,Snow,,False,BETZNER AVE N; BETZNER AV N; 1 M,3/7/2019 2:37:55 PM,,
43693,15-037219,1424364240000,2015,2,19,16,44,0,Thursday,539003.71367,4811280.34098,-80.51791999999999,43.453421,At intersection,2,P.D. only,Within intersection,unknown,unknown,Turning movement,Unknown,Daylight,01 - Daylight,Municipal (excl. Twp. Rd.),Traffic signal,Functioning,0,0,1,False,False,False,Clear,,False,BELMONT AVE W; CLAREMONT AVE ; At; 20 M,3/7/2019 2:37:54 PM,,
43694,15-037229,1424364840000,2015,2,19,16,54,0,Thursday,540092.39853,4811870.57841,-80.504421,43.458678,Other,2,P.D. only,Off highway,unknown,unknown,Angle,Unknown,Daylight,01 - Daylight,Private property,No control,unknown,0,0,0,False,False,False,Snow,,False,MOORE AVE ; MOORE AVE,3/7/2019 2:37:54 PM,,
43695,15-037699,1424423400000,2015,2,20,9,10,0,Friday,539112.12915,4811127.48285,-80.51659099999999,43.452039,At/near private drive,1,Non-fatal injury,Right turn lane,unknown,unknown,Turning movement,Unknown,Daylight,01 - Daylight,Municipal (excl. Twp. Rd.),Traffic signal,Functioning,0,0,0,False,False,False,Clear,,False,GLASGOW ST; Near,3/7/2019 2:37:53 PM,,
43696,15-037758,1424433060000,2015,2,20,11,51,0,Friday,544881.24412,4811197.19127,-80.445284,43.452343,At/near private drive,2,P.D. only,Thru lane,unknown,unknown,Turning movement,Unknown,Daylight,01 - Daylight,Municipal (excl. Twp. Rd.),No control,unknown,0,0,0,False,False,False,Clear,,False,RIVER RD E; OTTAWA ST N; Near; 62 M,3/7/2019 2:37:52 PM,,
43697,15-037926,1424446800000,2015,2,20,15,40,0,Friday,542629.62435,4803998.36099,-80.473674,43.387656,At intersection,2,P.D. only,Within intersection,unknown,unknown,Turning movement,Unknown,Daylight,01 - Daylight,Regional municipality,Stop sign,Functioning,0,0,0,False,False,False,Clear,,False,HURON RD ; FEATHERSTONE ST ; At,3/7/2019 2:37:51 PM,,
43698,15-038032,1424456640000,2015,2,20,18,24,0,Friday,540871.66465,4810267.20169,-80.49490899999999,43.444199,At intersection,2,P.D. only,Within intersection,unknown,unknown,Turning movement,Unknown,Daylight,01 - Daylight,Municipal (excl. Twp. Rd.),Stop sign,Functioning,0,0,0,False,False,False,Clear,,False,MILL ST; MILL ST ; 12 M,3/7/2019 2:37:51 PM,,
43699,15-038263,1424478120000,2015,2,21,0,22,0,Saturday,540776.14387,4811155.5581,-80.496023,43.452203,Non intersection,2,P.D. only,Right shoulder,unknown,unknown,SMV unattended vehicle,Unknown,Dark,07 - Dark,Regional municipality,No control,unknown,0,0,0,False,False,False,Clear,,False,KING ST W; FRANCIS ST N; 30 M,3/7/2019 2:37:50 PM,,
43700,15-038480,1424516040000,2015,2,21,10,54,0,Saturday,539674.03511,4805818.73386,-80.510032,43.404208999999994,Non intersection,2,P.D. only,Thru lane,unknown,unknown,SMV unattended vehicle,Unknown,Daylight,01 - Daylight,Municipal (excl. Twp. Rd.),No control,unknown,0,0,0,False,False,False,Snow,,False,MAX BECKER DR; LEMONBALM ST ; 37 M,3/7/2019 2:37:49 PM,,
43701,15-038485,1424516760000,2015,2,21,11,6,0,Saturday,538900.43253,4811469.65849,-80.519183,43.455131,At intersection,2,P.D. only,Within intersection,unknown,unknown,Turning movement,Unknown,Daylight,01 - Daylight,Municipal (excl. Twp. Rd.),Traffic signal,Functioning,0,0,0,False,False,False,Snow,,False,UNION BV; BELMONT AVE W,3/7/2019 2:37:48 PM,,
43702,15-038561,1424523420000,2015,2,21,12,57,0,Saturday,543259.61741,4807373.8436,-80.46562899999999,43.418012999999995,Non intersection,2,P.D. only,Thru lane,unknown,unknown,Approaching,Unknown,Daylight,01 - Daylight,Municipal (excl. Twp. Rd.),No control,unknown,0,0,0,False,False,False,Snow,,False,FALLOWFIELD DR; BLOCK LINE RD ; Near; 200 M,3/7/2019 2:37:48 PM,,
43703,15-038573,1424524800000,2015,2,21,13,20,0,Saturday,540806.94558,4810879.09061,-80.495663,43.449712,At intersection,2,P.D. only,Within intersection,unknown,unknown,Angle,Unknown,Daylight,01 - Daylight,Municipal (excl. Twp. Rd.),Traffic signal,Functioning,0,0,0,False,False,False,Clear,,False,JOSEPH ST; WATER ST S; At,3/7/2019 2:37:47 PM,,
43704,15-038702,1424536440000,2015,2,21,16,34,0,Saturday,541295.35705,4808670.39102,-80.489794,43.429798,Non intersection,2,P.D. only,Thru lane,unknown,unknown,Approaching,Unknown,Daylight,01 - Daylight,Regional municipality,No control,unknown,0,0,0,False,False,False,Snow,,False,HOMER WATSON BV; HOFFMAN ST ; 157 M,3/7/2019 2:37:46 PM,,
43705,15-039192,1424524500000,2015,2,21,13,15,0,Saturday,541005.24789,4811400.95002,-80.493173,43.4544,At/near private drive,2,P.D. only,Thru lane,unknown,unknown,Angle,Unknown,Daylight,01 - Daylight,Municipal (excl. Twp. Rd.),No control,unknown,0,0,0,False,False,False,Snow,,False,HEIT LN; WEBER ST W; Near,3/7/2019 2:37:46 PM,,
43706,15-039702,1424678700000,2015,2,23,8,5,0,Monday,543115.93955,4804720.67642,-80.467613,43.394132,At/near private drive,1,Non-fatal injury,Thru lane,unknown,unknown,Turning movement,Unknown,Daylight,01 - Daylight,Municipal (excl. Twp. Rd.),No control,unknown,0,0,0,False,False,False,Clear,,False,STRASBURG RD; 1825 STRASBURG RD; At; 1 M,3/7/2019 2:37:45 PM,,
43707,15-039756,1424683980000,2015,2,23,9,33,0,Monday,541073.78761,4808223.90584,-80.492565,43.42579,Non intersection,2,P.D. only,Thru lane,unknown,unknown,SMV other,Unknown,Daylight,01 - Daylight,Municipal (excl. Twp. Rd.),No control,unknown,0,0,0,False,False,False,Clear,,False,CHANDLER DR; 85 CHANDLER DR; 2 M,3/7/2019 2:37:44 PM,,
43708,15-039851,1424541600000,2015,2,21,18,0,0,Saturday,546434.15541,4808592.63428,-80.426313,43.428796999999996,At/near private drive,2,P.D. only,Thru lane,unknown,unknown,SMV unattended vehicle,Unknown,Daylight,01 - Daylight,Municipal (excl. Twp. Rd.),No control,unknown,0,0,0,False,False,False,Clear,,False,PEPPERWOOD CRES; At,3/7/2019 2:37:44 PM,,
43709,15-040163,1424711700000,2015,2,23,17,15,0,Monday,539502.18179,4806694.65806,-80.512091,43.412105,At/near private drive,2,P.D. only,Thru lane,unknown,unknown,Other,Unknown,Daylight,01 - Daylight,Municipal (excl. Twp. Rd.),No control,unknown,0,0,0,False,False,False,Clear,,False,QUEEN CHARLOTTE CRES; At,3/7/2019 2:37:43 PM,,
43710,15-040401,1424767260000,2015,2,24,8,41,0,Tuesday,543216.29883,4804528.62741,-80.46638899999999,43.392396999999995,At intersection,2,P.D. only,Within intersection,unknown,unknown,Angle,Unknown,Daylight,01 - Daylight,Regional municipality,Yield sign,Functioning,0,0,0,False,False,False,Clear,,False,HURON RD ; STRASBURG RD ; At,3/7/2019 2:37:42 PM,,
43711,15-040537,1424778300000,2015,2,24,11,45,0,Tuesday,545068.15322,4811087.82035,-80.442983,43.451347,At/near private drive,2,P.D. only,Thru lane,unknown,unknown,Turning movement,Unknown,Daylight,01 - Daylight,Municipal (excl. Twp. Rd.),Stop sign,Functioning,0,0,0,False,False,False,Clear,,False,RIVER RD E; OTTAWA ST N; At; 100 M,3/7/2019 2:37:41 PM,,
43712,15-040679,1424788500000,2015,2,24,14,35,0,Tuesday,543204.37795,4804493.0117,-80.466539,43.392077,At intersection,2,P.D. only,Within intersection,unknown,unknown,Turning movement,Unknown,Daylight,01 - Daylight,Regional municipality,Yield sign,Functioning,0,0,1,False,False,False,Clear,,False,STRASBURG RD; HURON RD; At,3/7/2019 2:37:40 PM,,
43713,15-040726,1424795280000,2015,2,24,16,28,0,Tuesday,539296.03299,4811572.797,-80.514286,43.456039,At intersection,2,P.D. only,Within intersection,unknown,unknown,Turning movement,Unknown,Daylight,01 - Daylight,Municipal (excl. Twp. Rd.),Stop sign,Functioning,0,0,0,False,False,False,Snow,,False,MT HOPE ST; PARK ST; At,3/7/2019 2:37:39 PM,,
43714,15-040774,1424798880000,2015,2,24,17,28,0,Tuesday,544907.32964,4806317.08376,-80.445363,43.408401,At/near private drive,2,P.D. only,Off highway,unknown,unknown,SMV other,Unknown,Dark,07 - Dark,Municipal (excl. Twp. Rd.),No control,unknown,0,0,0,False,False,False,Snow,,False,WABANAKI DR ; 655 WABANAKI DR; At; 2 M,3/7/2019 2:37:38 PM,,
43715,15-041090,1424849400000,2015,2,25,7,30,0,Wednesday,541233.18258,4810948.65444,-80.49038999999999,43.450314999999996,At intersection,2,P.D. only,Within intersection,unknown,unknown,Angle,Unknown,Daylight,01 - Daylight,Regional municipality,Traffic signal,Functioning,0,0,0,False,False,False,Clear,,False,KING ST W; ONTARIO ST N; At,3/7/2019 2:37:38 PM,,
43716,15-041187,1424857260000,2015,2,25,9,41,0,Wednesday,539503.05873,4806102.04548,-80.512123,43.406769,At/near private drive,2,P.D. only,Thru lane,unknown,unknown,Turning movement,Unknown,Daylight,01 - Daylight,Regional municipality,Stop sign,Functioning,0,0,0,False,False,False,Clear,,False,ACTIVA AVE; BRIDLEWREATH ST; Near; 10 M,3/7/2019 2:37:37 PM,,
43717,15-041296,1424853000000,2015,2,25,8,30,0,Wednesday,543988.52649,4807775.82245,-80.456593,43.421589999999995,Intersection related,2,P.D. only,Thru lane,unknown,unknown,Rear end,Unknown,Daylight,01 - Daylight,Municipal (excl. Twp. Rd.),Stop sign,Functioning,0,0,0,False,False,False,Clear,,False,TRAYNOR AVE ; SIEBERT AVE ; At,3/7/2019 2:37:36 PM,,
43718,15-041304,1424866800000,2015,2,25,12,20,0,Wednesday,542011.09062,4810480.89078,-80.480812,43.446059999999996,At intersection,2,P.D. only,Within intersection,unknown,unknown,Angle,Unknown,Daylight,01 - Daylight,Regional municipality,Stop sign,Functioning,0,0,0,False,False,False,Clear,,False,KING ST E; CAMERON ST N; At,3/7/2019 2:37:35 PM,,
43719,15-041486,1424882400000,2015,2,25,16,40,0,Wednesday,546064.98401,4809491.70617,-80.430798,43.436915,At intersection,2,P.D. only,Within intersection,unknown,unknown,Angle,Unknown,Daylight,01 - Daylight,Municipal (excl. Twp. Rd.),Traffic signal,Functioning,0,1,0,False,False,False,Clear,,False,RIVER RD E; KINZIE AVE ; At,3/7/2019 2:37:35 PM,,
43720,15-041497,1424862000000,2015,2,25,11,0,0,Wednesday,547460.65435,4810010.93951,-80.413508,43.441503,Non intersection,2,P.D. only,Thru lane,unknown,unknown,SMV unattended vehicle,Unknown,Daylight,01 - Daylight,Municipal (excl. Twp. Rd.),No control,unknown,0,0,0,False,False,False,Clear,,False,TREMAINE CR; TREMAINE DR; Near,3/7/2019 2:37:34 PM,,
43721,15-041573,1424885100000,2015,2,25,17,25,0,Wednesday,538183.13533,4808964.91371,-80.528224,43.432615,At/near private drive,2,P.D. only,Thru lane,unknown,unknown,SMV other,Unknown,Daylight,01 - Daylight,Municipal (excl. Twp. Rd.),No control,unknown,0,0,0,False,False,False,Clear,,False,BANKSIDE DR; 34 BANKSIDE DR; Near,3/7/2019 2:37:33 PM,,
43722,15-041829,1424880000000,2015,2,25,16,0,0,Wednesday,540021.95051,4807422.16771,-80.505618,43.418628,At/near private drive,2,P.D. only,Thru lane,unknown,unknown,SMV unattended vehicle,Unknown,Daylight,01 - Daylight,Municipal (excl. Twp. Rd.),No control,unknown,0,0,0,False,False,False,Clear,,False,HILLSBOROUGH CRES; Near,3/7/2019 2:37:32 PM,,
43723,15-041964,1424942100000,2015,2,26,9,15,0,Thursday,547182.54128,4808097.38035,-80.41711,43.424291,Non intersection,2,P.D. only,Thru lane,unknown,unknown,Angle,Unknown,Daylight,01 - Daylight,Municipal (excl. Twp. Rd.),No control,unknown,0,0,0,False,False,False,Clear,,False,WOODVIEW CRES,3/7/2019 2:37:32 PM,,
43724,15-042030,1424952060000,2015,2,26,12,1,0,Thursday,539019.77389,4811245.4497,-80.517724,43.453106,Non intersection,2,P.D. only,Thru lane,unknown,unknown,Other,Unknown,Daylight,01 - Daylight,Municipal (excl. Twp. Rd.),No control,unknown,0,0,0,False,False,False,Clear,,False,BELMONT AV W; CLAREMONT AV; Near; 40 M,3/7/2019 2:37:31 PM,,
43725,15-042074,1424955600000,2015,2,26,13,0,0,Thursday,538900.42676,4811470.658,-80.519183,43.45514,At intersection,2,P.D. only,Within intersection,unknown,unknown,Turning movement,Unknown,Daylight,01 - Daylight,Municipal (excl. Twp. Rd.),Traffic signal,Functioning,0,0,0,False,False,False,Clear,,False,UNION BLVD ; BELMONT AVE W; At,3/7/2019 2:37:30 PM,,
43726,15-042242,1424934300000,2015,2,26,7,5,0,Thursday,544784.73084,4809014.17917,-80.44665599999999,43.432693,At intersection,2,P.D. only,Within intersection,unknown,unknown,Turning movement,Unknown,Daylight,01 - Daylight,Municipal (excl. Twp. Rd.),Stop sign,Functioning,0,0,0,False,False,False,Clear,,False,NINTH AVE ; KINGSWAY DR,3/7/2019 2:37:29 PM,,
43727,15-042271,1424524500000,2015,2,21,13,15,0,Saturday,538219.12774,4808354.95153,-80.527822,43.427121,Intersection related,1,Non-fatal injury,Thru lane,unknown,unknown,Rear end,Unknown,Daylight,01 - Daylight,Municipal (excl. Twp. Rd.),Traffic signal,Functioning,0,0,0,False,False,False,Snow,,False,QUEENS BV; ELM RIDGE DR,3/7/2019 2:37:29 PM,,
43728,15-042431,1424992260000,2015,2,26,23,11,0,Thursday,544305.34547,4808408.94749,-80.45262799999999,43.427271999999995,Non intersection,2,P.D. only,Thru lane,unknown,unknown,SMV unattended vehicle,Unknown,"Dark, artificial","08 - Dark, artificial",Municipal (excl. Twp. Rd.),No control,unknown,0,0,0,False,False,False,Clear,,False,FRANKLIN ST S; WILSON AVE ; 61 M,3/7/2019 2:37:28 PM,,
43729,15-042490,1425003600000,2015,2,27,2,20,0,Friday,539782.17725,4805385.79115,-80.50872799999999,43.400304999999996,Non intersection,2,P.D. only,Not on roadway - right side,unknown,unknown,SMV other,Unknown,Dark,07 - Dark,Regional municipality,No control,unknown,0,0,0,False,False,False,Clear,,False,BLEAMS RD ; DONNENWERTH DR ; Near; 100 M,3/7/2019 2:37:27 PM,,
43730,15-042572,1425023400000,2015,2,27,7,50,0,Friday,541766.17634,4808699.05594,-80.483975,43.430029999999995,At/near private drive,2,P.D. only,Thru lane,unknown,unknown,SMV unattended vehicle,Unknown,Daylight,01 - Daylight,Municipal (excl. Twp. Rd.),No control,unknown,0,0,0,False,False,False,Clear,,False,KEHL ST; OTTAWA ST S; 70 M,3/7/2019 2:37:26 PM,,
43731,15-042582,1425023820000,2015,2,27,7,57,0,Friday,546267.18281,4809180.6721,-80.428326,43.434101999999996,At/near private drive,1,Non-fatal injury,Thru lane,unknown,unknown,Turning movement,Unknown,Daylight,01 - Daylight,Regional municipality,No control,unknown,0,0,0,False,False,False,Clear,,False,RIVER RD E; 1401 RIVER RD E; At; 3 M,3/7/2019 2:37:26 PM,,
43732,15-042622,1425027480000,2015,2,27,8,58,0,Friday,543646.56131,4811767.71637,-80.460498,43.457553,At intersection,2,P.D. only,Within intersection,unknown,unknown,Angle,Unknown,Daylight,01 - Daylight,Municipal (excl. Twp. Rd.),Stop sign,Functioning,0,0,0,False,False,False,Clear,,False,KRUG ST; SHERWOOD AV; At,3/7/2019 2:37:25 PM,,
43733,15-042688,1424959200000,2015,2,26,14,0,0,Thursday,538827.65798,4806048.81651,-80.520468,43.406324999999995,At/near private drive,2,Non-reportable,Thru lane,unknown,unknown,Other,Unknown,Daylight,01 - Daylight,Municipal (excl. Twp. Rd.),No control,unknown,0,0,0,False,False,False,Clear,,False,PEACH BLOSSOM CRES; At,3/7/2019 2:37:24 PM,,
43734,15-042984,1425055200000,2015,2,27,16,40,0,Friday,542351.83401,4811847.30509,-80.476495,43.458344,At intersection,1,Non-fatal injury,Within intersection,unknown,unknown,Angle,Stop sign,Daylight,01 - Daylight,Municipal (excl. Twp. Rd.),Stop sign,Functioning,0,0,0,False,False,False,Clear,,False,MANSION ST ; DUNHAM AVE,3/7/2019 2:37:24 PM,,
43735,15-043102,1425056100000,2015,2,27,16,55,0,Friday,540955.39981,4806790.613,-80.494135,43.412890999999995,At intersection,2,P.D. only,Within intersection,unknown,unknown,Turning movement,Unknown,Daylight,01 - Daylight,Municipal (excl. Twp. Rd.),Stop sign,Functioning,0,0,0,False,False,False,Clear,,False,RADCLIFFE DR; BRIARGATE DR; At,3/7/2019 2:37:23 PM,,
43736,15-043246,1425081240000,2015,2,27,23,54,0,Friday,545802.02398,4812137.08874,-80.433825,43.46075,Non intersection,2,P.D. only,Thru lane,unknown,unknown,SMV unattended vehicle,Unknown,"Dark, artificial","08 - Dark, artificial",Municipal (excl. Twp. Rd.),No control,unknown,0,0,0,False,False,False,Clear,,False,DENLOW ST; NOMAD CT; 20 M,3/7/2019 2:37:22 PM,,
43737,15-043340,1425081240000,2015,2,27,23,54,0,Friday,545802.02398,4812137.08874,-80.433825,43.46075,Non intersection,2,P.D. only,Thru lane,unknown,unknown,SMV unattended vehicle,Unknown,"Dark, artificial","08 - Dark, artificial",Municipal (excl. Twp. Rd.),No control,unknown,0,0,0,False,False,False,Clear,,False,DENLOW ST; NOMAD CT; 20 M,3/7/2019 2:37:21 PM,,
43738,15-043547,1425124980000,2015,2,28,12,3,0,Saturday,540432.36369,4805967.94427,-80.50065599999999,43.405511999999995,Non intersection,2,P.D. only,Thru lane,unknown,unknown,Rear end,Unknown,Daylight,01 - Daylight,Municipal (excl. Twp. Rd.),No control,unknown,0,0,0,False,False,False,Clear,,False,MAX BECKER DR ; FISCHER HALLMAN RD ; 55 M,3/7/2019 2:37:21 PM,,
43739,15-043679,1425136020000,2015,2,28,15,7,0,Saturday,545365.63136,4811021.51255,-80.439312,43.450731999999995,Non intersection,2,P.D. only,Thru lane,unknown,unknown,Sideswipe,Unknown,Daylight,01 - Daylight,Municipal (excl. Twp. Rd.),No control,unknown,0,0,0,False,False,False,Clear,,False,HOLBORN DR; OLD CHICOPEE DR ; 25 M,3/7/2019 2:37:19 PM,,
43740,15-044002,1425177000000,2015,3,1,2,30,0,Sunday,542072.27958,4809324.34523,-80.480145,43.435643,Non intersection,2,P.D. only,Not on roadway - left side,unknown,unknown,SMV other,Unknown,Dark,07 - Dark,Municipal (excl. Twp. Rd.),No control,unknown,0,0,0,False,False,False,Clear,,False,GRENVILLE AVE; 52 GRENVILLE AVE ; 30 M,3/7/2019 2:37:18 PM,,
43741,15-044281,1425219480000,2015,3,1,14,18,0,Sunday,541500.28421,4812642.54015,-80.48696,43.465551999999995,At intersection,2,P.D. only,Within intersection,unknown,unknown,Angle,Unknown,Daylight,01 - Daylight,Municipal (excl. Twp. Rd.),Stop sign,Functioning,0,0,0,False,False,False,Clear,,False,GUELPH ST; ARNOLD ST,3/7/2019 2:37:18 PM,,
43742,15-044359,1425218400000,2015,3,1,14,0,0,Sunday,539705.28422,4811279.43965,-80.509249,43.453376,At/near private drive,2,P.D. only,Right shoulder,unknown,unknown,SMV unattended vehicle,Unknown,Daylight,01 - Daylight,Municipal (excl. Twp. Rd.),No control,unknown,0,0,0,False,False,False,Clear,,False,PARK ST,3/7/2019 2:37:17 PM,,
43743,15-044673,1425128400000,2015,2,28,13,0,0,Saturday,539006.62727,4805834.94688,-80.518273,43.40439,At/near private drive,2,P.D. only,Thru lane,unknown,unknown,SMV unattended vehicle,Unknown,Daylight,01 - Daylight,Municipal (excl. Twp. Rd.),No control,unknown,0,0,0,False,False,False,Clear,,False,MOUNTAIN LAUREL CRES,3/7/2019 2:37:16 PM,,
43744,15-044785,1425294420000,2015,3,2,11,7,0,Monday,540736.60358,4810334.57589,-80.496573,43.444812999999996,Intersection related,2,P.D. only,Thru lane,unknown,unknown,SMV unattended vehicle,Unknown,Daylight,01 - Daylight,Municipal (excl. Twp. Rd.),No control,unknown,0,0,0,False,False,False,Snow,,False,DAVID ST; SCHNEIDER AVE ; Near,3/7/2019 2:37:15 PM,,
43745,15-045145,1425330180000,2015,3,2,21,3,0,Monday,541342.41685,4809061.17014,-80.489183,43.433313999999996,At intersection,2,P.D. only,Within intersection,unknown,unknown,Angle,Unknown,"Dark, artificial","08 - Dark, artificial",Municipal (excl. Twp. Rd.),Stop sign,Functioning,0,0,0,False,False,False,Clear,,False,HEIMAN ST; HIGHLAND RD E; At,3/7/2019 2:37:13 PM,,
43746,15-045353,1425371580000,2015,3,3,8,33,0,Tuesday,539771.53524,4809841.58924,-80.508535,43.440425999999995,Intersection related,2,P.D. only,Thru lane,unknown,unknown,Turning movement,Unknown,Daylight,01 - Daylight,Municipal (excl. Twp. Rd.),No control,unknown,0,0,0,False,False,False,Rain,,False,BELMONT AVE W; BURN PL ; Near; 2 M,3/7/2019 2:37:13 PM,,
43747,15-045505,1425384060000,2015,3,3,12,1,0,Tuesday,540938.40922,4811215.8485,-80.494013,43.452737,At intersection,2,P.D. only,Within intersection,unknown,unknown,Angle,Unknown,Daylight,01 - Daylight,Municipal (excl. Twp. Rd.),Traffic signal,Functioning,0,0,0,False,False,False,Snow,,False,WATER ST N; DUKE ST W; At,3/7/2019 2:37:12 PM,,
43748,15-045534,1425386580000,2015,3,3,12,43,0,Tuesday,545257.58542,4802996.47064,-80.441312,43.378481,At intersection,1,Non-fatal injury,Within intersection,unknown,unknown,Turning movement,Unknown,Daylight,01 - Daylight,Municipal (excl. Twp. Rd.),Stop sign,Functioning,0,0,0,False,False,False,Snow,,False,ROBERT FERRIE DR; FOREST CREEK DR,3/7/2019 2:37:11 PM,,
43749,15-045542,1425386700000,2015,3,3,12,45,0,Tuesday,539080.76202,4811108.97584,-80.51697999999999,43.451874,At/near private drive,1,Non-fatal injury,Left turn lane,unknown,unknown,Turning movement,Unknown,Daylight,01 - Daylight,Municipal (excl. Twp. Rd.),Traffic signal,Functioning,0,0,0,False,False,False,Snow,,False,GLASGOW ST ; BELMONT AVE W; 28 M,3/7/2019 2:37:10 PM,,
43750,15-045732,1425395400000,2015,3,3,15,10,0,Tuesday,544133.45259,4808341.85015,-80.454757,43.426677999999995,Non intersection,2,P.D. only,Thru lane,unknown,unknown,Sideswipe,Unknown,Daylight,01 - Daylight,Municipal (excl. Twp. Rd.),No control,unknown,0,0,0,False,False,False,Snow,,False,HARBER AVE ; BYRON AVE ; Near; 10 M,3/7/2019 2:37:09 PM,,
43751,15-045761,1425406440000,2015,3,3,18,14,0,Tuesday,544731.60983,4811506.2825,-80.447108,43.455135,At intersection,1,Non-fatal injury,Within intersection,unknown,unknown,Turning movement,Unknown,"Dark, artificial","08 - Dark, artificial",Regional municipality,Stop sign,Functioning,0,0,0,False,False,False,Snow,,False,RIVER RD E; GIBSON DR; At,3/7/2019 2:37:08 PM,,
43752,15-045776,1425334500000,2015,3,2,22,15,0,Monday,540291.61747,4805848.26824,-80.502403,43.404441999999996,Non intersection,2,P.D. only,Not on roadway - right side,unknown,unknown,SMV unattended vehicle,Unknown,"Dark, artificial","08 - Dark, artificial",Municipal (excl. Twp. Rd.),No control,unknown,0,0,0,False,False,False,Clear,,False,MAX BECKER DR; At,3/7/2019 2:37:06 PM,,
43753,15-045784,1425322800000,2015,3,2,19,0,0,Monday,542357.70168,4810810.58039,-80.476503,43.449009,Non intersection,2,P.D. only,Thru lane,unknown,unknown,SMV unattended vehicle,Unknown,Dark,07 - Dark,Municipal (excl. Twp. Rd.),No control,unknown,0,0,0,False,False,False,Clear,,False,CAMERON ST N; TROY ST ; Near,3/7/2019 2:37:06 PM,,
43754,15-045823,1425413760000,2015,3,3,20,16,0,Tuesday,540539.32574,4810992.64642,-80.49896199999999,43.450748999999995,At/near private drive,1,Non-fatal injury,Thru lane,unknown,unknown,Turning movement,Unknown,Dark,07 - Dark,Municipal (excl. Twp. Rd.),No control,unknown,0,0,0,False,False,False,Freezing Rain,,False,JOSEPH ST ; JOSEPH ST ; At; 0 M,3/7/2019 2:37:05 PM,,
43755,15-046044,1425405600000,2015,3,3,18,0,0,Tuesday,541014.53055,4809675.44651,-80.49318799999999,43.438863,At intersection,2,P.D. only,Within intersection,unknown,unknown,Turning movement,Unknown,Daylight,01 - Daylight,Regional municipality,Traffic signal,Functioning,0,0,1,False,False,False,Snow,,False,HIGHLAND RD E; SPADINA RD E; At,3/7/2019 2:37:04 PM,,