OBJECTID,ACCIDENTNUM,ACCIDENTDATE,ACCIDENT_YEAR,ACCIDENT_MONTH,ACCIDENT_DAY,ACCIDENT_HOUR,ACCIDENT_MINUTE,ACCIDENT_SECOND,ACCIDENT_WEEKDAY,XCOORD,YCOORD,LONGITUDE,LATITUDE,ACCIDENTLOCATION,COLLISIONTYPE,CLASSIFICATIONOFACCIDENT,IMPACTLOCATION,INITIALDIRECTIONOFTRAVELONE,INITIALDIRECTIONOFTRAVELTWO,INITIALIMPACTTYPE,INTTRAFFICCONTROL,LIGHT,LIGHTFORREPORT,ROADJURISDICTION,TRAFFICCONTROL,TRAFFICCONTROLCONDITION,THRULANENO,NORTHBOUNDDISOBEYCOUNT,SOUTHBOUNDDISOBEYCOUNT,PEDESTRIANINVOLVED,CYCLISTINVOLVED,MOTORCYCLISTINVOLVED,ENVIRONMENTCONDITION1,ENVIRONMENTCONDITION2,SELFREPORTED,XMLIMPORTNOTES,LASTEDITEDDATE,CREATE_BY,CREATE_DATE
43756,15-046055,1425459780000,2015,3,4,9,3,0,Wednesday,545996.16851,4809222.13265,-80.431671,43.434492,At/near private drive,1,Non-fatal injury,Thru lane,unknown,unknown,Other,Unknown,Daylight,01 - Daylight,Municipal (excl. Twp. Rd.),No control,unknown,0,0,0,False,False,False,Snow,,False,THALER AVE; 144 THALER AVE ; At; 2 M,3/7/2019 2:37:03 PM,,
43757,15-046088,1425399300000,2015,3,3,16,15,0,Tuesday,541319.07424,4812564.79373,-80.489206,43.464862,Non intersection,2,P.D. only,Thru lane,unknown,unknown,SMV unattended vehicle,Unknown,Daylight,01 - Daylight,Municipal (excl. Twp. Rd.),No control,unknown,0,0,0,False,False,False,Freezing Rain,,False,GUELPH ST; Near,3/7/2019 2:37:01 PM,,
43758,15-046163,1425391500000,2015,3,3,14,5,0,Tuesday,543100.87483,4811866.71445,-80.467235,43.458476,At/near private drive,2,P.D. only,Thru lane,unknown,unknown,Other,Unknown,Daylight,01 - Daylight,Regional municipality,No control,unknown,0,0,0,False,False,False,Freezing Rain,,False,BRUCE ST; At,3/7/2019 2:37:00 PM,,
43759,15-046388,1425481200000,2015,3,4,15,0,0,Wednesday,540486.83457,4809735.89563,-80.499704,43.439436,At intersection,2,P.D. only,Within intersection,unknown,unknown,Angle,Unknown,Daylight,01 - Daylight,Municipal (excl. Twp. Rd.),Stop sign,Functioning,0,0,0,False,False,False,Clear,,False,QUEENS BV; SPADINA RD E,3/7/2019 2:36:59 PM,,
43760,15-046503,1424027700000,2015,2,15,19,15,0,Sunday,544543.61186,4808267.24689,-80.449696,43.425982,At/near private drive,2,P.D. only,Thru lane,unknown,unknown,SMV unattended vehicle,Unknown,"Dark, artificial","08 - Dark, artificial",Municipal (excl. Twp. Rd.),No control,unknown,0,0,0,False,False,False,Clear,,False,CAIT AVE; At,3/7/2019 2:36:59 PM,,
43761,15-046520,1425483000000,2015,3,4,15,30,0,Wednesday,539382.59673,4810438.14697,-80.51329799999999,43.445817999999996,At/near private drive,2,P.D. only,Thru lane,unknown,unknown,Angle,Unknown,Daylight,01 - Daylight,Municipal (excl. Twp. Rd.),Stop sign,Functioning,0,0,0,False,False,False,Clear,,False,KARN ST; BELMONT AV W; 10 M,3/7/2019 2:36:58 PM,,
43762,15-046616,1425507840000,2015,3,4,22,24,0,Wednesday,536623.37661,4809044.33497,-80.54749,43.433408,At/near private drive,2,P.D. only,Thru lane,unknown,unknown,SMV unattended vehicle,Unknown,Dark,07 - Dark,Municipal (excl. Twp. Rd.),No control,unknown,0,0,0,False,False,False,Clear,,False,SHADYRIDGE PL; 18 SHADYRIDGE PL; 2 M,3/7/2019 2:36:56 PM,,
43763,15-047019,1425560520000,2015,3,5,13,2,0,Thursday,542842.19241,4809873.39381,-80.47058899999999,43.440543,At intersection,1,Non-fatal injury,Within intersection,unknown,unknown,Angle,Unknown,Daylight,01 - Daylight,Municipal (excl. Twp. Rd.),Stop sign,Functioning,0,0,0,False,False,False,Clear,,False,CHARLES ST E; SYDNEY ST S; At,3/7/2019 2:36:55 PM,,
43764,15-047194,1425572400000,2015,3,5,16,20,0,Thursday,542200.06274,4810360.56965,-80.47848599999999,43.444966,At/near private drive,2,P.D. only,Left turn lane,unknown,unknown,Turning movement,Unknown,Daylight,01 - Daylight,Regional municipality,No control,unknown,0,0,0,False,False,False,Clear,,False,KING ST E ; KING ST E; At; 6 M,3/7/2019 2:36:54 PM,,
43765,15-047552,1425589200000,2015,3,5,21,0,0,Thursday,539871.60239,4807383.295,-80.50747799999999,43.418285999999995,At/near private drive,2,P.D. only,Thru lane,unknown,unknown,SMV unattended vehicle,Unknown,"Dark, artificial","08 - Dark, artificial",Municipal (excl. Twp. Rd.),No control,unknown,0,0,0,False,False,False,Clear,,False,WILLIAMSBURG RD; At,3/7/2019 2:36:54 PM,,
43766,15-047699,1425546900000,2015,3,5,9,15,0,Thursday,538746.40342,4806761.0226,-80.52142099999999,43.412742,At/near private drive,2,P.D. only,Thru lane,unknown,unknown,Other,Unknown,Daylight,01 - Daylight,Municipal (excl. Twp. Rd.),No control,unknown,0,0,0,False,False,False,Clear,,False,WAKE ROBIN CRES; At,3/7/2019 2:36:53 PM,,
43767,15-047708,1425630600000,2015,3,6,8,30,0,Friday,537260.67769,4809466.74522,-80.539587,43.43718,At/near private drive,2,P.D. only,Thru lane,unknown,unknown,Angle,Unknown,Daylight,01 - Daylight,Municipal (excl. Twp. Rd.),No control,unknown,0,0,0,False,False,False,Clear,,False,STOKE DR; LENNOX CR; Near,3/7/2019 2:36:52 PM,,
43768,15-047840,1425567600000,2015,3,5,15,0,0,Thursday,537559.19611,4806783.07633,-80.53608299999999,43.413001,At/near private drive,2,P.D. only,Thru lane,unknown,unknown,SMV unattended vehicle,Unknown,Daylight,01 - Daylight,Municipal (excl. Twp. Rd.),No control,unknown,0,0,0,False,False,False,Clear,,False,DRIFTWOOD DR; PARKLAND CRES ; Near; 40 M,3/7/2019 2:36:51 PM,,
43769,15-047852,1425639600000,2015,3,6,11,0,0,Friday,542930.29897,4811909.82828,-80.46934,43.458874,Non intersection,2,P.D. only,Thru lane,unknown,unknown,SMV unattended vehicle,Unknown,Daylight,01 - Daylight,Municipal (excl. Twp. Rd.),No control,unknown,0,0,0,False,False,False,Clear,,False,ANN ST; Near,3/7/2019 2:36:51 PM,,
43770,15-048232,1425684540000,2015,3,6,23,29,0,Friday,540843.47671,4811126.42344,-80.495193,43.451937,Non intersection,1,Non-fatal injury,Right shoulder,unknown,unknown,SMV unattended vehicle,Unknown,Dark,07 - Dark,Regional municipality,No control,unknown,0,0,0,True,False,False,Clear,,False,IN FRONT OF; 312 KING ST W; 3 M,3/7/2019 2:36:50 PM,,
43771,15-048247,1425684540000,2015,3,6,23,29,0,Friday,540814.59793,4811138.68738,-80.495549,43.452048999999995,Non intersection,2,P.D. only,Thru lane,unknown,unknown,Sideswipe,Unknown,"Dark, artificial","08 - Dark, artificial",Regional municipality,No control,unknown,0,0,0,False,False,False,Clear,,False,FRONT OF; 352 KING ST W; 2 M,3/7/2019 2:36:49 PM,,
43772,15-048451,1425717000000,2015,3,7,8,30,0,Saturday,538902.36846,4811470.66921,-80.519159,43.45514,At intersection,1,Non-fatal injury,Within intersection,unknown,unknown,Turning movement,Unknown,Daylight,01 - Daylight,Municipal (excl. Twp. Rd.),Traffic signal,Functioning,0,0,0,False,False,False,Clear,,False,UNION BV; BELMONT AV W; At,3/7/2019 2:36:49 PM,,
43773,15-049234,1425758400000,2015,3,7,20,0,0,Saturday,540145.96714,4807790.84825,-80.504059,43.421941,At/near private drive,2,P.D. only,Thru lane,unknown,unknown,SMV unattended vehicle,Unknown,"Dark, artificial","08 - Dark, artificial",Municipal (excl. Twp. Rd.),No control,unknown,0,0,0,False,False,False,Clear,,False,HOWE DR; Near,3/7/2019 2:36:48 PM,,
43774,15-049642,1425852960000,2015,3,8,22,16,0,Sunday,539703.7974,4806637.20113,-80.509605,43.411577,At/near private drive,2,P.D. only,Thru lane,unknown,unknown,Other,Unknown,Dark,07 - Dark,Municipal (excl. Twp. Rd.),No control,unknown,0,0,0,False,False,False,Clear,,False,ACTIVA AVE; 40 ACTIVA AVE; At; 5 M,3/7/2019 2:36:47 PM,,
43775,15-049817,1425888420000,2015,3,9,8,7,0,Monday,536984.15225,4807308.43499,-80.54315,43.41776,Non intersection,2,P.D. only,Thru lane,unknown,unknown,SMV unattended vehicle,Unknown,Daylight,01 - Daylight,Municipal (excl. Twp. Rd.),No control,unknown,0,0,0,False,False,False,Clear,,False,MEADOW WOODS CRES; ROLLING MEADOWS DR ; 15 M,3/7/2019 2:36:46 PM,,
43776,15-050409,1425903300000,2015,3,9,12,15,0,Monday,542009.4834,4804497.24672,-80.481292,43.392182999999996,At/near private drive,2,P.D. only,Thru lane,unknown,unknown,Turning movement,Unknown,Daylight,01 - Daylight,Municipal (excl. Twp. Rd.),No control,unknown,0,0,0,False,False,False,Clear,,False,WOODBINE AVE; At,3/7/2019 2:36:46 PM,,
43777,15-050413,1425932040000,2015,3,9,20,14,0,Monday,541096.08298,4812453.03451,-80.49197099999999,43.463868,At/near private drive,2,Non-reportable,Thru lane,unknown,unknown,SMV unattended vehicle,Unknown,"Dark, artificial","08 - Dark, artificial",Municipal (excl. Twp. Rd.),No control,unknown,0,0,0,False,False,False,Clear,,False,GUELPH ST ; WEBER ST W; 30 M,3/7/2019 2:36:45 PM,,
43778,15-050638,1425967200000,2015,3,10,6,0,0,Tuesday,542405.64865,4806618.98364,-80.476236,43.411265,Intersection related,2,P.D. only,Within intersection,unknown,unknown,SMV other,Unknown,Dark,07 - Dark,Regional municipality,Stop sign,Functioning,0,0,0,False,False,False,"Fog, mist, smoke, dust",,False,OLD COUNTRY DR ; STRASBURG RD,3/7/2019 2:36:44 PM,,
43779,15-050712,1425976980000,2015,3,10,8,43,0,Tuesday,539081.49213,4811108.64689,-80.516971,43.451871,Intersection related,2,P.D. only,Right turn lane,unknown,unknown,Rear end,Unknown,Daylight,01 - Daylight,Municipal (excl. Twp. Rd.),Traffic signal,Functioning,0,0,0,False,False,False,Clear,,False,BELMONT AVE W; GLASGOW ST ; 1 M,3/7/2019 2:36:44 PM,,
43780,15-050776,1425978900000,2015,3,10,9,15,0,Tuesday,540742.08941,4810725.6558,-80.496476,43.448333999999996,At/near private drive,2,P.D. only,Thru lane,unknown,unknown,Rear end,Unknown,Daylight,01 - Daylight,Municipal (excl. Twp. Rd.),No control,unknown,0,0,0,False,False,False,Clear,,False,WATER ST N; At,3/7/2019 2:36:43 PM,,
43781,15-050860,1425989340000,2015,3,10,12,9,0,Tuesday,541315.73117,4807854.66169,-80.489604,43.422452,At/near private drive,1,Non-fatal injury,Thru lane,unknown,unknown,Turning movement,Unknown,Daylight,01 - Daylight,Regional municipality,Stop sign,Functioning,0,0,0,False,False,False,Clear,,False,STRASBURG RD ; OTTAWA ST S; Near; 50 M,3/7/2019 2:36:42 PM,,
43782,15-050984,1425998820000,2015,3,10,14,47,0,Tuesday,541383.87977,4808015.0071,-80.48875,43.423891999999995,At/near private drive,2,P.D. only,Thru lane,unknown,unknown,Turning movement,Unknown,Daylight,01 - Daylight,Regional municipality,Stop sign,Functioning,0,0,0,False,False,False,Clear,,False,STRASBURG RD; 270 STRASBURG RD; Near; 24 M,3/7/2019 2:36:41 PM,,
43783,15-051004,1425981600000,2015,3,10,10,0,0,Tuesday,542374.82839,4810248.49407,-80.47633499999999,43.443947,At/near private drive,2,P.D. only,Thru lane,unknown,unknown,Rear end,Unknown,Daylight,01 - Daylight,Regional municipality,No control,unknown,0,0,0,False,False,False,Clear,,False,KING ST E,3/7/2019 2:36:41 PM,,
43784,15-051016,1426000140000,2015,3,10,15,9,0,Tuesday,545131.4919,4807631.32704,-80.442486,43.420221,At/near private drive,1,Non-fatal injury,Thru lane,unknown,unknown,Turning movement,Unknown,Daylight,01 - Daylight,Municipal (excl. Twp. Rd.),No control,unknown,0,0,0,False,False,False,Clear,,False,WILSON AVE ; FAIRWAY RD S; 30 M,3/7/2019 2:36:40 PM,,
43785,15-051106,1426007220000,2015,3,10,17,7,0,Tuesday,538690.04957,4805560.69511,-80.522202,43.401937,At/near private drive,1,Non-fatal injury,Thru lane,unknown,unknown,Other,Unknown,Daylight,01 - Daylight,Municipal (excl. Twp. Rd.),No control,unknown,0,0,0,False,False,False,Clear,,False,ISAIAH DR ; GRAVEL RIDGE TL; 20 M,3/7/2019 2:36:39 PM,,
43786,15-051115,1426008240000,2015,3,10,17,24,0,Tuesday,542108.65423,4807126.89397,-80.47986499999999,43.415855,At intersection,1,Non-fatal injury,Within intersection,unknown,unknown,SMV other,Unknown,Daylight,01 - Daylight,Municipal (excl. Twp. Rd.),Traffic signal,Functioning,0,0,0,True,False,False,Clear,,False,STRASBURG RD; BLOCK LINE RD ; At; 100 M,3/7/2019 2:36:38 PM,,
43787,15-051532,1426064220000,2015,3,11,8,57,0,Wednesday,541873.76093,4810742.91906,-80.482489,43.448426999999995,At intersection,2,P.D. only,Within intersection,unknown,unknown,Angle,Unknown,Daylight,01 - Daylight,Municipal (excl. Twp. Rd.),Stop sign,Functioning,0,0,0,False,False,False,Clear,,False,DUKE ST E; CEDAR ST N,3/7/2019 2:36:38 PM,,
43788,15-051587,1425736800000,2015,3,7,14,0,0,Saturday,540918.71678,4809260.93962,-80.49440299999999,43.435136,At/near private drive,2,P.D. only,Thru lane,unknown,unknown,SMV unattended vehicle,Unknown,Daylight,01 - Daylight,Municipal (excl. Twp. Rd.),No control,unknown,0,0,0,False,False,False,Clear,,False,STIRLING AVE S; ST CLAIR AVE ; Near,3/7/2019 2:36:37 PM,,
43789,15-051746,1426005000000,2015,3,10,16,30,0,Tuesday,540452.86752,4810096.3072,-80.500097,43.442682999999995,Non intersection,2,P.D. only,Thru lane,unknown,unknown,SMV unattended vehicle,Unknown,"Dark, artificial","08 - Dark, artificial",Municipal (excl. Twp. Rd.),No control,unknown,0,0,0,False,False,False,Clear,,False,HOMEWOOD AVE,3/7/2019 2:36:36 PM,,
43790,15-051858,1426087860000,2015,3,11,15,31,0,Wednesday,541808.01876,4809235.07451,-80.483417,43.434854,Non intersection,1,Non-fatal injury,Thru lane,unknown,unknown,SMV other,Unknown,Daylight,01 - Daylight,Municipal (excl. Twp. Rd.),No control,unknown,0,0,0,True,False,False,Clear,,False,MILL ST; BORDEN PKY ; 36 M,3/7/2019 2:36:36 PM,,
43791,15-052576,1426166400000,2015,3,12,13,20,0,Thursday,544561.22325,4811737.94038,-80.449195,43.457231,Intersection related,2,P.D. only,Left turn lane,unknown,unknown,Turning movement,Unknown,Daylight,01 - Daylight,Regional municipality,Traffic signal,Functioning,0,0,0,False,False,False,Clear,,False,LORRAINE AVE; RIVER RD E; Near,3/7/2019 2:36:35 PM,,
43792,15-053364,1426247100000,2015,3,13,11,45,0,Friday,541904.66417,4810548.75338,-80.48212199999999,43.446677,At intersection,2,P.D. only,Within intersection,unknown,unknown,Turning movement,Unknown,Daylight,01 - Daylight,Regional municipality,Stop sign,Functioning,0,0,0,False,False,False,Clear,,False,KING ST E; MADISON AV N; At,3/7/2019 2:36:34 PM,,
43793,15-053462,1426181400000,2015,3,12,17,30,0,Thursday,540006.46494,4807630.8698,-80.505794,43.420508,At/near private drive,2,P.D. only,Thru lane,unknown,unknown,SMV unattended vehicle,Unknown,Daylight,01 - Daylight,Municipal (excl. Twp. Rd.),No control,unknown,0,0,0,False,False,False,Clear,,False,HOWE DR; OTTAWA ST S; 50 M,3/7/2019 2:36:34 PM,,
43794,15-053616,1426272300000,2015,3,13,18,45,0,Friday,542489.23765,4806639.61133,-80.475202,43.411446,Non intersection,2,P.D. only,Thru lane,unknown,unknown,SMV unattended vehicle,Unknown,"Daylight, artificial","02 - Daylight, artificial",Municipal (excl. Twp. Rd.),No control,unknown,0,0,0,False,False,False,Clear,,False,OLD COUNTRY DR; 105 OLD COUNTRY DR; Near; 5 M,3/7/2019 2:36:33 PM,,
43795,15-054318,1426350960000,2015,3,14,16,36,0,Saturday,539619.29123,4811373.44668,-80.510305,43.454226999999996,At intersection,2,P.D. only,Within intersection,unknown,unknown,Angle,Unknown,Daylight,01 - Daylight,Municipal (excl. Twp. Rd.),Traffic signal,Functioning,0,1,0,False,False,False,Clear,,False,PARK ST; GLASGOW ST; At,3/7/2019 2:36:32 PM,,
43796,15-055577,1426517340000,2015,3,16,14,49,0,Monday,542842.20511,4809871.39478,-80.47058899999999,43.440525,At intersection,2,P.D. only,Thru lane,unknown,unknown,Turning movement,Unknown,Daylight,01 - Daylight,Municipal (excl. Twp. Rd.),Stop sign,Functioning,0,0,0,False,False,False,Clear,,False,SYDNEY ST S; CHARLES ST E; At,3/7/2019 2:36:31 PM,,
43797,15-055732,1426530600000,2015,3,16,18,30,0,Monday,541324.51739,4811914.6719,-80.489188,43.459008,At/near private drive,2,P.D. only,Thru lane,unknown,unknown,Sideswipe,Unknown,Dusk,05 - Dusk,Municipal (excl. Twp. Rd.),No control,unknown,0,0,0,False,False,False,Rain,,False,WELLINGTON ST N; Near,3/7/2019 2:36:31 PM,,
43798,15-056112,1426590300000,2015,3,17,11,5,0,Tuesday,544882.34933,4804849.24235,-80.445792,43.395185999999995,At intersection,2,P.D. only,Within intersection,unknown,unknown,Turning movement,Unknown,Daylight,01 - Daylight,Regional municipality,Traffic signal,Functioning,0,0,0,False,False,False,Clear,,False,DOON VILLAGE RD ; PIONEER DR ; At,3/7/2019 2:36:30 PM,,
43799,15-056178,1426594980000,2015,3,17,12,23,0,Tuesday,540684.04033,4811615.68429,-80.49712699999999,43.456351,Non intersection,2,P.D. only,Thru lane,unknown,unknown,Sideswipe,Unknown,Daylight,01 - Daylight,Municipal (excl. Twp. Rd.),Stop sign,Functioning,0,0,0,False,False,False,Clear,,False,WELLINGTON ST N; DUKE ST W; 15 M,3/7/2019 2:36:29 PM,,
43800,15-057108,1426633200000,2015,3,17,23,0,0,Tuesday,537039.76643,4807884.14196,-80.542424,43.422941,Intersection related,1,Non-fatal injury,Not on roadway - right side,unknown,unknown,SMV other,Unknown,Dark,07 - Dark,Municipal (excl. Twp. Rd.),No control,unknown,0,0,0,False,False,False,Clear,,False,WESTHEIGHTS DR; ROLLING MEADOWS DR,3/7/2019 2:36:28 PM,,
43801,15-057845,1426759620000,2015,3,19,10,7,0,Thursday,540773.87306,4811156.43285,-80.496051,43.452211,Non intersection,2,P.D. only,Thru lane,unknown,unknown,Sideswipe,Unknown,Daylight,01 - Daylight,Regional municipality,Traffic signal,Functioning,0,0,0,False,False,False,Clear,,False,KING ST W; FRANCIS ST N; Near; 35 M,3/7/2019 2:36:28 PM,,
43802,15-058001,1426341600000,2015,3,14,14,0,0,Saturday,543552.1963,4808527.65467,-80.461923,43.428385,At/near private drive,2,P.D. only,Thru lane,unknown,unknown,SMV unattended vehicle,Unknown,Daylight,01 - Daylight,Municipal (excl. Twp. Rd.),No control,unknown,0,0,0,False,False,False,Clear,,False,MASSEY AVE,3/7/2019 2:36:27 PM,,
43803,15-058077,1426780920000,2015,3,19,16,2,0,Thursday,541903.76168,4810550.74688,-80.48213299999999,43.446695,Intersection related,2,P.D. only,Thru lane,unknown,unknown,Rear end,Unknown,Daylight,01 - Daylight,Regional municipality,Stop sign,Functioning,0,0,0,False,False,False,Clear,,False,MADISON AVE N; KING ST E,3/7/2019 2:36:26 PM,,
43804,15-058172,1426699800000,2015,3,18,17,30,0,Wednesday,547642.89895,4804529.63574,-80.411734,43.392137999999996,At/near private drive,2,P.D. only,Thru lane,unknown,unknown,SMV unattended vehicle,Unknown,Daylight,01 - Daylight,Municipal (excl. Twp. Rd.),No control,unknown,0,0,0,False,False,False,Clear,,False,AMHERST DR; At,3/7/2019 2:36:25 PM,,
43805,15-058780,1426851000000,2015,3,20,11,30,0,Friday,541714.84878,4811068.56585,-80.484428,43.451367999999995,At/near private drive,2,P.D. only,Thru lane,unknown,unknown,Other,Unknown,Daylight,01 - Daylight,Municipal (excl. Twp. Rd.),No control,unknown,0,0,0,False,False,False,Clear,,False,SPETZ ST,3/7/2019 2:36:24 PM,,
43806,15-059213,1426904100000,2015,3,21,2,15,0,Saturday,540423.52495,4809591.35856,-80.500497,43.438137999999995,At/near private drive,1,Non-fatal injury,Thru lane,unknown,unknown,SMV other,Unknown,"Dark, artificial","08 - Dark, artificial",Municipal (excl. Twp. Rd.),No control,unknown,0,0,0,True,False,False,Rain,,False,QUEENS BLVD; PATRICIA AVE ; At; 25 M,3/7/2019 2:36:24 PM,,
43807,15-059802,1426981020000,2015,3,21,23,37,0,Saturday,544958.85948,4811036.335,-80.444338,43.45089,Non intersection,2,P.D. only,Thru lane,unknown,unknown,Sideswipe,Unknown,"Dark, artificial","08 - Dark, artificial",Municipal (excl. Twp. Rd.),No control,unknown,0,0,0,False,False,False,Clear,,False,RIVER RD E; OTTAWA ST N; Near; 30 M,3/7/2019 2:36:22 PM,,
43808,15-059920,1426998720000,2015,3,22,4,32,0,Sunday,544828.42572,4805005.70261,-80.446445,43.396598,Non intersection,1,Non-fatal injury,Not on roadway - left side,unknown,unknown,SMV other,Unknown,"Daylight, artificial","02 - Daylight, artificial",Municipal (excl. Twp. Rd.),No control,unknown,0,0,0,False,False,False,Clear,,False,DOON VILLAGE RD; MILLWOOD CRES ; 5 M,3/7/2019 2:36:21 PM,,
43809,15-060045,1426743300000,2015,3,19,5,35,0,Thursday,536745.26004,4807871.42566,-80.54606299999999,43.422841,Other,2,P.D. only,Off highway,unknown,unknown,Other,Unknown,"Dark, artificial","08 - Dark, artificial",Private property,No control,unknown,0,0,0,False,False,False,Clear,,False,PRIVATE DRIVEWAY; NEWBURY DR,3/7/2019 2:36:20 PM,,
43810,15-060141,1426957200000,2015,3,21,17,0,0,Saturday,541839.91995,4808789.36145,-80.483057,43.430839,At/near private drive,2,P.D. only,Thru lane,unknown,unknown,Other,Unknown,Daylight,01 - Daylight,Municipal (excl. Twp. Rd.),No control,unknown,0,0,0,False,False,False,Clear,,False,KELVIN AVE,3/7/2019 2:36:20 PM,,
43811,15-060545,1427093340000,2015,3,23,6,49,0,Monday,540791.62532,4809117.90053,-80.49598399999999,43.433855,At intersection,1,Non-fatal injury,Within intersection,unknown,unknown,SMV other,Unknown,Dawn,03 - Dawn,Municipal (excl. Twp. Rd.),Stop sign,Functioning,0,0,0,True,False,False,Clear,,False,MAUSSER AVE ; STIRLING AVE S,3/7/2019 2:36:19 PM,,
43812,15-060835,1426969800000,2015,3,21,20,30,0,Saturday,541943.72771,4803582.58897,-80.482174,43.383950999999996,At/near private drive,2,P.D. only,Thru lane,unknown,unknown,SMV unattended vehicle,Unknown,"Dark, artificial","08 - Dark, artificial",Municipal (excl. Twp. Rd.),No control,unknown,0,0,0,False,False,False,Clear,,False,ROCHEFORT ST; At,3/7/2019 2:36:18 PM,,
43813,15-060912,1427122560000,2015,3,23,14,56,0,Monday,539616.81853,4811532.58286,-80.510324,43.455659999999995,Non intersection,2,P.D. only,Thru lane,unknown,unknown,SMV unattended vehicle,Unknown,Daylight,01 - Daylight,Municipal (excl. Twp. Rd.),No control,unknown,0,0,0,False,False,False,Clear,,False,GREEN ST ; KING ST W; 60 M,3/7/2019 2:36:17 PM,,
43814,15-060955,1427126880000,2015,3,23,16,8,0,Monday,544083.32695,4807527.21915,-80.45544199999999,43.419346,Intersection related,2,P.D. only,Thru lane,unknown,unknown,SMV other,Unknown,Daylight,01 - Daylight,Municipal (excl. Twp. Rd.),Stop sign,Functioning,0,0,0,False,False,False,Clear,,False,BALZER RD; COURTLAND AV E,3/7/2019 2:36:16 PM,,
43815,15-060987,1427112000000,2015,3,23,12,0,0,Monday,546346.8683,4811399.13719,-80.42715299999999,43.454072,At/near private drive,2,P.D. only,Thru lane,unknown,unknown,SMV unattended vehicle,Unknown,Daylight,01 - Daylight,Municipal (excl. Twp. Rd.),No control,unknown,0,0,0,False,False,False,Clear,,False,GRAY ST; Near,3/7/2019 2:36:16 PM,,
43816,15-061737,1427191200000,2015,3,24,10,0,0,Tuesday,542543.28788,4808083.41295,-80.47442199999999,43.424443,Intersection related,2,P.D. only,Thru lane,unknown,unknown,SMV unattended vehicle,Unknown,Daylight,01 - Daylight,Municipal (excl. Twp. Rd.),Stop sign,Functioning,0,0,0,False,False,False,Clear,,False,ARDELT AVE; HANSON AV; Near,3/7/2019 2:36:15 PM,,
43817,15-061917,1427227080000,2015,3,24,19,58,0,Tuesday,546373.00737,4805039.01082,-80.42737,43.396803999999996,Non intersection,2,P.D. only,Thru lane,unknown,unknown,SMV other,Unknown,Dark,07 - Dark,Regional municipality,No control,unknown,0,0,0,False,False,False,Clear,,False,MILL PARK DR; GREEN VALLEY DR; 800 M,3/7/2019 2:36:14 PM,,
43818,15-062027,1427238480000,2015,3,24,23,8,0,Tuesday,539640.52708,4809591.7082,-80.510172,43.438182999999995,Non intersection,2,P.D. only,Not on roadway - right side,unknown,unknown,SMV other,Unknown,Dark,07 - Dark,Municipal (excl. Twp. Rd.),Traffic signal,Functioning,0,0,0,False,False,False,Clear,,False,LAWRENCE AVE ; HIGHLAND RD W; Near; 10 M,3/7/2019 2:36:13 PM,,
43819,15-062225,1427275020000,2015,3,25,9,17,0,Wednesday,545678.74032,4807129.67815,-80.435768,43.415670999999996,At/near private drive,2,P.D. only,Thru lane,unknown,unknown,Turning movement,Unknown,Daylight,01 - Daylight,Municipal (excl. Twp. Rd.),No control,unknown,0,0,0,False,False,False,Clear,,False,GOODRICH DR; WABANAKI DR ; 150 M,3/7/2019 2:36:12 PM,,
43820,15-062282,1427278860000,2015,3,25,10,21,0,Wednesday,546842.85088,4808450.96786,-80.42127599999999,43.427496,Non intersection,2,P.D. only,Thru lane,unknown,unknown,Other,Unknown,Daylight,01 - Daylight,Regional municipality,No control,unknown,0,0,0,False,False,False,Rain,,False,MORGAN AVE; RIVER ROAD; 100 M,3/7/2019 2:36:11 PM,,
43821,15-062354,1426543200000,2015,3,16,22,0,0,Monday,539631.03213,4805861.01737,-80.51056,43.404592,At/near private drive,2,P.D. only,Thru lane,unknown,unknown,Turning movement,Unknown,"Dark, artificial","08 - Dark, artificial",Municipal (excl. Twp. Rd.),No control,unknown,0,0,0,False,False,False,Clear,,False,MAX BECKER DR; BRIDLEWREATH ST; Near,3/7/2019 2:36:10 PM,,
43822,15-062607,1427278800000,2015,3,25,10,20,0,Wednesday,542723.85296,4809838.88025,-80.472054,43.440239,At/near private drive,2,P.D. only,Thru lane,unknown,unknown,SMV unattended vehicle,Unknown,Daylight,01 - Daylight,Municipal (excl. Twp. Rd.),No control,unknown,0,0,0,False,False,False,Rain,,False,MAURICE ST; At,3/7/2019 2:36:09 PM,,
43823,15-063305,1427390940000,2015,3,26,17,29,0,Thursday,545430.70129,4808917.32174,-80.438683,43.431782,Intersection related,1,Non-fatal injury,Thru lane,unknown,unknown,Rear end,Unknown,Daylight,01 - Daylight,Municipal (excl. Twp. Rd.),Traffic signal,Functioning,0,0,0,False,False,False,Clear,,False,KINZIE AVE ; WEBER ST E; At; 20 M,3/4/2020 10:19:56 AM,,
43824,15-063663,1427444100000,2015,3,27,8,15,0,Friday,543810.22243,4812179.70849,-80.45844199999999,43.461253,At/near private drive,2,P.D. only,Thru lane,unknown,unknown,Other,Unknown,Daylight,01 - Daylight,Municipal (excl. Twp. Rd.),No control,unknown,0,0,0,False,False,False,Clear,,False,ROSEMOUNT DR,3/7/2019 2:36:07 PM,,