OBJECTID,ACCIDENTNUM,ACCIDENTDATE,ACCIDENT_YEAR,ACCIDENT_MONTH,ACCIDENT_DAY,ACCIDENT_HOUR,ACCIDENT_MINUTE,ACCIDENT_SECOND,ACCIDENT_WEEKDAY,XCOORD,YCOORD,LONGITUDE,LATITUDE,ACCIDENTLOCATION,COLLISIONTYPE,CLASSIFICATIONOFACCIDENT,IMPACTLOCATION,INITIALDIRECTIONOFTRAVELONE,INITIALDIRECTIONOFTRAVELTWO,INITIALIMPACTTYPE,INTTRAFFICCONTROL,LIGHT,LIGHTFORREPORT,ROADJURISDICTION,TRAFFICCONTROL,TRAFFICCONTROLCONDITION,THRULANENO,NORTHBOUNDDISOBEYCOUNT,SOUTHBOUNDDISOBEYCOUNT,PEDESTRIANINVOLVED,CYCLISTINVOLVED,MOTORCYCLISTINVOLVED,ENVIRONMENTCONDITION1,ENVIRONMENTCONDITION2,SELFREPORTED,XMLIMPORTNOTES,LASTEDITEDDATE,CREATE_BY,CREATE_DATE
43825,15-063782,1427060700000,2015,3,22,21,45,0,Sunday,545817.13757,4809234.24151,-80.433882,43.434612,At/near private drive,2,P.D. only,Thru lane,unknown,unknown,Other,Unknown,Daylight,01 - Daylight,Regional municipality,No control,unknown,0,0,0,False,False,False,Clear,,False,116B RUTHERFORD DR; 115 RUTHERFORD DR; 5 M,3/7/2019 2:36:06 PM,,
43826,15-063790,1427455260000,2015,3,27,11,21,0,Friday,542318.11688,4806865.5449,-80.47729799999999,43.413489999999996,At/near private drive,2,P.D. only,Thru lane,unknown,unknown,Sideswipe,Unknown,Daylight,01 - Daylight,Regional municipality,Traffic signal,Functioning,0,0,0,False,False,False,Clear,,False,STRASBURG RD; STRASBURG RD ; At; 10 M,3/7/2019 2:36:05 PM,,
43827,15-063908,1427464680000,2015,3,27,13,58,0,Friday,542264.73794,4810318.77139,-80.47769,43.444586,Non intersection,1,Non-fatal injury,Thru lane,unknown,unknown,Rear end,Unknown,Daylight,01 - Daylight,Regional municipality,No control,unknown,0,0,0,False,False,False,Clear,,False,KING ST E; 729 KING ST E; 15 M,3/7/2019 2:36:04 PM,,
43828,15-064664,1427457600000,2015,3,27,12,0,0,Friday,545351.59124,4812157.92051,-80.439391,43.460964999999995,Non intersection,2,P.D. only,Thru lane,unknown,unknown,SMV unattended vehicle,Unknown,Daylight,01 - Daylight,Municipal (excl. Twp. Rd.),Stop sign,Functioning,0,0,0,False,False,False,Clear,,False,HERITAGE DR; LORRAINE AV; Near,3/7/2019 2:36:03 PM,,
43829,15-064831,1427566920000,2015,3,28,18,22,0,Saturday,544732.59321,4811504.40097,-80.447096,43.455118,At intersection,2,P.D. only,Within intersection,unknown,unknown,Turning movement,Unknown,Dusk,05 - Dusk,Regional municipality,Stop sign,Functioning,0,0,0,False,False,False,Clear,,False,RIVER RD E; GIBSON DR; At; 5 M,3/7/2019 2:36:02 PM,,
43830,15-065236,1427561100000,2015,3,28,16,45,0,Saturday,546037.62515,4804911.21669,-80.431522,43.395674,At/near private drive,2,P.D. only,Thru lane,unknown,unknown,Turning movement,Unknown,Daylight,01 - Daylight,Municipal (excl. Twp. Rd.),No control,unknown,0,0,0,False,False,False,Clear,,False,PIONEER DR,3/7/2019 2:36:01 PM,,
43831,15-065317,1427629980000,2015,3,29,11,53,0,Sunday,546499.28929,4810028.45283,-80.425386,43.441721,At/near private drive,2,Non-reportable,Thru lane,unknown,unknown,SMV unattended vehicle,Unknown,Daylight,01 - Daylight,Municipal (excl. Twp. Rd.),No control,unknown,0,0,0,False,False,False,Clear,,False,BRIARMEADOW DR; 226 BRIARMEADOW DR; 1 M,3/7/2019 2:36:00 PM,,
43832,15-065339,1427632740000,2015,3,29,12,39,0,Sunday,538851.8166,4805832.72152,-80.520185,43.404378,At/near private drive,2,P.D. only,Not on roadway - right side,unknown,unknown,SMV other,Unknown,Daylight,01 - Daylight,Municipal (excl. Twp. Rd.),No control,unknown,0,0,0,False,False,False,Clear,,False,ACTIVA AVE ; 422 ACTIVA AVE ; At; 40 M,3/7/2019 2:35:58 PM,,
43833,15-065995,1427721120000,2015,3,30,13,12,0,Monday,538775.8577,4808890.88594,-80.520906,43.431917999999996,At intersection,2,P.D. only,Within intersection,unknown,unknown,Angle,Unknown,Daylight,01 - Daylight,Municipal (excl. Twp. Rd.),Stop sign,Functioning,0,0,0,False,False,False,Snow,,False,EAGEN DR ; OVERLEA DR ; At,3/7/2019 2:35:57 PM,,
43834,15-066568,1427371260000,2015,3,26,12,1,0,Thursday,537523.17404,4806854.73178,-80.536523,43.413647999999995,At/near private drive,2,P.D. only,Right shoulder,unknown,unknown,SMV unattended vehicle,Unknown,Daylight,01 - Daylight,Municipal (excl. Twp. Rd.),No control,unknown,0,0,0,False,False,False,Clear,,False,PARKLAND CRES,3/7/2019 2:35:57 PM,,
43835,15-066834,1427814180000,2015,3,31,15,3,0,Tuesday,539502.07606,4806103.92775,-80.512135,43.406786,Non intersection,1,Non-fatal injury,Thru lane,unknown,unknown,SMV other,Unknown,Daylight,01 - Daylight,Municipal (excl. Twp. Rd.),No control,unknown,0,0,0,True,False,False,Clear,,False,ACTIVA AVE ; BRIDLEWREATH ST ; 12 M,3/7/2019 2:35:56 PM,,
43836,15-066854,1427493600000,2015,3,27,22,0,0,Friday,543747.0605,4809158.96821,-80.459465,43.434058,At/near private drive,2,P.D. only,Right shoulder,unknown,unknown,SMV unattended vehicle,Unknown,"Dark, artificial","08 - Dark, artificial",Municipal (excl. Twp. Rd.),No control,unknown,0,0,0,False,False,False,Clear,,False,DIXON ST,3/7/2019 2:35:55 PM,,
43837,15-066886,1427817180000,2015,3,31,15,53,0,Tuesday,545493.2099,4806488.37653,-80.438113,43.409908,Non intersection,0,Fatal injury,Not on roadway - left side,unknown,unknown,SMV other,Unknown,Daylight,01 - Daylight,Municipal (excl. Twp. Rd.),No control,unknown,0,0,0,False,False,False,Clear,,False,WABANAKI DR; WILSON AV; Near; 100 M,3/7/2019 2:35:55 PM,,
43838,15-067589,1427872800000,2015,4,1,7,20,0,Wednesday,539568.99364,4811423.90617,-80.51092299999999,43.454684,At intersection,2,Non-reportable,Within intersection,unknown,unknown,Turning movement,Unknown,Daylight,01 - Daylight,Municipal (excl. Twp. Rd.),Stop sign,Functioning,0,0,0,False,False,False,Clear,,False,PARK ST; GREEN ST; At,3/7/2019 2:35:54 PM,,
43839,15-067715,1427905200000,2015,4,1,16,20,0,Wednesday,542379.346,4806178.68411,-80.476595,43.407302,At/near private drive,2,P.D. only,Thru lane,unknown,unknown,Other,Unknown,Daylight,01 - Daylight,Municipal (excl. Twp. Rd.),No control,unknown,0,0,0,False,False,False,Clear,,False,THE COUNTRY WAY; At,3/7/2019 2:35:52 PM,,
43840,15-067743,1427883600000,2015,4,1,10,20,0,Wednesday,541251.25772,4810983.19408,-80.490164,43.450624999999995,At/near private drive,2,P.D. only,Right shoulder,unknown,unknown,SMV unattended vehicle,Unknown,Daylight,01 - Daylight,Municipal (excl. Twp. Rd.),No control,unknown,0,0,0,False,False,False,Clear,,False,ONTARIO ST N; Near,3/7/2019 2:35:51 PM,,
43841,15-067771,1427905800000,2015,4,1,16,30,0,Wednesday,542313.36845,4810448.24105,-80.477079,43.445749,At/near private drive,2,P.D. only,Right shoulder,unknown,unknown,SMV unattended vehicle,Unknown,Daylight,01 - Daylight,Municipal (excl. Twp. Rd.),No control,unknown,0,0,0,False,False,False,Clear,,False,FAIRVIEW AVE; Near,3/7/2019 2:35:51 PM,,
43842,15-068190,1427972100000,2015,4,2,10,55,0,Thursday,542755.13319,4810023.6629,-80.471653,43.441901,Non intersection,2,Non-reportable,Thru lane,unknown,unknown,Sideswipe,Unknown,Daylight,01 - Daylight,Regional municipality,Traffic signal,Functioning,0,0,0,False,False,False,Clear,,False,KING ST E; OTTAWA ST N; 10 M,3/7/2019 2:35:50 PM,,
43843,15-068211,1427891400000,2015,4,1,12,30,0,Wednesday,538991.78836,4809956.75882,-80.51816199999999,43.441503999999995,At/near private drive,2,P.D. only,Thru lane,unknown,unknown,SMV unattended vehicle,Unknown,Daylight,01 - Daylight,Municipal (excl. Twp. Rd.),No control,unknown,0,0,0,False,False,False,Clear,,False,WEICHEL ST,3/7/2019 2:35:49 PM,,
43844,15-068255,1427972400000,2015,4,2,11,0,0,Thursday,540311.46748,4811548.47453,-80.50173699999999,43.455766,At intersection,2,P.D. only,Within intersection,unknown,unknown,Angle,Unknown,Daylight,01 - Daylight,Municipal (excl. Twp. Rd.),Stop sign,Functioning,0,0,0,False,False,False,Clear,,False,LOUISA ST; MOORE AV; At,3/7/2019 2:35:48 PM,,
43845,15-068345,1427928480000,2015,4,1,22,48,0,Wednesday,544444.22341,4807761.26092,-80.450965,43.421431999999996,At/near private drive,2,P.D. only,Right shoulder,unknown,unknown,Other,Unknown,Dark,07 - Dark,Municipal (excl. Twp. Rd.),No control,unknown,0,0,0,False,False,False,Clear,,False,TRAYNOR AVE,3/7/2019 2:35:48 PM,,
43846,15-068527,1427979600000,2015,4,2,13,0,0,Thursday,542055.81505,4811612.9989,-80.480172,43.456250999999995,At/near private drive,2,P.D. only,Thru lane,unknown,unknown,SMV unattended vehicle,Unknown,Daylight,01 - Daylight,Municipal (excl. Twp. Rd.),No control,unknown,0,0,0,False,False,False,Clear,,False,PEQUEGNAT AVE,3/7/2019 2:35:47 PM,,
43847,15-068581,1427991300000,2015,4,2,16,15,0,Thursday,542404.3672,4806616.75437,-80.476252,43.411245,Non intersection,2,P.D. only,Thru lane,unknown,unknown,Rear end,Unknown,Daylight,01 - Daylight,Municipal (excl. Twp. Rd.),No control,unknown,0,0,0,False,False,False,Rain,,False,STRASBURG RD; OLD COUNTRY DR; Near,3/7/2019 2:35:46 PM,,
43848,15-068644,1428007380000,2015,4,2,20,43,0,Thursday,543897.35416,4811906.06291,-80.457387,43.458784,At intersection,2,P.D. only,Within intersection,unknown,unknown,Turning movement,Unknown,Dark,07 - Dark,Regional municipality,Traffic signal,Functioning,0,0,0,False,False,False,Clear,,False,RIVER RD E; KRUG ST; At,3/7/2019 2:35:45 PM,,
43849,15-069036,1428060600000,2015,4,3,11,30,0,Friday,540103.03266,4805792.83695,-80.504736,43.403953,At/near private drive,2,P.D. only,Right shoulder,unknown,unknown,SMV unattended vehicle,Unknown,Daylight,01 - Daylight,Municipal (excl. Twp. Rd.),Other,Functioning,0,0,0,False,False,False,Clear,,False,MAX BECKER DR; Near,3/7/2019 2:35:45 PM,,
43850,15-069037,1428062880000,2015,4,3,12,8,0,Friday,540732.59359,4810703.60828,-80.496595,43.448136,At/near private drive,2,P.D. only,Off highway,unknown,unknown,SMV other,Unknown,Daylight,01 - Daylight,Municipal (excl. Twp. Rd.),Stop sign,Functioning,0,0,0,False,False,False,Clear,,False,WATER ST N; 127 WATER ST N; At; 1 M,3/7/2019 2:35:44 PM,,
43851,15-069180,1428074880000,2015,4,3,15,28,0,Friday,540340.72392,4811080.63713,-80.50140999999999,43.451552,At railway crossing,2,P.D. only,Not on roadway - right side,unknown,unknown,SMV other,Unknown,Dark,07 - Dark,Municipal (excl. Twp. Rd.),No control,unknown,0,0,0,False,False,False,Clear,,False,JOSEPH ST; VICTORIA ST S; Near; 300 M,3/7/2019 2:35:43 PM,,
43852,15-069474,1428106740000,2015,4,4,0,19,0,Saturday,538617.39679,4806639.22769,-80.523023,43.411652,At/near private drive,2,P.D. only,Right shoulder,unknown,unknown,SMV unattended vehicle,Unknown,"Dark, artificial","08 - Dark, artificial",Municipal (excl. Twp. Rd.),No control,unknown,0,0,0,False,False,False,Clear,,False,WINDFLOWER DR; WAKE ROBIN DR ; 10 M,3/7/2019 2:35:43 PM,,
43853,15-069926,1428168780000,2015,4,4,17,33,0,Saturday,544953.46176,4806332.38411,-80.44479199999999,43.408536,At/near private drive,1,Non-fatal injury,Thru lane,unknown,unknown,Turning movement,Unknown,Daylight,01 - Daylight,Municipal (excl. Twp. Rd.),Stop sign,Functioning,0,0,0,False,False,False,Clear,,False,WABANAKI DR; WILSON; 300 M,3/7/2019 2:35:42 PM,,
43854,15-070414,1428152400000,2015,4,4,13,0,0,Saturday,543986.58299,4807775.92085,-80.456617,43.421591,Non intersection,2,P.D. only,Thru lane,unknown,unknown,Other,Unknown,Daylight,01 - Daylight,Municipal (excl. Twp. Rd.),No control,unknown,0,0,0,False,False,False,Clear,,False,VANIER DR; SIEBERT AV; Near,3/7/2019 2:35:41 PM,,
43855,15-070536,1428166200000,2015,4,4,16,50,0,Saturday,541580.22614,4810751.20871,-80.486116,43.448518,Non intersection,2,P.D. only,Thru lane,unknown,unknown,Sideswipe,Unknown,Daylight,01 - Daylight,Regional municipality,No control,unknown,0,0,0,False,False,False,Clear,,False,KING ST E; SCOTT ST; Near,3/7/2019 2:35:41 PM,,
43856,15-070704,1428265800000,2015,4,5,20,30,0,Sunday,537155.79018,4806836.04032,-80.541062,43.413498,Other,2,P.D. only,Off highway,unknown,unknown,SMV unattended vehicle,Unknown,Dark,07 - Dark,Private property,No control,unknown,0,0,0,False,False,False,Clear,,False,CEDAR CREST ST ; 118 CEDAR CREST ST,3/7/2019 2:35:40 PM,,
43857,15-070938,1428312360000,2015,4,6,9,26,0,Monday,540983.43162,4811063.52369,-80.493468,43.451363,At intersection,1,Non-fatal injury,Within intersection,unknown,unknown,Angle,Unknown,Daylight,01 - Daylight,Regional municipality,Stop sign,Functioning,0,0,1,False,True,False,Clear,,False,COLLEGE ST ; KING ST W; At; 1 M,3/7/2019 2:35:38 PM,,
43858,15-071039,1428267600000,2015,4,5,21,0,0,Sunday,538399.52215,4807919.39758,-80.525624,43.42319,At/near private drive,2,P.D. only,Thru lane,unknown,unknown,SMV unattended vehicle,Unknown,Dark,07 - Dark,Municipal (excl. Twp. Rd.),No control,unknown,0,0,0,False,False,False,Clear,,False,SILVER ASPEN CRES; 18 SILVER ASPEN CRES; 3 M,3/7/2019 2:35:38 PM,,
43859,15-071197,1428321600000,2015,4,6,12,0,0,Monday,545925.78209,4802778.30131,-80.433082,43.376476,At/near private drive,2,P.D. only,Right shoulder,unknown,unknown,SMV unattended vehicle,Unknown,Daylight,01 - Daylight,Municipal (excl. Twp. Rd.),No control,unknown,0,0,0,False,False,False,Clear,,False,CRANBROOK ST; DOON SOUTH DR ; 50 M,3/7/2019 2:35:37 PM,,
43860,15-071283,1430931060000,2015,5,6,16,51,0,Wednesday,541699.29976,4813737.28499,-80.484416,43.475398,Intersection related,2,P.D. only,Thru lane,unknown,unknown,Rear end,Unknown,Daylight,01 - Daylight,Regional municipality,Stop sign,Functioning,0,0,0,False,True,False,Clear,,False,HAMEL AVE ; LANCASTER ST W; Near; 10 M,3/7/2019 2:35:36 PM,,
43861,15-071348,1428343800000,2015,4,6,18,10,0,Monday,541112.30945,4810747.67241,-80.49189899999999,43.448512,Intersection related,2,P.D. only,Thru lane,unknown,unknown,Other,Unknown,Daylight,01 - Daylight,Municipal (excl. Twp. Rd.),Stop sign,Functioning,0,0,0,False,False,False,Clear,,False,ONTARIO ST S; JOSEPH ST,3/7/2019 2:35:35 PM,,
43862,15-071425,1428346200000,2015,4,6,18,50,0,Monday,549507.0864,4806200.20442,-80.388566,43.407059,At/near private drive,1,Non-fatal injury,Thru lane,unknown,unknown,Rear end,Unknown,Daylight,01 - Daylight,Municipal (excl. Twp. Rd.),No control,unknown,0,0,0,False,False,False,Clear,,False,GATEWAY PARK DR,3/7/2019 2:35:35 PM,,
43863,15-071750,1428399180000,2015,4,7,9,33,0,Tuesday,539618.31449,4811374.44049,-80.510317,43.454235999999995,At intersection,1,Non-fatal injury,Within intersection,unknown,unknown,SMV other,Unknown,Daylight,01 - Daylight,Municipal (excl. Twp. Rd.),Traffic signal,Functioning,0,0,0,True,False,False,Clear,,False,PARK ST ; GLASGOW ST ; At,3/4/2020 10:19:56 AM,,
43864,15-071925,1428413700000,2015,4,7,13,35,0,Tuesday,542915.95828,4814147.7511,-80.469341,43.479025,At/near private drive,2,P.D. only,Right shoulder,unknown,unknown,Sideswipe,Unknown,Daylight,01 - Daylight,Regional municipality,Stop sign,Functioning,0,0,0,False,False,False,Clear,,False,TAGGE ST ; TAGGE ST ; Near; 25 M,3/7/2019 2:35:34 PM,,
43865,15-072084,1428332400000,2015,4,6,15,0,0,Monday,542850.88093,4811294.59506,-80.47037,43.453339,Intersection related,2,P.D. only,Thru lane,unknown,unknown,Rear end,Unknown,Daylight,01 - Daylight,Municipal (excl. Twp. Rd.),No control,unknown,0,0,0,False,False,False,Clear,,False,KRUG ST ; MELROSE AVE,3/7/2019 2:35:34 PM,,
43866,15-072605,1428490680000,2015,4,8,10,58,0,Wednesday,540987.70357,4810999.68935,-80.49342,43.450787999999996,Non intersection,2,P.D. only,Thru lane,unknown,unknown,SMV other,Unknown,Daylight,01 - Daylight,Municipal (excl. Twp. Rd.),No control,unknown,0,0,0,False,False,False,Clear,,False,HALLS LANE W; WATER ST S; 60 M,3/7/2019 2:35:33 PM,,
43867,15-073138,1428561840000,2015,4,9,6,44,0,Thursday,540021.80926,4810937.57721,-80.50536199999999,43.450281,Non intersection,1,Non-fatal injury,Thru lane,unknown,unknown,Sideswipe,Unknown,"Dark, artificial","08 - Dark, artificial",Municipal (excl. Twp. Rd.),No control,unknown,0,0,0,False,False,False,Rain,,False,PARK ST ; CHERRY ST ; 43 M,3/7/2019 2:35:32 PM,,
43868,15-073625,1428606600000,2015,4,9,19,10,0,Thursday,548510.47901,4806717.85,-80.40082799999999,43.411784999999995,At/near private drive,2,P.D. only,Thru lane,unknown,unknown,Rear end,Unknown,"Dark, artificial","08 - Dark, artificial",Municipal (excl. Twp. Rd.),No control,unknown,0,0,0,False,False,False,Rain,,False,DEER RIDGE DR; KING ST E; 75 M,3/7/2019 2:35:31 PM,,
43869,15-073828,1428636540000,2015,4,10,3,29,0,Friday,540446.99206,4810590.04997,-80.50013299999999,43.447129,Non intersection,2,P.D. only,Thru lane,unknown,unknown,SMV other,Unknown,"Dark, artificial","08 - Dark, artificial",Municipal (excl. Twp. Rd.),Stop sign,Functioning,0,0,0,False,False,False,Rain,,False,JUBILEE DR; DEVON ST ; 32 M,3/7/2019 2:35:31 PM,,
43870,15-074070,1428652800000,2015,4,10,8,0,0,Friday,543752.23877,4805550.50679,-80.45969,43.401567,At intersection,2,P.D. only,Within intersection,unknown,unknown,Turning movement,Unknown,Daylight,01 - Daylight,Municipal (excl. Twp. Rd.),Stop sign,Functioning,0,0,0,False,False,False,Clear,,False,BEASLEY DR; TRILLIUM DR; At,3/7/2019 2:35:30 PM,,
43871,15-074182,1428673860000,2015,4,10,13,51,0,Friday,541709.90689,4810677.26544,-80.48451899999999,43.447845,At intersection,2,P.D. only,Within intersection,unknown,unknown,Angle,Unknown,Daylight,01 - Daylight,Regional municipality,Stop sign,Functioning,0,0,0,False,False,False,Strong wind,,False,KING ST E; EBY ST S; 3 M,3/7/2019 2:35:29 PM,,
43872,15-074301,1428669000000,2015,4,10,12,30,0,Friday,540852.6078,4811181.78736,-80.495076,43.452435,Non intersection,2,P.D. only,Other,unknown,unknown,SMV unattended vehicle,Unknown,Daylight,01 - Daylight,Municipal (excl. Twp. Rd.),No control,unknown,0,0,0,False,False,False,Clear,,False,BELL LANE; WATER ST N; Near,3/7/2019 2:35:28 PM,,
43873,15-074866,1428752400000,2015,4,11,11,40,0,Saturday,539640.51599,4809593.59617,-80.510172,43.4382,At/near private drive,2,P.D. only,Thru lane,unknown,unknown,Turning movement,Unknown,Daylight,01 - Daylight,Municipal (excl. Twp. Rd.),No control,unknown,0,0,0,False,False,False,Clear,,False,LAWRENCE AVE ; 426 HIGHLAND RD W; Near; 9 M,3/7/2019 2:35:28 PM,,
43874,15-074996,1428750000000,2015,4,11,11,0,0,Saturday,540907.53605,4810836.83062,-80.494423,43.449326,At/near private drive,2,P.D. only,Thru lane,unknown,unknown,Other,Unknown,Daylight,01 - Daylight,Municipal (excl. Twp. Rd.),No control,unknown,0,0,0,False,False,False,Clear,,False,JOSEPH ST,3/7/2019 2:35:27 PM,,
43875,15-075075,1428769800000,2015,4,11,16,30,0,Saturday,539234.47528,4811445.71758,-80.515056,43.454898,At intersection,2,P.D. only,Within intersection,unknown,unknown,Angle,Unknown,Daylight,01 - Daylight,Municipal (excl. Twp. Rd.),Stop sign,Functioning,0,0,0,False,False,False,Clear,,False,YORK ST; MT HOPE ST; At,3/7/2019 2:35:26 PM,,
43876,15-075755,1428843780000,2015,4,12,13,3,0,Sunday,542241.15337,4806731.01223,-80.478259,43.412282999999995,At/near private drive,2,P.D. only,Not on roadway - right side,unknown,unknown,Angle,Unknown,Daylight,01 - Daylight,Municipal (excl. Twp. Rd.),No control,unknown,0,0,0,False,False,False,Clear,,False,THE COUNTRY WAY; 68 THE COUNTRY WAY; At; 3 M,3/7/2019 2:35:26 PM,,
43877,15-076326,1428868800000,2015,4,12,20,0,0,Sunday,544116.11768,4808529.43095,-80.454956,43.428368,Non intersection,2,P.D. only,Thru lane,unknown,unknown,SMV unattended vehicle,Unknown,Dusk,05 - Dusk,Municipal (excl. Twp. Rd.),No control,unknown,0,0,0,False,False,False,Clear,,False,FIFTH AVE; WILSON AVE ; Near,3/7/2019 2:35:25 PM,,
43878,15-077391,1429015980000,2015,4,14,12,53,0,Tuesday,542368.61576,4807745.90952,-80.47660599999999,43.421414,At/near private drive,2,P.D. only,Thru lane,unknown,unknown,Other,Unknown,Daylight,01 - Daylight,Municipal (excl. Twp. Rd.),No control,unknown,0,0,0,False,False,False,Clear,,False,KINGSWOOD DR ; 243 KINGSWOOD DR ; At; 1 M,3/7/2019 2:35:24 PM,,
43879,15-077598,1428890400000,2015,4,13,2,0,0,Monday,536401.69612,4807138.56722,-80.550356,43.416259,At/near private drive,2,P.D. only,Right shoulder,unknown,unknown,SMV unattended vehicle,Unknown,Dark,07 - Dark,Municipal (excl. Twp. Rd.),No control,unknown,0,0,0,False,False,False,Clear,,False,OLD MAPLE LANE,3/7/2019 2:35:22 PM,,
43880,15-077620,1429031100000,2015,4,14,17,5,0,Tuesday,544755.60772,4808023.7588,-80.447097,43.423777,Intersection related,2,P.D. only,Thru lane,unknown,unknown,Rear end,Unknown,Daylight,01 - Daylight,Municipal (excl. Twp. Rd.),Traffic signal,Functioning,0,0,0,False,False,False,Clear,,False,WILSON AVE; TRAYNOR AVE; At,3/7/2019 2:35:21 PM,,
43881,15-077637,1428939000000,2015,4,13,15,30,0,Monday,541036.95597,4810976.99931,-80.492813,43.450581,Non intersection,2,P.D. only,Thru lane,unknown,unknown,Sideswipe,Unknown,Daylight,01 - Daylight,Municipal (excl. Twp. Rd.),No control,unknown,0,0,0,False,False,False,Clear,,False,HALLS LANE W; GAUKEL ST,3/7/2019 2:35:20 PM,,
43882,15-077976,1429077600000,2015,4,15,6,0,0,Wednesday,543167.87782,4812685.11578,-80.466342,43.465841,Non intersection,2,P.D. only,Off highway,unknown,unknown,SMV other,Unknown,Dawn,03 - Dawn,Regional municipality,No control,unknown,0,0,0,False,False,False,Clear,,False,SHIRLEY AVE; SHIRLEY AVE ; 5 M,3/4/2020 10:19:55 AM,,
43883,15-078072,1429093500000,2015,4,15,10,25,0,Wednesday,538355.88392,4808162.59366,-80.526146,43.425382,At intersection,1,Non-fatal injury,Within intersection,unknown,unknown,Turning movement,Unknown,Daylight,01 - Daylight,Municipal (excl. Twp. Rd.),Stop sign,Functioning,0,0,0,False,False,False,Clear,,False,HILLBROOK CRES; ELM RIDGE DR; At,3/7/2019 2:35:18 PM,,
43884,15-078389,1429117080000,2015,4,15,16,58,0,Wednesday,545285.33624,4810941.45197,-80.440311,43.450016,At/near private drive,2,P.D. only,Thru lane,unknown,unknown,Rear end,Unknown,Daylight,01 - Daylight,Regional municipality,No control,unknown,0,0,0,False,False,False,Clear,,False,HOLBORN DR; HOLBORN DR ; 0 M,3/7/2019 2:35:17 PM,,
43885,15-078398,1429117560000,2015,4,15,17,6,0,Wednesday,541308.71283,4809727.44188,-80.489549,43.439315,At intersection,2,P.D. only,Within intersection,unknown,unknown,Turning movement,Unknown,Daylight,01 - Daylight,Municipal (excl. Twp. Rd.),No control,unknown,0,0,0,False,False,False,Clear,,False,MILL ST; SPADINA RD E; At,3/7/2019 2:35:16 PM,,
43886,15-078439,1428944400000,2015,4,13,17,0,0,Monday,545680.09705,4804691.10868,-80.43595499999999,43.393713999999996,At/near private drive,1,Non-fatal injury,Not on roadway - right side,unknown,unknown,SMV other,Unknown,Daylight,01 - Daylight,Municipal (excl. Twp. Rd.),No control,unknown,0,0,0,True,False,False,Clear,,False,PIONEER DR; PIONEER DR ; At; 2 M,3/7/2019 2:35:15 PM,,
43887,15-078473,1429117200000,2015,4,15,17,0,0,Wednesday,543133.78273,4805249.2177,-80.467351,43.39889,At intersection,2,P.D. only,Within intersection,unknown,unknown,Angle,Unknown,Daylight,01 - Daylight,Municipal (excl. Twp. Rd.),Stop sign,Functioning,0,0,0,False,False,False,Clear,,False,STRASBURG RD; BATTLER RD; At,3/7/2019 2:35:14 PM,,
43888,15-079150,1429204920000,2015,4,16,17,22,0,Thursday,537308.09424,4806774.90904,-80.539185,43.41294,Non intersection,2,P.D. only,Thru lane,unknown,unknown,Rear end,Unknown,Daylight,01 - Daylight,Municipal (excl. Twp. Rd.),No control,unknown,0,0,0,False,False,False,Rain,,False,DRIFTWOOD DR; YELLOW BIRCH DR ; 29 M,3/7/2019 2:35:13 PM,,
43889,15-079706,1429270800000,2015,4,17,11,40,0,Friday,539690.95636,4811294.34852,-80.509425,43.453511,Non intersection,2,P.D. only,Thru lane,unknown,unknown,Sideswipe,Unknown,Daylight,01 - Daylight,Municipal (excl. Twp. Rd.),No control,unknown,0,0,0,False,False,False,Clear,,False,PARK ST; GLASGOW ST; 100 M,3/7/2019 2:35:12 PM,,
43890,15-079801,1429272000000,2015,4,17,12,0,0,Friday,541941.20471,4810528.32317,-80.481672,43.446490999999995,Non intersection,2,P.D. only,Thru lane,unknown,unknown,Rear end,Unknown,Daylight,01 - Daylight,Regional municipality,No control,unknown,0,0,0,False,False,False,Clear,,False,KING ST E; Near,3/7/2019 2:35:10 PM,,
43891,15-079844,1429273800000,2015,4,17,12,30,0,Friday,541598.55856,4810783.19646,-80.48588699999999,43.448805,Non intersection,2,P.D. only,Thru lane,unknown,unknown,SMV unattended vehicle,Unknown,Daylight,01 - Daylight,Municipal (excl. Twp. Rd.),No control,unknown,0,0,0,False,False,False,Clear,,False,SCOTT ST; Near,3/7/2019 2:35:09 PM,,
43892,15-079888,1429281600000,2015,4,17,14,40,0,Friday,549461.40993,4806101.8014,-80.389139,43.406175999999995,At/near private drive,2,P.D. only,Thru lane,unknown,unknown,Other,Unknown,Daylight,01 - Daylight,Municipal (excl. Twp. Rd.),No control,unknown,0,0,0,False,False,False,Clear,,False,TU LANE ST; At,3/7/2019 2:35:08 PM,,
43893,15-079996,1429281900000,2015,4,17,14,45,0,Friday,543360.92973,4812867.38698,-80.46394099999999,43.467470999999996,Non intersection,1,Non-fatal injury,Thru lane,unknown,unknown,Rear end,Unknown,Daylight,01 - Daylight,Municipal (excl. Twp. Rd.),No control,unknown,0,0,0,False,False,False,Clear,,False,SHIRLEY AVE; Near,3/7/2019 2:35:07 PM,,
43894,15-080021,1429290600000,2015,4,17,17,10,0,Friday,543973.47169,4805140.46269,-80.456991,43.397861999999996,At intersection,2,P.D. only,Thru lane,unknown,unknown,SMV other,Unknown,Daylight,01 - Daylight,Regional municipality,No control,unknown,0,0,0,False,False,False,Clear,,False,HURON RD; HOMER WATSON BLVD,3/7/2019 2:35:06 PM,,