OBJECTID,ACCIDENTNUM,ACCIDENTDATE,ACCIDENT_YEAR,ACCIDENT_MONTH,ACCIDENT_DAY,ACCIDENT_HOUR,ACCIDENT_MINUTE,ACCIDENT_SECOND,ACCIDENT_WEEKDAY,XCOORD,YCOORD,LONGITUDE,LATITUDE,ACCIDENTLOCATION,COLLISIONTYPE,CLASSIFICATIONOFACCIDENT,IMPACTLOCATION,INITIALDIRECTIONOFTRAVELONE,INITIALDIRECTIONOFTRAVELTWO,INITIALIMPACTTYPE,INTTRAFFICCONTROL,LIGHT,LIGHTFORREPORT,ROADJURISDICTION,TRAFFICCONTROL,TRAFFICCONTROLCONDITION,THRULANENO,NORTHBOUNDDISOBEYCOUNT,SOUTHBOUNDDISOBEYCOUNT,PEDESTRIANINVOLVED,CYCLISTINVOLVED,MOTORCYCLISTINVOLVED,ENVIRONMENTCONDITION1,ENVIRONMENTCONDITION2,SELFREPORTED,XMLIMPORTNOTES,LASTEDITEDDATE,CREATE_BY,CREATE_DATE
43895,15-080081,1429290900000,2015,4,17,17,15,0,Friday,541957.14207,4810866.93799,-80.481449,43.449539,Intersection related,1,Non-fatal injury,Thru lane,unknown,unknown,Rear end,Unknown,Daylight,01 - Daylight,Municipal (excl. Twp. Rd.),Traffic signal,Functioning,0,0,0,False,False,False,Clear,,False,LANCASTER ST E; KRUG ST,3/7/2019 2:35:04 PM,,
43896,15-080611,1429297200000,2015,4,17,19,0,0,Friday,539895.92829,4809197.17117,-80.50704499999999,43.434616999999996,Non intersection,1,Non-fatal injury,Thru lane,unknown,unknown,Rear end,Unknown,Daylight,01 - Daylight,Municipal (excl. Twp. Rd.),No control,unknown,0,0,0,False,False,False,Clear,,False,QUEENS BLVD; Near,3/7/2019 2:35:03 PM,,
43897,15-080894,1429374180000,2015,4,18,16,23,0,Saturday,541068.0,4811108.0,0.0,0.0,Non intersection,2,P.D. only,Thru lane,unknown,unknown,Other,Unknown,Daylight,01 - Daylight,Municipal (excl. Twp. Rd.),No control,unknown,0,0,0,False,False,False,Clear,,False,FLORENCE AVE; 81 FLORENCE AVE.; 4 M,3/4/2020 10:19:55 AM,,
43898,15-082372,1429326000000,2015,4,18,3,0,0,Saturday,540427.84564,4810099.04471,-80.500406,43.442709,Non intersection,2,P.D. only,Thru lane,unknown,unknown,SMV unattended vehicle,Unknown,"Dark, artificial","08 - Dark, artificial",Regional municipality,No control,unknown,0,0,0,False,False,False,Clear,,False,HOMEWOOD AVE; QUEEN ST S; 600 M,3/7/2019 2:35:02 PM,,
43899,15-082457,1429545000000,2015,4,20,15,50,0,Monday,538929.37956,4805357.05394,-80.519261,43.400090999999996,Non intersection,2,P.D. only,Not on roadway - right side,unknown,unknown,SMV other,Unknown,Daylight,01 - Daylight,Regional municipality,No control,unknown,0,0,0,False,False,False,Clear,,False,SNOWDROP CRES; PURPLE SAGE CRES ; Near; 10 M,3/7/2019 2:35:02 PM,,
43900,15-083299,1429631100000,2015,4,21,15,45,0,Tuesday,540981.71615,4807056.76309,-80.49378999999999,43.415285999999995,At/near private drive,2,P.D. only,Thru lane,unknown,unknown,Sideswipe,Unknown,Daylight,01 - Daylight,Municipal (excl. Twp. Rd.),No control,unknown,0,0,0,False,False,False,Clear,,False,GREENOCK DR,3/7/2019 2:35:01 PM,,
43901,15-083764,1429698840000,2015,4,22,10,34,0,Wednesday,541364.03367,4810946.45747,-80.488773,43.450288,Non intersection,2,P.D. only,Not on roadway - right side,unknown,unknown,SMV other,Unknown,Daylight,01 - Daylight,Municipal (excl. Twp. Rd.),No control,unknown,0,0,0,False,False,False,Clear,,False,QUEEN ST N; GOUDIES LANE; At; 2 M,3/7/2019 2:34:59 PM,,
43902,15-084001,1429717320000,2015,4,22,15,42,0,Wednesday,539569.22201,4811426.35085,-80.51092,43.454705999999995,At intersection,2,P.D. only,Within intersection,unknown,unknown,Turning movement,Unknown,Daylight,01 - Daylight,Municipal (excl. Twp. Rd.),Stop sign,Functioning,0,0,0,False,False,False,Strong wind,,False,PARK ST ; GREEN ST,3/7/2019 2:34:59 PM,,
43903,15-084387,1429777800000,2015,4,23,8,30,0,Thursday,542815.81542,4808125.78536,-80.471052,43.424808999999996,Intersection related,2,P.D. only,Thru lane,unknown,unknown,Rear end,Stop sign,Daylight,01 - Daylight,Regional municipality,Stop sign,Functioning,0,0,0,False,False,False,Snow,,False,HAYWARD AVE ; HANSON AVE ; At,3/7/2019 2:34:58 PM,,
43904,15-084896,1429797600000,2015,4,23,14,0,0,Thursday,539146.38316,4810969.30866,-80.516179,43.450613,Intersection related,2,P.D. only,Thru lane,unknown,unknown,Sideswipe,Unknown,Daylight,01 - Daylight,Municipal (excl. Twp. Rd.),No control,unknown,0,0,0,False,False,False,Clear,,False,BELMONT AVE W; GLASGOW ST; Near; 100 M,3/7/2019 2:34:57 PM,,
43905,15-085329,1429837200000,2015,4,24,1,0,0,Friday,540632.29245,4810751.4257,-80.49783099999999,43.448572,At/near private drive,2,P.D. only,Thru lane,unknown,unknown,SMV unattended vehicle,Unknown,"Dark, artificial","08 - Dark, artificial",Municipal (excl. Twp. Rd.),No control,unknown,0,0,0,False,False,False,Clear,,False,HEINS AVE; At,3/7/2019 2:34:56 PM,,
43906,15-085618,1429895400000,2015,4,24,17,10,0,Friday,542573.16178,4806286.07783,-80.474193,43.408258,At/near private drive,2,P.D. only,Right shoulder,unknown,unknown,SMV other,Unknown,Daylight,01 - Daylight,Municipal (excl. Twp. Rd.),No control,unknown,0,0,0,False,False,False,Clear,,False,SOUTHWOOD DR; 47 SOUTHWOOD DR; 2 M,3/7/2019 2:34:55 PM,,
43907,15-086114,1429957320000,2015,4,25,10,22,0,Saturday,539069.30682,4808770.63471,-80.51728899999999,43.43082,Non intersection,2,P.D. only,Not on roadway - right side,unknown,unknown,SMV other,Unknown,Daylight,01 - Daylight,Municipal (excl. Twp. Rd.),No control,unknown,0,0,0,False,False,False,Clear,,False,QUEENS BLVD; KELLY DR ; Near; 20 M,3/7/2019 2:34:55 PM,,
43908,15-086196,1429962780000,2015,4,25,11,53,0,Saturday,546947.91768,4804958.79828,-80.420278,43.396046,Intersection related,2,P.D. only,Thru lane,unknown,unknown,Rear end,Unknown,Daylight,01 - Daylight,Municipal (excl. Twp. Rd.),Stop sign,Functioning,0,0,0,False,False,False,Clear,,False,MILL PARK DR; MORNINGVIEW PL,3/7/2019 2:34:54 PM,,
43909,15-086325,1429956600000,2015,4,25,10,10,0,Saturday,541956.41732,4810866.37817,-80.48145799999999,43.449534,Non intersection,2,P.D. only,Thru lane,unknown,unknown,Rear end,Unknown,Daylight,01 - Daylight,Municipal (excl. Twp. Rd.),No control,unknown,0,0,0,False,False,False,Clear,,False,KRUG ST; LANCASTER ST E; Near,3/7/2019 2:34:53 PM,,
43910,15-086932,1430042700000,2015,4,26,10,5,0,Sunday,540411.36176,4812321.61628,-80.500445,43.462722,At/near private drive,2,P.D. only,Thru lane,unknown,unknown,Other,Unknown,Daylight,01 - Daylight,Municipal (excl. Twp. Rd.),No control,unknown,0,0,0,False,False,False,Clear,,False,RAITAR AVE; 14 RAITAR AVE; 3 M,3/7/2019 2:34:53 PM,,
43911,15-086959,1428995700000,2015,4,14,7,15,0,Tuesday,538399.71114,4805238.96308,-80.52580999999999,43.399055,At/near private drive,2,P.D. only,Thru lane,unknown,unknown,SMV unattended vehicle,Unknown,Daylight,01 - Daylight,Municipal (excl. Twp. Rd.),No control,unknown,0,0,0,False,False,False,Clear,,False,ELIZA AVE,3/7/2019 2:34:52 PM,,
43912,15-087782,1429892400000,2015,4,24,16,20,0,Friday,537225.07816,4808086.29169,-80.540121,43.424752,Other,2,P.D. only,Off highway,unknown,unknown,Other,Unknown,Daylight,01 - Daylight,Private property,No control,unknown,0,0,0,False,False,False,Clear,,False,LANEWAY; HIGH ACRES CRES,3/7/2019 2:34:51 PM,,
43913,15-087815,1430066700000,2015,4,26,16,45,0,Sunday,542150.65116,4811364.92413,-80.479019,43.454012,At/near private drive,2,P.D. only,Thru lane,unknown,unknown,SMV unattended vehicle,Unknown,Daylight,01 - Daylight,Municipal (excl. Twp. Rd.),No control,unknown,0,0,0,False,False,False,Clear,,False,SAMUEL ST; At,3/7/2019 2:34:50 PM,,
43914,15-088597,1430186400000,2015,4,28,2,0,0,Tuesday,543890.63496,4812080.60896,-80.457456,43.460356,At/near private drive,2,P.D. only,Thru lane,unknown,unknown,SMV unattended vehicle,Unknown,"Dark, artificial","08 - Dark, artificial",Municipal (excl. Twp. Rd.),No control,unknown,0,0,0,False,False,False,Clear,,False,ROSEMOUNT DR,3/7/2019 2:34:50 PM,,
43915,15-088732,1430242980000,2015,4,28,17,43,0,Tuesday,543810.93066,4810788.77116,-80.458545,43.448729,Non intersection,2,P.D. only,Right shoulder,unknown,unknown,SMV other,Unknown,Daylight,01 - Daylight,Municipal (excl. Twp. Rd.),No control,unknown,0,0,0,False,False,False,Clear,,False,384 MANCHESTER RD; RIVER RD E; 250 M,3/7/2019 2:34:49 PM,,
43916,15-089378,1430310600000,2015,4,29,12,30,0,Wednesday,539619.29123,4811373.44668,-80.510305,43.454226999999996,At intersection,1,Non-fatal injury,Within intersection,unknown,unknown,SMV other,Unknown,Daylight,01 - Daylight,Municipal (excl. Twp. Rd.),Traffic signal,Functioning,0,0,0,True,False,False,Clear,,False,GLASGOW ST; PARK ST ; At,3/4/2020 10:04:35 AM,,
43917,15-089550,1430325180000,2015,4,29,16,33,0,Wednesday,541650.61068,4809312.17664,-80.485356,43.435556999999996,Intersection related,2,Non-reportable,Thru lane,unknown,unknown,Sideswipe,Unknown,Daylight,01 - Daylight,Municipal (excl. Twp. Rd.),Stop sign,Functioning,0,0,0,False,True,False,Clear,,False,MILL ST; HEIMAN ST; At,3/7/2019 2:34:48 PM,,
43918,15-089603,1430322000000,2015,4,29,15,40,0,Wednesday,539069.86405,4811132.56866,-80.517113,43.452087,At/near private drive,2,P.D. only,Left turn lane,unknown,unknown,Angle,Unknown,Daylight,01 - Daylight,Municipal (excl. Twp. Rd.),No control,unknown,0,0,0,False,False,False,Clear,,False,BELMONT AVE W; At,3/7/2019 2:34:48 PM,,
43919,15-089624,1430322300000,2015,4,29,15,45,0,Wednesday,543268.85234,4808887.55863,-80.465395,43.431642,Non intersection,2,P.D. only,Thru lane,unknown,unknown,Rear end,Unknown,Daylight,01 - Daylight,Municipal (excl. Twp. Rd.),No control,unknown,0,0,0,False,False,False,Clear,,False,DIXON ST; CARWOOD AVE; Near,3/7/2019 2:34:47 PM,,
43920,15-089647,1430333520000,2015,4,29,18,52,0,Wednesday,537582.27117,4807379.04184,-80.53575699999999,43.418366,Non intersection,2,P.D. only,Thru lane,unknown,unknown,Rear end,Unknown,Daylight,01 - Daylight,Municipal (excl. Twp. Rd.),No control,unknown,0,0,0,False,False,False,Clear,,False,WESTHEIGHTS DR ; DRIFTWOOD DR ; Near; 300 M,3/7/2019 2:34:46 PM,,
43921,15-089673,1430326800000,2015,4,29,17,0,0,Wednesday,540434.83511,4812144.16974,-80.500168,43.461123,At/near private drive,2,P.D. only,Thru lane,unknown,unknown,Other,Unknown,Daylight,01 - Daylight,Municipal (excl. Twp. Rd.),No control,unknown,0,0,0,False,False,False,Clear,,False,GUELPH ST; At,3/7/2019 2:34:45 PM,,
43922,15-089898,1430377920000,2015,4,30,7,12,0,Thursday,539081.72777,4811109.86992,-80.51696799999999,43.451882,At intersection,2,P.D. only,Within intersection,unknown,unknown,Angle,Unknown,Daylight,01 - Daylight,Municipal (excl. Twp. Rd.),Traffic signal,Functioning,0,0,0,False,False,False,Clear,,False,GLASGOW ST; BELMONT AVE W,3/7/2019 2:34:44 PM,,
43923,15-089994,1430362800000,2015,4,30,3,0,0,Thursday,542022.85005,4809230.07917,-80.480763,43.434796999999996,Other,2,P.D. only,Off highway,unknown,unknown,SMV other,Unknown,Dark,07 - Dark,Private property,No control,unknown,0,0,0,False,False,False,Clear,,False,DIRT PATHWAY; MILL ST ; At,3/7/2019 2:34:44 PM,,
43924,15-090103,1430289900000,2015,4,29,6,45,0,Wednesday,541695.77481,4808840.33445,-80.48483399999999,43.431306,Intersection related,2,P.D. only,Thru lane,unknown,unknown,SMV unattended vehicle,Unknown,Daylight,01 - Daylight,Municipal (excl. Twp. Rd.),No control,unknown,0,0,0,False,False,False,Clear,,False,HOFFMAN ST; KEHL ST; Near,3/7/2019 2:34:43 PM,,
43925,15-090119,1430332200000,2015,4,29,18,30,0,Wednesday,539342.47545,4811683.24065,-80.51370399999999,43.457031,At/near private drive,2,P.D. only,Thru lane,unknown,unknown,Turning movement,Unknown,Daylight,01 - Daylight,Municipal (excl. Twp. Rd.),No control,unknown,0,0,0,False,False,False,Clear,,False,MT HOPE ST; Near,3/7/2019 2:34:42 PM,,
43926,15-090262,1429826400000,2015,4,23,22,0,0,Thursday,541020.32119,4806605.98019,-80.493347,43.411224999999995,At/near private drive,2,P.D. only,Thru lane,unknown,unknown,SMV unattended vehicle,Unknown,Dark,07 - Dark,Municipal (excl. Twp. Rd.),No control,unknown,0,0,0,False,False,False,Clear,,False,HIGHCROFT CRT; Near,3/7/2019 2:34:41 PM,,
43927,15-090292,1430408820000,2015,4,30,15,47,0,Thursday,541651.49405,4809313.2927,-80.485345,43.435567,Intersection related,2,P.D. only,Thru lane,unknown,unknown,Sideswipe,Unknown,Daylight,01 - Daylight,Township,Stop sign,Functioning,0,0,0,False,False,False,Clear,,False,HEIMAN ST; MILL ST; Near; 10 M,3/7/2019 2:34:40 PM,,
43928,15-090383,1430413200000,2015,4,30,17,0,0,Thursday,547025.18582,4804643.80963,-80.41935099999999,43.393204999999995,At/near private drive,2,P.D. only,Off highway,unknown,unknown,SMV unattended vehicle,Unknown,Daylight,01 - Daylight,Regional municipality,No control,unknown,0,0,0,False,False,False,Clear,,False,MILL PARK DR; MILL VIEW ST ; 30 M,3/7/2019 2:34:40 PM,,
43929,15-090814,1430470380000,2015,5,1,8,53,0,Friday,543083.61899,4810047.41085,-80.467592,43.442096,Intersection related,2,P.D. only,Right shoulder,unknown,unknown,SMV unattended vehicle,Unknown,Daylight,01 - Daylight,Municipal (excl. Twp. Rd.),Stop sign,Functioning,0,0,0,False,False,False,Clear,,False,SYDNEY ST N; ROSEDALE AVE; At,3/7/2019 2:34:39 PM,,
43930,15-090910,1430477100000,2015,5,1,10,45,0,Friday,540431.3277,4809653.26635,-80.500396,43.438694999999996,Non intersection,2,P.D. only,Thru lane,unknown,unknown,Sideswipe,Unknown,Daylight,01 - Daylight,Municipal (excl. Twp. Rd.),No control,unknown,0,0,0,False,False,False,Clear,,False,QUEENS BLVD; REX DR ; Near; 5 M,3/7/2019 2:34:38 PM,,
43931,15-091056,1430409600000,2015,4,30,16,0,0,Thursday,539619.29645,4811372.55822,-80.510305,43.454218999999995,Non intersection,2,P.D. only,Thru lane,unknown,unknown,Sideswipe,Unknown,Daylight,01 - Daylight,Municipal (excl. Twp. Rd.),Traffic signal,Functioning,0,0,0,False,False,False,Clear,,False,PARK ST; GLASGOW ST,3/7/2019 2:34:37 PM,,
43932,15-091063,1430488980000,2015,5,1,14,3,0,Friday,542709.40755,4808221.95636,-80.472359,43.425681,At/near private drive,2,P.D. only,Thru lane,unknown,unknown,Rear end,Unknown,Daylight,01 - Daylight,Municipal (excl. Twp. Rd.),No control,unknown,0,0,0,False,False,False,Clear,,False,HANSON AVE; HANSON AVE; Near; 12 M,3/7/2019 2:34:35 PM,,
43933,15-091860,1430570880000,2015,5,2,12,48,0,Saturday,544733.55816,4811505.29588,-80.44708399999999,43.455126,Intersection related,2,P.D. only,Thru lane,unknown,unknown,Rear end,Unknown,Daylight,01 - Daylight,Municipal (excl. Twp. Rd.),Stop sign,Functioning,0,0,0,False,False,False,Clear,,False,RIVER RD E; GIBSON DR; 20 M,3/7/2019 2:34:35 PM,,
43934,15-091914,1430575380000,2015,5,2,14,3,0,Saturday,542164.8006,4810383.33877,-80.47892,43.445173,Intersection related,2,P.D. only,Thru lane,unknown,unknown,Rear end,Unknown,Daylight,01 - Daylight,Regional municipality,Stop sign,Functioning,0,0,0,False,False,False,Clear,,False,KING ST E; PANDORA AVE N; Near; 4 M,3/7/2019 2:34:34 PM,,
43935,15-091996,1430496000000,2015,5,1,16,0,0,Friday,547873.84435,4810481.21302,-80.408361,43.445710999999996,Other,2,P.D. only,Off highway,unknown,unknown,SMV other,Unknown,Daylight,01 - Daylight,Private property,No control,unknown,0,0,0,False,False,False,Clear,,False,PRIVATE LANEWAY; UPPER MERCER ST ; At,3/7/2019 2:34:33 PM,,
43936,15-092248,1430602800000,2015,5,2,21,40,0,Saturday,548935.4634,4806115.84958,-80.39563299999999,43.406337,At intersection,2,P.D. only,Within intersection,unknown,unknown,Turning movement,Unknown,Dark,07 - Dark,Municipal (excl. Twp. Rd.),Stop sign,Functioning,0,0,0,False,False,False,Clear,,False,PIONEER TOWER RD; BAXTER PL; At,3/7/2019 2:34:32 PM,,
43937,15-092380,1430613900000,2015,5,3,0,45,0,Sunday,540273.42434,4812038.69425,-80.50217099999999,43.460181999999996,Non intersection,2,P.D. only,Thru lane,unknown,unknown,SMV unattended vehicle,Unknown,Dark,07 - Dark,Municipal (excl. Twp. Rd.),No control,unknown,0,0,0,False,False,False,Clear,,False,GUELPH ST; WATERLOO ST ; 100 M,3/7/2019 2:34:32 PM,,
43938,15-092691,1430560800000,2015,5,2,10,0,0,Saturday,541721.67218,4808853.93299,-80.48451299999999,43.431427,At/near private drive,2,P.D. only,Thru lane,unknown,unknown,SMV unattended vehicle,Unknown,Daylight,01 - Daylight,Municipal (excl. Twp. Rd.),No control,unknown,0,0,0,False,False,False,Clear,,False,HOFFMAN ST; At,3/7/2019 2:34:31 PM,,
43939,15-092696,1430658000000,2015,5,3,13,0,0,Sunday,544864.73142,4812935.76414,-80.445345,43.467998,At/near private drive,2,P.D. only,Thru lane,unknown,unknown,Turning movement,Unknown,Daylight,01 - Daylight,Municipal (excl. Twp. Rd.),No control,unknown,0,0,0,False,False,False,Clear,,False,SUNRISE DR; At,3/7/2019 2:34:30 PM,,
43940,15-092869,1430676000000,2015,5,3,18,0,0,Sunday,541367.30037,4810875.62029,-80.488738,43.44965,Non intersection,2,P.D. only,Not on roadway - right side,unknown,unknown,SMV unattended vehicle,Unknown,Daylight,01 - Daylight,Regional municipality,No control,unknown,0,0,0,False,False,False,Clear,,False,KING ST E; 19 KING ST E; 4 M,3/7/2019 2:34:29 PM,,
43941,15-093149,1430722620000,2015,5,4,6,57,0,Monday,538053.31585,4807069.82471,-80.52996,43.415558,Intersection related,2,P.D. only,Not on roadway - right side,unknown,unknown,SMV other,Unknown,Daylight,01 - Daylight,Municipal (excl. Twp. Rd.),No control,unknown,0,0,0,False,False,False,Clear,,False,ROYAL ORCHARD DR ; ROYAL ORCHARD PL ; 10 M,3/7/2019 2:34:28 PM,,
43942,15-093217,1430730000000,2015,5,4,9,0,0,Monday,540069.20697,4810886.10427,-80.50478,43.449815,Overpass or bridge,2,P.D. only,Thru lane,unknown,unknown,SMV other,Unknown,Daylight,01 - Daylight,Municipal (excl. Twp. Rd.),Stop sign,Functioning,0,0,0,False,False,False,Clear,,False,PARK ST; CHERRY ST; 10 M,3/7/2019 2:34:28 PM,,
43943,15-093366,1429012800000,2015,4,14,12,0,0,Tuesday,542837.88441,4806523.53501,-80.470905,43.410381,Other,2,P.D. only,Off highway,unknown,unknown,SMV unattended vehicle,Unknown,Daylight,01 - Daylight,Private property,No control,unknown,0,0,0,False,False,False,Snow,,False,SANDSPRINGS CRES; At,3/7/2019 2:34:27 PM,,
43944,15-093393,1430730900000,2015,5,4,9,15,0,Monday,542586.34757,4816059.043,-80.47326699999999,43.496252999999996,At/near private drive,2,P.D. only,Thru lane,unknown,unknown,SMV unattended vehicle,Unknown,Daylight,01 - Daylight,Municipal (excl. Twp. Rd.),No control,unknown,0,0,0,False,False,False,Clear,,False,FALCONRIDGE DR; At,3/7/2019 2:34:26 PM,,
43945,15-093436,1430748000000,2015,5,4,14,0,0,Monday,541788.70564,4811997.61002,-80.48344399999999,43.459728999999996,At/near private drive,2,P.D. only,Right shoulder,unknown,unknown,SMV unattended vehicle,Unknown,Daylight,01 - Daylight,Municipal (excl. Twp. Rd.),No control,unknown,0,0,0,False,False,False,Clear,,False,BREITHAUPT ST W; LANCASTER ST W; 50 M,3/7/2019 2:34:26 PM,,
43946,15-093514,1430753520000,2015,5,4,15,32,0,Monday,541229.22081,4810749.71917,-80.490454,43.448524,Intersection related,2,P.D. only,Thru lane,unknown,unknown,Other,Unknown,Daylight,01 - Daylight,Municipal (excl. Twp. Rd.),Stop sign,Functioning,0,0,0,False,False,False,Clear,,False,QUEEN ST S; CHURCH ST; At,3/7/2019 2:34:25 PM,,
43947,15-093689,1430167140000,2015,4,27,20,39,0,Monday,544645.67288,4809076.34043,-80.448369,43.433260999999995,Non intersection,2,P.D. only,Thru lane,unknown,unknown,Other,Unknown,"Daylight, artificial","02 - Daylight, artificial",Municipal (excl. Twp. Rd.),No control,unknown,0,0,0,False,False,False,Clear,,False,KINGSWAY DR; FRANKLIN ST S; 41 M,3/7/2019 2:34:24 PM,,
43948,15-093875,1430803980000,2015,5,5,5,33,0,Tuesday,545856.88816,4804740.28523,-80.433768,43.394146,At intersection,1,Non-fatal injury,Within intersection,unknown,unknown,Turning movement,Unknown,"Dawn, artificial","04 - Dawn, artificial",Municipal (excl. Twp. Rd.),Stop sign,Functioning,0,0,0,False,False,False,Clear,,False,PIONEER DR ; OLD CARRIAGE DR,3/7/2019 2:34:22 PM,,
43949,15-094280,1430840100000,2015,5,5,15,35,0,Tuesday,542111.64907,4812323.58793,-80.479427,43.462646,Intersection related,2,P.D. only,Left turn lane,unknown,unknown,Rear end,Unknown,Daylight,01 - Daylight,Municipal (excl. Twp. Rd.),Stop sign,Functioning,0,0,0,False,False,False,Clear,,False,SPRING VALLEY RD; WELLINGTON ST N,3/7/2019 2:34:21 PM,,
43950,15-094383,1430676000000,2015,5,3,18,0,0,Sunday,540981.10151,4810142.36676,-80.493566,43.443069,At railway crossing,2,Non-reportable,Thru lane,unknown,unknown,Rear end,Unknown,Daylight,01 - Daylight,Municipal (excl. Twp. Rd.),Other,Functioning,0,0,0,False,False,False,Clear,,False,MILL ST; QUEEN ST S; Near,3/7/2019 2:34:21 PM,,
43951,15-094714,1430899860000,2015,5,6,8,11,0,Wednesday,542868.20472,4810784.26507,-80.470196,43.448743,At intersection,2,P.D. only,Within intersection,unknown,unknown,Angle,Unknown,Daylight,01 - Daylight,Municipal (excl. Twp. Rd.),Stop sign,Functioning,0,0,0,False,False,False,Clear,,False,EAST AVE; STIRLING AVE N,3/7/2019 2:34:20 PM,,
43952,15-094991,1430905200000,2015,5,6,9,40,0,Wednesday,546267.56516,4808546.73156,-80.428375,43.428394,Intersection related,2,P.D. only,Thru lane,unknown,unknown,Rear end,Unknown,Daylight,01 - Daylight,Municipal (excl. Twp. Rd.),Stop sign,Functioning,0,0,0,False,False,False,Clear,,False,SOUTHILL DR ; MORGAN AVE ; At,3/7/2019 2:34:19 PM,,
43953,15-095113,1430931300000,2015,5,6,16,55,0,Wednesday,538169.78865,4809835.77505,-80.528328,43.440456999999995,At/near private drive,2,P.D. only,Thru lane,unknown,unknown,Turning movement,Unknown,Daylight,01 - Daylight,Municipal (excl. Twp. Rd.),No control,unknown,0,0,0,False,False,False,Clear,,False,DALEGROVE DR; 19 DALEGROVE DR ; 0 M,3/7/2019 2:34:18 PM,,
43954,15-095228,1430937000000,2015,5,6,18,30,0,Wednesday,543069.28342,4807475.91311,-80.467972,43.418943,Intersection related,2,P.D. only,Thru lane,unknown,unknown,Sideswipe,Unknown,Daylight,01 - Daylight,Municipal (excl. Twp. Rd.),Yield sign,Functioning,0,0,0,False,False,False,Clear,,False,BLOCK LINE RD; HANOVER ST; At,3/7/2019 2:34:17 PM,,
43955,15-095521,1430985540000,2015,5,7,7,59,0,Thursday,544159.16372,4808630.77873,-80.454416,43.429278,At/near private drive,1,Non-fatal injury,Thru lane,unknown,unknown,Turning movement,Unknown,Daylight,01 - Daylight,Municipal (excl. Twp. Rd.),No control,unknown,0,0,0,False,True,False,Clear,,False,FIFTH AVE; FIFTH AVE ; Near; 3 M,3/7/2019 2:34:16 PM,,
43956,15-095651,1430995080000,2015,5,7,10,38,0,Thursday,540147.8087,4810119.4726,-80.50386499999999,43.442907999999996,Non intersection,2,Non-reportable,Thru lane,unknown,unknown,SMV other,Unknown,Daylight,01 - Daylight,Municipal (excl. Twp. Rd.),No control,unknown,0,0,0,False,False,False,Clear,,False,HOMEWOOD AVE; WEST AVE ; 9 M,3/7/2019 2:34:16 PM,,
43957,15-096036,1431025380000,2015,5,7,19,3,0,Thursday,539845.60856,4809604.46717,-80.507637,43.438286999999995,At intersection,1,Non-fatal injury,Within intersection,unknown,unknown,Angle,Unknown,Daylight,01 - Daylight,Municipal (excl. Twp. Rd.),Stop sign,Functioning,0,0,0,False,False,False,Clear,,False,ROXBOROUGH AVE; MARLBOROUGH AVE,3/7/2019 2:34:15 PM,,
43958,15-096402,1431073440000,2015,5,8,8,24,0,Friday,539806.41915,4809799.70298,-80.508107,43.440047,Non intersection,2,P.D. only,Thru lane,unknown,unknown,Sideswipe,Unknown,Daylight,01 - Daylight,Municipal (excl. Twp. Rd.),No control,unknown,0,0,0,False,False,False,Clear,,False,BELMONT AVE W; HIGHLAND RD W; Near; 50 M,3/7/2019 2:34:14 PM,,
43959,15-096769,1431079200000,2015,5,8,10,0,0,Friday,547157.99244,4809894.75461,-80.41725799999999,43.440476,At/near private drive,2,P.D. only,Not on roadway - right side,unknown,unknown,SMV unattended vehicle,Unknown,Daylight,01 - Daylight,Municipal (excl. Twp. Rd.),No control,unknown,0,0,0,False,False,False,Clear,,False,FAIRWAY CRES; At,3/7/2019 2:34:13 PM,,
43960,15-096912,1431105120000,2015,5,8,17,12,0,Friday,538823.91157,4811101.49422,-80.520155,43.45182,Non intersection,1,Non-fatal injury,Right shoulder,unknown,unknown,Sideswipe,Unknown,Daylight,01 - Daylight,Municipal (excl. Twp. Rd.),No control,unknown,0,0,0,False,True,False,Clear,,False,AVONDALE AVE; 664 AVONDALE AVE; Near; 20 M,3/7/2019 2:34:12 PM,,
43961,15-097307,1431135600000,2015,5,9,1,40,0,Saturday,541421.71016,4810764.55976,-80.488074,43.448647,Non intersection,2,P.D. only,Right shoulder,unknown,unknown,SMV other,Unknown,"Dark, artificial","08 - Dark, artificial",Municipal (excl. Twp. Rd.),No control,unknown,0,0,0,False,False,False,Clear,,False,HALLS LANE E; BENTON ST ; 16 M,3/7/2019 2:34:12 PM,,
43962,15-097386,1431145800000,2015,5,9,4,30,0,Saturday,545723.63143,4811004.16235,-80.434889,43.450554,Non intersection,1,Non-fatal injury,Off highway,unknown,unknown,SMV other,Unknown,"Dark, artificial","08 - Dark, artificial",Municipal (excl. Twp. Rd.),No control,unknown,0,0,0,False,False,False,Clear,,False,CHARTWELL CRT; CHARTWELL CRT ; 2 M,3/7/2019 2:34:10 PM,,
43963,15-097459,1431163440000,2015,5,9,9,24,0,Saturday,544515.54289,4811757.74076,-80.449758,43.457412,Non intersection,1,Non-fatal injury,Thru lane,unknown,unknown,Rear end,Unknown,Daylight,01 - Daylight,Regional municipality,No control,unknown,0,0,0,False,False,False,Clear,,False,RIVER RD E; LORRAINE AVE; Near; 100 M,3/7/2019 2:34:09 PM,,
43964,15-098569,1431283500000,2015,5,10,18,45,0,Sunday,541000.54254,4812054.62965,-80.49318199999999,43.460285999999996,Non intersection,2,P.D. only,Right shoulder,unknown,unknown,SMV unattended vehicle,Unknown,Dark,07 - Dark,Regional municipality,No control,unknown,0,0,0,False,False,False,Rain,,False,WILHEM ST.; MARGARET AVE N; Near; 100 M,3/4/2020 10:04:34 AM,,