OBJECTID,ACCIDENTNUM,ACCIDENTDATE,ACCIDENT_YEAR,ACCIDENT_MONTH,ACCIDENT_DAY,ACCIDENT_HOUR,ACCIDENT_MINUTE,ACCIDENT_SECOND,ACCIDENT_WEEKDAY,XCOORD,YCOORD,LONGITUDE,LATITUDE,ACCIDENTLOCATION,COLLISIONTYPE,CLASSIFICATIONOFACCIDENT,IMPACTLOCATION,INITIALDIRECTIONOFTRAVELONE,INITIALDIRECTIONOFTRAVELTWO,INITIALIMPACTTYPE,INTTRAFFICCONTROL,LIGHT,LIGHTFORREPORT,ROADJURISDICTION,TRAFFICCONTROL,TRAFFICCONTROLCONDITION,THRULANENO,NORTHBOUNDDISOBEYCOUNT,SOUTHBOUNDDISOBEYCOUNT,PEDESTRIANINVOLVED,CYCLISTINVOLVED,MOTORCYCLISTINVOLVED,ENVIRONMENTCONDITION1,ENVIRONMENTCONDITION2,SELFREPORTED,XMLIMPORTNOTES,LASTEDITEDDATE,CREATE_BY,CREATE_DATE
43965,15-098936,1431334800000,2015,5,11,9,0,0,Monday,544774.0799,4808070.1941,-80.446865,43.424194,At/near private drive,2,P.D. only,Thru lane,unknown,unknown,SMV unattended vehicle,Unknown,Daylight,01 - Daylight,Municipal (excl. Twp. Rd.),No control,unknown,0,0,0,False,False,False,Clear,,False,TRAYNOR AVE; Near,3/7/2019 2:34:09 PM,,
43966,15-099016,1431338400000,2015,5,11,10,0,0,Monday,541875.70285,4810742.93112,-80.48246499999999,43.448426999999995,At intersection,1,Non-fatal injury,Within intersection,unknown,unknown,Angle,Unknown,Daylight,01 - Daylight,Municipal (excl. Twp. Rd.),Stop sign,Functioning,0,0,0,False,False,False,Clear,,False,CEDAR ST N; DUKE ST E,3/7/2019 2:34:08 PM,,
43967,15-099192,1431354840000,2015,5,11,14,34,0,Monday,541181.43803,4809391.92496,-80.491147,43.436301,At intersection,1,Non-fatal injury,Within intersection,unknown,unknown,Turning movement,Unknown,Daylight,01 - Daylight,Regional municipality,Traffic signal,Functioning,0,0,0,False,False,False,Clear,,False,STIRLING AVE S; HIGHLAND RD E,3/7/2019 2:34:07 PM,,
43968,15-099201,1431355680000,2015,5,11,14,48,0,Monday,539710.36241,4809908.97589,-80.509286,43.441036,At intersection,1,Non-fatal injury,Within intersection,unknown,unknown,Angle,Unknown,Daylight,01 - Daylight,Regional municipality,Stop sign,Functioning,0,0,0,False,True,False,Clear,,False,BELMONT AVE W; METZLOFF DR; At,3/7/2019 2:34:06 PM,,
43969,15-099285,1431362100000,2015,5,11,16,35,0,Monday,541068.0,4811108.0,0.0,0.0,Non intersection,2,Non-reportable,Thru lane,unknown,unknown,Sideswipe,Unknown,Daylight,01 - Daylight,Municipal (excl. Twp. Rd.),No control,unknown,0,0,0,False,False,False,Clear,,False,UNION ST ; KING ST S; 60 M,3/4/2020 10:04:34 AM,,
43970,15-099425,1431376140000,2015,5,11,20,29,0,Monday,544883.32704,4804848.36036,-80.44578,43.395178,At intersection,1,Non-fatal injury,Within intersection,unknown,unknown,Turning movement,Unknown,"Dark, artificial","08 - Dark, artificial",Regional municipality,Traffic signal,Functioning,0,0,0,False,False,False,Rain,,False,DOON VILLAGE RD ; PIONEER DR ; At,3/7/2019 2:34:04 PM,,
43971,15-099518,1431387420000,2015,5,11,23,37,0,Monday,545907.83975,4809345.14307,-80.432752,43.435604999999995,At intersection,1,Non-fatal injury,Within intersection,unknown,unknown,Angle,Unknown,"Dark, artificial","08 - Dark, artificial",Township,Stop sign,Functioning,0,0,1,False,False,False,Clear,,False,KINZIE AVE; THALER AVE,3/7/2019 2:34:04 PM,,
43972,15-099916,1431442200000,2015,5,12,14,50,0,Tuesday,545853.0899,4809755.47879,-80.43339399999999,43.439302999999995,At intersection,1,Non-fatal injury,Within intersection,unknown,unknown,Turning movement,Unknown,Daylight,01 - Daylight,Municipal (excl. Twp. Rd.),Traffic signal,Functioning,0,0,0,False,False,False,Clear,,False,RIVER RD E; OLD CHICOPEE DR ; At,3/7/2019 2:34:03 PM,,
43973,15-100065,1431455400000,2015,5,12,18,30,0,Tuesday,546994.25758,4808375.61002,-80.419412,43.426808,At intersection,2,P.D. only,Within intersection,unknown,unknown,Turning movement,Unknown,Daylight,01 - Daylight,Municipal (excl. Twp. Rd.),Traffic signal,Functioning,0,0,0,False,True,False,Clear,,False,GRAND RIVER BLVD; RIVER RD E; At,3/7/2019 2:34:02 PM,,
43974,15-100244,1431472260000,2015,5,12,23,11,0,Tuesday,543071.30234,4805497.15099,-80.468103,43.401126,At intersection,2,P.D. only,Within intersection,unknown,unknown,Angle,Unknown,"Daylight, artificial","02 - Daylight, artificial",Regional municipality,Stop sign,Functioning,0,0,0,False,False,False,"Fog, mist, smoke, dust",,False,TRILLIUM DR ; STRASBURG RD ; At,3/7/2019 2:34:01 PM,,
43975,15-100317,1431488700000,2015,5,13,3,45,0,Wednesday,541418.18257,4808611.50426,-80.488281,43.429261,Non intersection,2,P.D. only,Right turn channel,unknown,unknown,SMV other,Unknown,"Dark, artificial","08 - Dark, artificial",Regional municipality,No control,unknown,0,0,0,False,False,False,Clear,,False,HOMER WATSON BLVD TO HWY 7 8  E; E HWY 7 8 ; 0 M,3/7/2019 2:34:00 PM,,
43976,15-100503,1431428400000,2015,5,12,11,0,0,Tuesday,545786.15861,4802616.53757,-80.43481899999999,43.375028,At/near private drive,2,P.D. only,Thru lane,unknown,unknown,SMV unattended vehicle,Unknown,Daylight,01 - Daylight,Municipal (excl. Twp. Rd.),No control,unknown,0,0,0,False,False,False,Clear,,False,THOMAS SLEE DR,3/7/2019 2:33:59 PM,,
43977,15-100715,1431529320000,2015,5,13,15,2,0,Wednesday,543071.55732,4805495.26458,-80.4681,43.401109,At intersection,2,P.D. only,Within intersection,unknown,unknown,Angle,Unknown,Daylight,01 - Daylight,Regional municipality,Stop sign,Functioning,0,0,1,False,False,False,Clear,,False,STRASBURG RD; TRILLIUM DR; At,3/7/2019 2:33:59 PM,,
43978,15-100784,1431444000000,2015,5,12,15,20,0,Tuesday,545855.48598,4807128.43338,-80.433585,43.415648999999995,Non intersection,2,P.D. only,Thru lane,unknown,unknown,Rear end,Unknown,Daylight,01 - Daylight,Municipal (excl. Twp. Rd.),No control,unknown,0,0,0,False,False,False,Clear,,False,WABANAKI DR; GOODRICH DR; Near,3/7/2019 2:33:58 PM,,
43979,15-100963,1431536400000,2015,5,13,17,0,0,Wednesday,540606.42538,4811579.78759,-80.498089,43.456032,At/near private drive,2,P.D. only,Thru lane,unknown,unknown,Other,Unknown,Daylight,01 - Daylight,Municipal (excl. Twp. Rd.),No control,unknown,0,0,0,False,False,False,Clear,,False,WELLINGTON ST N; At,3/7/2019 2:33:57 PM,,
43980,15-101288,1431546300000,2015,5,13,19,45,0,Wednesday,541041.08208,4809647.7317,-80.492862,43.438612,At/near private drive,2,P.D. only,Thru lane,unknown,unknown,Rear end,Unknown,Daylight,01 - Daylight,Regional municipality,No control,unknown,0,0,0,False,False,False,Clear,,False,HIGHLAND RD E; Near,3/7/2019 2:33:55 PM,,
43981,15-102366,1431705360000,2015,5,15,15,56,0,Friday,542446.49962,4807281.38614,-80.47568,43.417227,Intersection related,2,P.D. only,Thru lane,unknown,unknown,Turning movement,Unknown,Daylight,01 - Daylight,Municipal (excl. Twp. Rd.),Stop sign,Functioning,0,0,0,False,False,False,Clear,,False,COUNTRY HILL DR; BLOCK LINE RD,3/7/2019 2:33:54 PM,,
43982,15-102396,1431695400000,2015,5,15,13,10,0,Friday,541662.94462,4810407.20672,-80.48512,43.445415999999994,At intersection,2,P.D. only,Within intersection,unknown,unknown,Angle,Unknown,Daylight,01 - Daylight,Municipal (excl. Twp. Rd.),Stop sign,Functioning,0,1,0,False,False,False,Clear,,False,CEDAR ST S; CHURCH ST,3/7/2019 2:33:54 PM,,
43983,15-102423,1431705000000,2015,5,15,15,50,0,Friday,546415.12295,4803494.43549,-80.426981,43.382894,Intersection related,2,P.D. only,Thru lane,unknown,unknown,Turning movement,Unknown,Daylight,01 - Daylight,Municipal (excl. Twp. Rd.),Stop sign,Functioning,0,0,0,False,False,False,Clear,,False,DOON SOUTH DR; FOREST EDGE TRAIL; Near,3/7/2019 2:33:53 PM,,
43984,15-103660,1431830160000,2015,5,17,2,36,0,Sunday,536974.37626,4808250.28161,-80.543207,43.426241,Non intersection,2,P.D. only,Not on roadway - left side,unknown,unknown,SMV other,Unknown,"Dark, artificial","08 - Dark, artificial",Municipal (excl. Twp. Rd.),No control,unknown,0,0,0,False,False,False,Clear,,False,BANKSIDE DR; WESTFOREST TRAIL ; 50 M,3/7/2019 2:33:52 PM,,
43985,15-104003,1431876060000,2015,5,17,15,21,0,Sunday,538809.38349,4807677.74295,-80.520578,43.420992999999996,At/near private drive,1,Non-fatal injury,Thru lane,unknown,unknown,Other,Unknown,Daylight,01 - Daylight,Municipal (excl. Twp. Rd.),No control,unknown,0,0,0,False,False,False,Clear,,False,FORESTWOOD DR ;  27 FORESTWOOD DR ; Near; 3 M,3/7/2019 2:33:51 PM,,
43986,15-104677,1431953340000,2015,5,18,12,49,0,Monday,541068.0,4811108.0,0.0,0.0,Other,2,P.D. only,Off highway,unknown,unknown,SMV other,Unknown,Daylight,01 - Daylight,Private property,No control,unknown,0,0,0,False,False,False,Clear,,False,GALLERIA UNDERGOUND PARKING; FREDERICK ST E,3/7/2019 2:33:51 PM,,
43987,15-105034,1431982800000,2015,5,18,21,0,0,Monday,544761.86405,4811446.17653,-80.446739,43.454592,At intersection,2,P.D. only,Within intersection,unknown,unknown,SMV other,Unknown,"Dark, artificial","08 - Dark, artificial",Regional municipality,Traffic signal,Functioning,0,0,0,False,False,True,Clear,,False,RIVER RD E; HICKSON DR; At,3/7/2019 2:33:50 PM,,
43988,15-105182,1431998520000,2015,5,19,1,22,0,Tuesday,542254.0583,4807863.80444,-80.47801199999999,43.422481999999995,At/near private drive,2,P.D. only,Off highway,unknown,unknown,SMV other,Unknown,"Dark, artificial","08 - Dark, artificial",Municipal (excl. Twp. Rd.),No control,unknown,0,0,0,False,False,False,Clear,,False,ALPINE RD ; KINGSWOOD DR ; Near; 50 M,3/7/2019 2:33:49 PM,,
43989,15-105339,1432027320000,2015,5,19,9,22,0,Tuesday,541183.85634,4810691.91206,-80.491019,43.448006,At intersection,1,Non-fatal injury,Within intersection,unknown,unknown,SMV other,Unknown,Daylight,01 - Daylight,Municipal (excl. Twp. Rd.),Traffic signal,Functioning,0,0,0,True,False,False,Clear,,False,QUEEN ST S; JOSEPH ST,3/7/2019 2:33:48 PM,,
43990,15-105439,1431896400000,2015,5,17,21,0,0,Sunday,541610.71145,4811750.50688,-80.485663,43.457513999999996,Non intersection,2,P.D. only,Thru lane,unknown,unknown,SMV unattended vehicle,Unknown,Dark,07 - Dark,Regional municipality,No control,unknown,0,0,0,False,False,False,Clear,,False,ST LEGER ST; VICTORIA ST N; Near,3/7/2019 2:33:48 PM,,
43991,15-105492,1432034700000,2015,5,19,11,25,0,Tuesday,541952.25557,4810520.9508,-80.48153599999999,43.446424,At/near private drive,2,P.D. only,Not on roadway - left side,unknown,unknown,Sideswipe,Unknown,Daylight,01 - Daylight,Regional municipality,No control,unknown,0,0,0,False,True,False,Clear,,False,KING ST E; At,3/7/2019 2:33:47 PM,,
43992,15-105529,1432040400000,2015,5,19,13,0,0,Tuesday,541442.48707,4811083.43395,-80.487793,43.451516999999996,Non intersection,1,Non-fatal injury,Thru lane,unknown,unknown,SMV other,Unknown,Daylight,01 - Daylight,Municipal (excl. Twp. Rd.),No control,unknown,0,0,0,True,False,False,Clear,,False,QUEEN ST N; DUKE ST E; 80 M,3/7/2019 2:33:46 PM,,
43993,15-105635,1432051500000,2015,5,19,16,5,0,Tuesday,545333.03232,4813425.02099,-80.439515,43.472375,At/near private drive,2,P.D. only,Thru lane,unknown,unknown,Turning movement,Unknown,Daylight,01 - Daylight,Regional municipality,Traffic signal,Functioning,0,0,0,False,False,False,Clear,,False,BINGEMANS CENTRE DR; VICTORIA ST N; Near; 100 M,3/7/2019 2:33:45 PM,,
43994,15-106159,1432122660000,2015,5,20,11,51,0,Wednesday,545513.43344,4808471.63231,-80.437698,43.427763999999996,At/near private drive,1,Non-fatal injury,Thru lane,unknown,unknown,Angle,Unknown,Daylight,01 - Daylight,Municipal (excl. Twp. Rd.),Stop sign,Functioning,0,0,0,False,False,False,Clear,,False,KINGSWAY DR ; CEDARWOODS CRES ; At; 90 M,3/7/2019 2:33:45 PM,,
43995,15-106489,1432152900000,2015,5,20,20,15,0,Wednesday,543214.4425,4804527.61598,-80.46641199999999,43.392388,At intersection,2,P.D. only,Within intersection,unknown,unknown,SMV other,Unknown,Daylight,01 - Daylight,Regional municipality,Yield sign,Functioning,0,0,0,False,False,False,Clear,,False,STRASBURG RD; HURON RD; At,3/7/2019 2:33:44 PM,,
43996,15-107193,1432228800000,2015,5,21,17,20,0,Thursday,541827.52638,4807472.21118,-80.483311,43.41898,Non intersection,1,Non-fatal injury,Thru lane,unknown,unknown,Rear end,Unknown,Daylight,01 - Daylight,Regional municipality,No control,unknown,0,0,0,False,False,False,Clear,,False,STRASBURG RD; Near,3/7/2019 2:33:43 PM,,
43997,15-107208,1432227600000,2015,5,21,17,0,0,Thursday,537493.70899,4807392.98702,-80.53685,43.418496,Non intersection,2,P.D. only,Thru lane,unknown,unknown,SMV unattended vehicle,Unknown,Daylight,01 - Daylight,Municipal (excl. Twp. Rd.),No control,unknown,0,0,0,False,False,False,Clear,,False,WESTHEIGHTS DR; DRIFTWOOD DR ; At; 100 M,3/7/2019 2:33:43 PM,,
43998,15-107557,1432293300000,2015,5,22,11,15,0,Friday,541048.82823,4809638.22759,-80.492767,43.438525999999996,Non intersection,2,P.D. only,Not on roadway - right side,unknown,unknown,SMV other,Unknown,Daylight,01 - Daylight,Municipal (excl. Twp. Rd.),No control,unknown,0,0,0,False,False,False,Clear,,False,HIGHLAND RD E; 174 HIGHLAND RD E; At; 0 M,3/7/2019 2:33:42 PM,,
43999,15-107827,1432315800000,2015,5,22,17,30,0,Friday,541038.39945,4811178.47354,-80.49278,43.452394999999996,Intersection related,2,Non-reportable,Thru lane,unknown,unknown,Rear end,Unknown,Daylight,01 - Daylight,Regional municipality,Stop sign,Functioning,0,0,0,False,False,False,Clear,,False,DUKE ST W; COLLEGE ST; At,3/7/2019 2:33:41 PM,,
44000,15-108131,1432257360000,2015,5,22,1,16,0,Friday,545103.1314,4804762.97482,-80.443073,43.394396,Non intersection,2,P.D. only,Right shoulder,unknown,unknown,Sideswipe,Unknown,Dark,07 - Dark,Municipal (excl. Twp. Rd.),No control,unknown,0,0,0,False,False,False,Clear,,False,PIONEER DR; PIONEER DR ; Near; 5 M,3/7/2019 2:33:41 PM,,
44001,15-108212,1432362420000,2015,5,23,6,27,0,Saturday,537875.28469,4808411.20794,-80.532066,43.427645,Non intersection,2,P.D. only,Thru lane,unknown,unknown,SMV unattended vehicle,Unknown,Daylight,01 - Daylight,Municipal (excl. Twp. Rd.),No control,unknown,0,0,0,False,False,False,Clear,,False,BLACKWELL DR; MONTEAGLE CRES; 20 M,3/7/2019 2:33:40 PM,,
44002,15-108435,1432377000000,2015,5,23,10,30,0,Saturday,540772.26852,4812143.75972,-80.495997,43.461101,At/near private drive,2,P.D. only,Thru lane,unknown,unknown,SMV unattended vehicle,Unknown,Daylight,01 - Daylight,Municipal (excl. Twp. Rd.),No control,unknown,0,0,0,False,False,False,Clear,,False,AHRENS ST W; At,3/7/2019 2:33:39 PM,,
44003,15-108480,1432392540000,2015,5,23,14,49,0,Saturday,544885.68268,4811186.78097,-80.44523,43.452248999999995,At/near private drive,2,P.D. only,Left turn lane,unknown,unknown,Sideswipe,Unknown,Daylight,01 - Daylight,Municipal (excl. Twp. Rd.),No control,unknown,0,0,0,False,False,False,Clear,,False,RIVER RD E; OTTAWA ST N; At; 1 M,3/7/2019 2:33:38 PM,,
44004,15-109325,1432483800000,2015,5,24,16,10,0,Sunday,539495.72488,4811818.52114,-80.51180000000001,43.458241,At/near private drive,2,P.D. only,Thru lane,unknown,unknown,SMV unattended vehicle,Unknown,Daylight,01 - Daylight,Municipal (excl. Twp. Rd.),No control,unknown,0,0,0,False,False,False,Clear,,False,MARY ST; PINE ST; 20 M,3/7/2019 2:33:37 PM,,
44005,15-109729,1432454400000,2015,5,24,8,0,0,Sunday,546910.2056,4806912.66959,-80.420576,43.413641,At/near private drive,2,P.D. only,Thru lane,unknown,unknown,SMV unattended vehicle,Unknown,Daylight,01 - Daylight,Municipal (excl. Twp. Rd.),No control,unknown,0,0,0,False,False,False,Clear,,False,CANTERS CLOSE; At,3/7/2019 2:33:37 PM,,
44006,15-109730,1432528800000,2015,5,25,4,40,0,Monday,546326.61382,4809165.42027,-80.427593,43.433961,At/near private drive,1,Non-fatal injury,Not on roadway - right side,unknown,unknown,SMV other,Unknown,Dark,07 - Dark,Private property,No control,unknown,0,0,0,True,False,False,Clear,,False,RIVER RD E; 1401 RIVER RD E; At; 0 M,3/7/2019 2:33:36 PM,,
44007,15-109928,1432561980000,2015,5,25,13,53,0,Monday,541662.04286,4810409.08919,-80.485131,43.445433,At intersection,2,P.D. only,Within intersection,unknown,unknown,Angle,Unknown,Daylight,01 - Daylight,Municipal (excl. Twp. Rd.),Stop sign,Functioning,0,0,0,False,False,False,Clear,,False,CHURCH ST ; CEDAR ST S; At,3/7/2019 2:33:35 PM,,
44008,15-110011,1432570320000,2015,5,25,16,12,0,Monday,543764.96787,4807820.79241,-80.459351,43.422008,At/near private drive,2,P.D. only,Thru lane,unknown,unknown,Turning movement,Unknown,Daylight,01 - Daylight,Municipal (excl. Twp. Rd.),No control,unknown,0,0,0,False,False,False,Clear,,False,SHELLEY DR; 1144 COURTLAND AVE E; Near; 5 M,3/7/2019 2:33:34 PM,,
44009,15-110088,1432573800000,2015,5,25,17,10,0,Monday,541231.24072,4810948.64256,-80.490414,43.450314999999996,At intersection,1,Non-fatal injury,Within intersection,unknown,unknown,Angle,Unknown,Daylight,01 - Daylight,Municipal (excl. Twp. Rd.),Traffic signal,Functioning,0,0,0,False,True,False,Clear,,False,KING ST W; ONTARIO ST N,3/7/2019 2:33:34 PM,,
44010,15-110164,1432232100000,2015,5,21,18,15,0,Thursday,538241.073,4810009.10039,-80.527435,43.442014,At/near private drive,2,P.D. only,Thru lane,unknown,unknown,SMV unattended vehicle,Unknown,Daylight,01 - Daylight,Municipal (excl. Twp. Rd.),No control,unknown,0,0,0,False,False,False,Clear,,False,MARKWOOD DR,3/7/2019 2:33:33 PM,,
44011,15-110548,1432539600000,2015,5,25,7,40,0,Monday,542057.59199,4812300.4826,-80.480097,43.462441,At/near private drive,2,P.D. only,Thru lane,unknown,unknown,SMV other,Unknown,Daylight,01 - Daylight,Municipal (excl. Twp. Rd.),No control,unknown,0,0,0,False,False,False,Clear,,False,WELLINGTON ST N,3/7/2019 2:33:32 PM,,
44012,15-110681,1432627500000,2015,5,26,8,5,0,Tuesday,539617.66659,4811374.54774,-80.510325,43.454237,At intersection,2,P.D. only,Within intersection,unknown,unknown,Rear end,Unknown,Daylight,01 - Daylight,Municipal (excl. Twp. Rd.),Traffic signal,Functioning,0,0,0,False,False,False,Clear,,False,GLASGOW ST ; PARK ST,3/7/2019 2:33:32 PM,,
44013,15-110854,1432651800000,2015,5,26,14,50,0,Tuesday,543629.55034,4811021.04706,-80.460768,43.450831,At/near private drive,2,P.D. only,Thru lane,unknown,unknown,SMV unattended vehicle,Unknown,Daylight,01 - Daylight,Municipal (excl. Twp. Rd.),No control,unknown,0,0,0,False,False,False,Clear,,False,BURBANK RD; 95 BURBANK; At,3/7/2019 2:33:31 PM,,
44014,15-111424,1432716300000,2015,5,27,8,45,0,Wednesday,537552.8591,4808241.70445,-80.53606099999999,43.426134999999995,At intersection,2,P.D. only,Within intersection,unknown,unknown,Turning movement,Unknown,Daylight,01 - Daylight,Municipal (excl. Twp. Rd.),Stop sign,Functioning,0,0,0,False,False,False,Clear,,False,MONTANA CRES; BLACKWELL DR; At,3/7/2019 2:33:30 PM,,
44015,15-111591,1432733520000,2015,5,27,13,32,0,Wednesday,545453.8377,4806479.55955,-80.43860000000001,43.409831,Non intersection,2,P.D. only,Thru lane,unknown,unknown,Sideswipe,Unknown,Daylight,01 - Daylight,Regional municipality,No control,unknown,0,0,0,False,False,False,Clear,,False,WABANAKI DR; WILSON AVE; 100 M,3/7/2019 2:33:30 PM,,
44016,15-111774,1432668600000,2015,5,26,19,30,0,Tuesday,547869.43191,4810703.75177,-80.408396,43.447714999999995,At/near private drive,2,P.D. only,Right shoulder,unknown,unknown,SMV unattended vehicle,Unknown,Daylight,01 - Daylight,Municipal (excl. Twp. Rd.),No control,unknown,0,0,0,False,False,False,Clear,,False,COLTON CIR; Near,3/7/2019 2:33:29 PM,,
44017,15-111789,1432752300000,2015,5,27,18,45,0,Wednesday,544140.36507,4808844.11629,-80.45463099999999,43.431200000000004,At intersection,2,P.D. only,Within intersection,unknown,unknown,Angle,Unknown,Daylight,01 - Daylight,Municipal (excl. Twp. Rd.),Stop sign,Functioning,0,0,0,False,False,False,Clear,,False,FOURTH AVE; CONNAUGHT ST; At,3/7/2019 2:33:28 PM,,
44018,15-112096,1432796760000,2015,5,28,7,6,0,Thursday,542405.64307,4806619.87209,-80.476236,43.411273,At intersection,1,Non-fatal injury,Within intersection,unknown,unknown,Angle,Unknown,Daylight,01 - Daylight,Municipal (excl. Twp. Rd.),Stop sign,Functioning,0,0,0,False,False,False,Clear,,False,STRASBURG RD; OLD COUNTRY DR; At,3/4/2020 10:19:54 AM,,
44019,15-112238,1432809420000,2015,5,28,10,37,0,Thursday,546180.99996,4813736.42706,-80.42900499999999,43.475127,Non intersection,2,P.D. only,Thru lane,unknown,unknown,Other,Unknown,Daylight,01 - Daylight,Regional municipality,No control,unknown,0,0,0,False,False,False,Clear,,False,CENTENNIAL RD; CENTENNIAL CRT; Near; 21 M,3/7/2019 2:33:28 PM,,
44020,15-112529,1432830360000,2015,5,28,16,26,0,Thursday,547667.96805,4811295.51135,-80.410834,43.453056,Non intersection,1,Non-fatal injury,Thru lane,unknown,unknown,Approaching,Unknown,Daylight,01 - Daylight,Municipal (excl. Twp. Rd.),No control,unknown,0,0,0,False,False,False,Clear,,False,ZELLER DR; ZELLER CRES ; 30 M,3/7/2019 2:33:27 PM,,
44021,15-112596,1432835460000,2015,5,28,17,51,0,Thursday,545174.06992,4808828.74764,-80.441861,43.431000000000004,Non intersection,1,Non-fatal injury,Thru lane,unknown,unknown,Rear end,Unknown,Daylight,01 - Daylight,Regional municipality,No control,unknown,0,0,0,False,False,False,Clear,,False,KINGSWAY DR; KINGSWAYDR; Near; 150 M,3/7/2019 2:33:26 PM,,
44022,15-112769,1432848600000,2015,5,28,21,30,0,Thursday,539879.70021,4807218.52903,-80.50739,43.416802,At/near private drive,2,P.D. only,Right shoulder,unknown,unknown,SMV unattended vehicle,Unknown,Dark,07 - Dark,Municipal (excl. Twp. Rd.),No control,unknown,0,0,0,False,False,False,Clear,,False,WILKINS DR; WILKINS DR ; At; 2 M,3/7/2019 2:33:25 PM,,
44023,15-113191,1432900560000,2015,5,29,11,56,0,Friday,545111.59151,4807726.04069,-80.442724,43.421074999999995,Intersection related,2,P.D. only,Thru lane,unknown,unknown,Sideswipe,Unknown,Daylight,01 - Daylight,Municipal (excl. Twp. Rd.),No control,unknown,0,0,0,False,False,False,Clear,,False,WILSON AVE; FAIRWAY RD S; 20 M,3/7/2019 2:33:24 PM,,
44024,15-113879,1432915200000,2015,5,29,16,0,0,Friday,544656.08954,4812829.64584,-80.44793299999999,43.467054999999995,Non intersection,2,P.D. only,Not on roadway - right side,unknown,unknown,SMV unattended vehicle,Unknown,Daylight,01 - Daylight,Municipal (excl. Twp. Rd.),Stop sign,Functioning,0,0,0,False,True,False,Clear,,False,NATCHEZ RD ; CARSON DR ; Near; 30 M,3/4/2020 10:19:53 AM,,
44025,15-114094,1432987860000,2015,5,30,12,11,0,Saturday,542756.30643,4805392.52886,-80.47200099999999,43.400202,Non intersection,2,P.D. only,Thru lane,unknown,unknown,Other,Unknown,Daylight,01 - Daylight,Regional municipality,No control,unknown,0,0,0,False,False,False,Rain,,False,TRILLIUM DR; TRILLIUM DR ; 12 M,3/7/2019 2:33:22 PM,,
44026,15-114150,1432992300000,2015,5,30,13,25,0,Saturday,546752.25982,4808441.23232,-80.42239599999999,43.427414,At/near private drive,2,P.D. only,Thru lane,unknown,unknown,SMV unattended vehicle,Unknown,Daylight,01 - Daylight,Municipal (excl. Twp. Rd.),No control,unknown,0,0,0,False,False,False,Clear,,False,BERWICK PL ; BERWICK PL; At,3/7/2019 2:33:21 PM,,
44027,15-114237,1432999740000,2015,5,30,15,29,0,Saturday,541402.55134,4811011.88704,-80.488292,43.450874999999996,Intersection related,1,Non-fatal injury,Thru lane,unknown,unknown,Rear end,Unknown,Daylight,01 - Daylight,Municipal (excl. Twp. Rd.),Traffic signal,Functioning,0,0,0,False,False,False,Clear,,False,QUEEN ST N; DUKE ST E,3/7/2019 2:33:21 PM,,
44028,15-114263,1433001780000,2015,5,30,16,3,0,Saturday,541654.94678,4807679.16083,-80.485427,43.420853,Non intersection,2,P.D. only,Thru lane,unknown,unknown,SMV other,Unknown,Daylight,01 - Daylight,Municipal (excl. Twp. Rd.),No control,unknown,0,0,0,False,False,False,Rain,,False,STRASBURG RD; BARWOOD CRES ; At; 10 M,3/7/2019 2:33:20 PM,,
44029,15-114621,1433029200000,2015,5,30,23,40,0,Saturday,544755.30161,4808021.09129,-80.44710099999999,43.423753,Non intersection,2,P.D. only,Thru lane,unknown,unknown,Approaching,Unknown,"Dark, artificial","08 - Dark, artificial",Municipal (excl. Twp. Rd.),No control,unknown,0,0,0,False,False,False,Rain,,False,TRAYNOR AVE ; WILSON AVE ; Near,3/7/2019 2:33:19 PM,,
44030,15-114675,1433036940000,2015,5,31,1,49,0,Sunday,540440.29943,4810586.12268,-80.500216,43.447094,Non intersection,2,P.D. only,Not on roadway - right side,unknown,unknown,SMV other,Unknown,Dark,07 - Dark,Municipal (excl. Twp. Rd.),Stop sign,Functioning,0,0,0,False,False,False,Rain,,False,JUBILEE DR; DEVON ST; 23 M,3/7/2019 2:33:19 PM,,
44031,15-114707,1433040000000,2015,5,31,2,40,0,Sunday,538353.20741,4809786.17214,-80.526065,43.440000999999995,At intersection,2,P.D. only,Within intersection,unknown,unknown,SMV other,Unknown,"Dark, artificial","08 - Dark, artificial",Municipal (excl. Twp. Rd.),Stop sign,Functioning,0,0,0,False,False,False,Rain,,False,HAZELGLEN DR ; MOOREGATE CRES ; At,3/7/2019 2:33:18 PM,,
44032,15-114773,1433056380000,2015,5,31,7,13,0,Sunday,545403.71425,4808633.82086,-80.43903999999999,43.429231,Non intersection,1,Non-fatal injury,Not on roadway - right side,unknown,unknown,SMV other,Unknown,Daylight,01 - Daylight,Municipal (excl. Twp. Rd.),No control,unknown,0,0,0,False,False,False,Rain,,False,KINGSWAY DR; CEDARWOODS CRES ; 120 M,3/7/2019 2:33:16 PM,,
44033,15-114873,1433071080000,2015,5,31,11,18,0,Sunday,540580.41695,4810631.83341,-80.498481,43.447497999999996,At intersection,2,P.D. only,Within intersection,unknown,unknown,Turning movement,Unknown,Daylight,01 - Daylight,Regional municipality,Stop sign,Functioning,0,0,0,False,False,False,Rain,,False,JUBILEE DR ; HEINS AVE,3/7/2019 2:33:15 PM,,