OBJECTID,ACCIDENTNUM,ACCIDENTDATE,ACCIDENT_YEAR,ACCIDENT_MONTH,ACCIDENT_DAY,ACCIDENT_HOUR,ACCIDENT_MINUTE,ACCIDENT_SECOND,ACCIDENT_WEEKDAY,XCOORD,YCOORD,LONGITUDE,LATITUDE,ACCIDENTLOCATION,COLLISIONTYPE,CLASSIFICATIONOFACCIDENT,IMPACTLOCATION,INITIALDIRECTIONOFTRAVELONE,INITIALDIRECTIONOFTRAVELTWO,INITIALIMPACTTYPE,INTTRAFFICCONTROL,LIGHT,LIGHTFORREPORT,ROADJURISDICTION,TRAFFICCONTROL,TRAFFICCONTROLCONDITION,THRULANENO,NORTHBOUNDDISOBEYCOUNT,SOUTHBOUNDDISOBEYCOUNT,PEDESTRIANINVOLVED,CYCLISTINVOLVED,MOTORCYCLISTINVOLVED,ENVIRONMENTCONDITION1,ENVIRONMENTCONDITION2,SELFREPORTED,XMLIMPORTNOTES,LASTEDITEDDATE,CREATE_BY,CREATE_DATE
44034,15-114986,1433080800000,2015,5,31,14,0,0,Sunday,536763.10465,4808251.12611,-80.545817,43.426258999999995,Non intersection,2,P.D. only,Thru lane,unknown,unknown,SMV unattended vehicle,Unknown,Other,99 - Other,Municipal (excl. Twp. Rd.),No control,unknown,0,0,0,False,False,False,Rain,,False,WESTMEADOW DR; DAWN RIDGE DR ; 20 M,3/7/2019 2:33:15 PM,,
44035,15-115877,1433156400000,2015,6,1,11,0,0,Monday,543479.46838,4812222.99052,-80.462527,43.461662,At/near private drive,2,P.D. only,Thru lane,unknown,unknown,Other,Unknown,Daylight,01 - Daylight,Regional municipality,No control,unknown,0,0,0,False,False,False,Clear,,False,FREDERICK ST; At,3/7/2019 2:33:14 PM,,
44036,15-116211,1433227800000,2015,6,2,6,50,0,Tuesday,543340.7733,4811423.22751,-80.464305,43.454468999999996,Non intersection,2,P.D. only,Right shoulder,unknown,unknown,SMV unattended vehicle,Unknown,Daylight,01 - Daylight,Municipal (excl. Twp. Rd.),No control,unknown,0,0,0,False,False,False,Clear,,False,SHERWOOD AVE; 61 SHERWOOD AVE; At; 7 M,3/7/2019 2:33:13 PM,,
44037,15-116241,1433226600000,2015,6,2,6,30,0,Tuesday,537585.98355,4809879.69636,-80.535539,43.440881999999995,At/near private drive,2,P.D. only,Thru lane,unknown,unknown,SMV unattended vehicle,Unknown,Dawn,03 - Dawn,Municipal (excl. Twp. Rd.),No control,unknown,0,0,0,False,False,False,Clear,,False,SHADELAND CRES,3/7/2019 2:33:12 PM,,
44038,15-116394,1433245200000,2015,6,2,11,40,0,Tuesday,540517.20024,4811537.04725,-80.499195,43.455652,At intersection,1,Non-fatal injury,Within intersection,unknown,unknown,Angle,Unknown,Daylight,01 - Daylight,Municipal (excl. Twp. Rd.),Stop sign,Functioning,0,0,0,False,False,False,Clear,,False,WELLINGTON ST N; WATERLOO ST; At,3/7/2019 2:33:11 PM,,
44039,15-116599,1433259300000,2015,6,2,15,35,0,Tuesday,545131.4919,4807631.32704,-80.442486,43.420221,At/near private drive,2,P.D. only,Thru lane,unknown,unknown,Turning movement,Unknown,Daylight,01 - Daylight,Regional municipality,No control,unknown,0,0,0,False,False,False,Clear,,False,WILSON AVE; 385 FAIRWAY RD S; 20 M,3/7/2019 2:33:10 PM,,
44040,15-116612,1433250000000,2015,6,2,13,0,0,Tuesday,541920.32508,4810541.74281,-80.481929,43.446613,At/near private drive,2,P.D. only,Thru lane,unknown,unknown,Other,Unknown,Daylight,01 - Daylight,Regional municipality,No control,unknown,0,0,0,False,False,False,Clear,,False,KING ST E; At,3/7/2019 2:33:09 PM,,
44041,15-116622,1433262000000,2015,6,2,16,20,0,Tuesday,544047.51944,4808882.492,-80.455775,43.431551,At intersection,1,Non-fatal injury,Within intersection,unknown,unknown,SMV unattended vehicle,Unknown,Daylight,01 - Daylight,Regional municipality,Stop sign,Functioning,0,0,0,False,False,True,Clear,,False,CONNAUGHT ST; THIRD AVE ; At,3/7/2019 2:33:08 PM,,
44042,15-116731,1433271420000,2015,6,2,18,57,0,Tuesday,544661.19008,4805164.85585,-80.448497,43.398041,Non intersection,1,Non-fatal injury,Thru lane,unknown,unknown,SMV other,Unknown,Daylight,01 - Daylight,Municipal (excl. Twp. Rd.),No control,unknown,0,0,0,True,False,False,Clear,,False,MILLWOOD CRES; MILLWOOD CRES ; 5 M,3/7/2019 2:33:07 PM,,
44043,15-117235,1431971400000,2015,5,18,17,50,0,Monday,539427.38998,4810319.79566,-80.51275299999999,43.44475,At intersection,2,P.D. only,Within intersection,unknown,unknown,Sideswipe,Unknown,Daylight,01 - Daylight,Municipal (excl. Twp. Rd.),No control,unknown,0,0,0,False,False,False,Clear,,False,BELMONT AVE W; ADELAIDE ST,3/7/2019 2:33:06 PM,,
44044,15-117829,1433322000000,2015,6,3,9,0,0,Wednesday,541375.99268,4810870.00951,-80.488631,43.449599,At/near private drive,2,P.D. only,Thru lane,unknown,unknown,Rear end,Unknown,Daylight,01 - Daylight,Regional municipality,No control,unknown,0,0,0,False,False,False,Clear,,False,KING ST E; QUEEN ST N; Near,3/7/2019 2:33:05 PM,,
44045,15-118952,1433509800000,2015,6,5,13,10,0,Friday,544171.59309,4808660.95782,-80.45425999999999,43.429549,At/near private drive,2,P.D. only,Right shoulder,unknown,unknown,SMV unattended vehicle,Unknown,Daylight,01 - Daylight,Municipal (excl. Twp. Rd.),No control,unknown,0,0,0,False,True,False,Clear,,False,FIFTH AVE; FIFTH AVE; 8 M,3/7/2019 2:33:04 PM,,
44046,15-119001,1433502000000,2015,6,5,11,0,0,Friday,541468.19381,4811126.68393,-80.487472,43.451905,Non intersection,2,P.D. only,Thru lane,unknown,unknown,SMV unattended vehicle,Unknown,Daylight,01 - Daylight,Regional municipality,No control,unknown,0,0,0,False,False,False,Clear,,False,QUEEN ST N; WEBER ST W; Near; 30 M,3/7/2019 2:33:03 PM,,
44047,15-119234,1433536560000,2015,6,5,20,36,0,Friday,546228.07456,4805081.66434,-80.42915599999999,43.397197,Non intersection,2,P.D. only,Not on roadway - right side,unknown,unknown,SMV other,Unknown,Dusk,05 - Dusk,Municipal (excl. Twp. Rd.),No control,unknown,0,0,0,False,False,False,Clear,,False,MILL PARK DR; GREEN VALLEY DR; Near; 500 M,3/7/2019 2:33:03 PM,,
44048,15-119413,1433551260000,2015,6,6,0,41,0,Saturday,545136.47428,4813607.17664,-80.44193,43.474027,Non intersection,2,P.D. only,Not on roadway - right side,unknown,unknown,SMV other,Unknown,"Daylight, artificial","02 - Daylight, artificial",Municipal (excl. Twp. Rd.),No control,unknown,0,0,0,False,False,False,Clear,,False,SHIRLEY AVE ; BINGEMANS CENTRE DR ; Near; 69 M,3/7/2019 2:33:02 PM,,
44049,15-120256,1433642700000,2015,6,7,2,5,0,Sunday,537781.47756,4810475.85168,-80.533082,43.446239999999996,Intersection related,2,P.D. only,Thru lane,unknown,unknown,SMV other,Unknown,Dark,07 - Dark,Municipal (excl. Twp. Rd.),No control,unknown,0,0,0,False,False,False,Clear,,False,GLASGOW ST; KNELL DR; 25 M,3/7/2019 2:33:01 PM,,
44050,15-120258,1433642820000,2015,6,7,2,7,0,Sunday,546883.10391,4806979.56274,-80.42090499999999,43.414245,Non intersection,2,P.D. only,Thru lane,unknown,unknown,SMV other,Unknown,"Dark, artificial","08 - Dark, artificial",Municipal (excl. Twp. Rd.),No control,unknown,0,0,0,False,False,False,Clear,,False,HIDDEN VALLEY RD; PADDOCK CRT; 200 M,3/7/2019 2:33:01 PM,,
44051,15-120947,1433747700000,2015,6,8,7,15,0,Monday,541441.92052,4806406.53604,-80.48815499999999,43.409406,At/near private drive,2,P.D. only,Thru lane,unknown,unknown,SMV unattended vehicle,Unknown,Daylight,01 - Daylight,Municipal (excl. Twp. Rd.),No control,unknown,0,0,0,False,False,False,Rain,,False, 228 RITTENHOUSE RD; ERINBROOK DR ; 100 M,3/7/2019 2:33:00 PM,,
44052,15-120975,1433752440000,2015,6,8,8,34,0,Monday,542833.72964,4807152.66963,-80.470907,43.416046,At/near private drive,2,P.D. only,Thru lane,unknown,unknown,Approaching,Unknown,Daylight,01 - Daylight,Municipal (excl. Twp. Rd.),No control,unknown,0,0,0,False,False,False,Rain,,False,CHERRY HILL DR; CHERRY HILL DR ; 5 M,3/7/2019 2:32:59 PM,,
44053,15-121670,1433806200000,2015,6,8,23,30,0,Monday,544618.30583,4808882.13427,-80.448723,43.431514,Non intersection,2,P.D. only,Thru lane,unknown,unknown,SMV unattended vehicle,Unknown,Dark,07 - Dark,Municipal (excl. Twp. Rd.),No control,unknown,0,0,0,False,False,False,Rain,,False,KINGSWAY DR ; KINGSWAY DR ; Near,3/4/2020 10:19:53 AM,,
44054,15-121917,1433853120000,2015,6,9,12,32,0,Tuesday,540984.94336,4810828.19377,-80.493467,43.449244,At intersection,1,Non-fatal injury,Within intersection,unknown,unknown,Angle,Unknown,Daylight,01 - Daylight,Municipal (excl. Twp. Rd.),Stop sign,Functioning,0,0,0,False,True,False,Clear,,False,JOSEPH ST ; GAUKEL ST ; At,3/7/2019 2:32:58 PM,,
44055,15-122279,1433876400000,2015,6,9,19,0,0,Tuesday,542803.61889,4810914.01907,-80.470984,43.449915,Non intersection,2,P.D. only,Thru lane,unknown,unknown,SMV unattended vehicle,Unknown,Daylight,01 - Daylight,Municipal (excl. Twp. Rd.),No control,unknown,0,0,0,False,False,False,Clear,,False,PANDORA AVE N; EAST AVE,3/7/2019 2:32:57 PM,,
44056,15-122614,1433791200000,2015,6,8,19,20,0,Monday,539303.03948,4810329.39827,-80.51428899999999,43.444843,At intersection,2,P.D. only,Within intersection,unknown,unknown,Turning movement,Unknown,Daylight,01 - Daylight,Municipal (excl. Twp. Rd.),Stop sign,Functioning,0,0,0,False,False,False,Rain,,False,KARN ST; BRYBECK CRES; At,3/7/2019 2:32:56 PM,,
44057,15-122749,1433930400000,2015,6,10,10,0,0,Wednesday,544956.83969,4811035.87728,-80.444363,43.450886,Non intersection,2,P.D. only,Thru lane,unknown,unknown,Rear end,Unknown,Daylight,01 - Daylight,Regional municipality,No control,unknown,0,0,0,False,False,False,Clear,,False,RIVER RD E; OTTAWA ST N; Near,3/7/2019 2:32:56 PM,,
44058,15-122898,1433941200000,2015,6,10,13,0,0,Wednesday,541589.15275,4806966.41043,-80.486294,43.414439,At intersection,2,P.D. only,Within intersection,unknown,unknown,Angle,Unknown,Daylight,01 - Daylight,Municipal (excl. Twp. Rd.),Stop sign,Functioning,0,0,0,False,False,False,Clear,,False,BLACKHORNE DR; MCLENNAN PARK GATE,3/7/2019 2:32:55 PM,,
44059,15-122992,1433950200000,2015,6,10,15,30,0,Wednesday,539675.78878,4806484.77269,-80.509962,43.410205999999995,At intersection,1,Non-fatal injury,Within intersection,unknown,unknown,SMV other,Unknown,Daylight,01 - Daylight,Municipal (excl. Twp. Rd.),Stop sign,Functioning,0,0,0,True,False,False,Clear,,False,ACTIVA AVE; WILDERNESS DR,3/7/2019 2:32:54 PM,,
44060,15-123607,1434025140000,2015,6,11,12,19,0,Thursday,543216.05018,4804529.5143,-80.466392,43.392405,At intersection,2,P.D. only,Within intersection,unknown,unknown,Sideswipe,Unknown,Daylight,01 - Daylight,Regional municipality,Yield sign,Functioning,0,0,0,False,False,False,Clear,,False,HURON RD; STRASBURG RD; At,3/7/2019 2:32:53 PM,,
44061,15-123859,1434033000000,2015,6,11,14,30,0,Thursday,540007.21723,4803047.97479,-80.50612,43.379242999999995,Other,2,P.D. only,Off highway,unknown,unknown,SMV other,Unknown,Dark,07 - Dark,Private property,No control,unknown,0,0,0,False,False,False,Clear,,False,HURON RD ; HURON RD ; At,3/7/2019 2:32:53 PM,,
44062,15-123910,1434008820000,2015,6,11,7,47,0,Thursday,540559.92185,4809613.27916,-80.49880999999999,43.438328,At/near private drive,1,Non-fatal injury,Thru lane,unknown,unknown,Other,Unknown,Daylight,01 - Daylight,Municipal (excl. Twp. Rd.),No control,unknown,0,0,0,False,False,False,Clear,,False,REX DR; QUEEN ST N; At; 150 M,3/7/2019 2:32:51 PM,,
44063,15-124023,1433955600000,2015,6,10,17,0,0,Wednesday,541917.07957,4813833.26183,-80.48171599999999,43.47625,At/near private drive,1,Non-fatal injury,Thru lane,unknown,unknown,Turning movement,Unknown,Daylight,01 - Daylight,Municipal (excl. Twp. Rd.),No control,unknown,0,0,0,False,True,False,Clear,,False,RIVERBEND DR; 630 RIVERBEND DR; Near; 1 M,3/4/2020 10:04:33 AM,,
44064,15-124186,1434078120000,2015,6,12,3,2,0,Friday,541980.47163,4807286.8006,-80.481436,43.417302,At/near private drive,2,P.D. only,Thru lane,unknown,unknown,Other,Unknown,Dark,07 - Dark,Regional municipality,No control,unknown,0,0,0,False,False,False,Rain,,False,STRASBURG RD; 588 STRASBURG RD; 3 M,3/7/2019 2:32:50 PM,,
44065,15-124355,1434099600000,2015,6,12,9,0,0,Friday,541760.93767,4810329.07042,-80.483915,43.444707,Intersection related,2,P.D. only,Not on roadway - right side,unknown,unknown,SMV other,Unknown,Daylight,01 - Daylight,Municipal (excl. Twp. Rd.),Stop sign,Functioning,0,0,0,False,False,False,Clear,,False,CHURCH ST ; MADISON AVE S,3/7/2019 2:32:50 PM,,
44066,15-124369,1434102780000,2015,6,12,9,53,0,Friday,539316.75001,4810614.79385,-80.514099,43.447412,At intersection,1,Non-fatal injury,Within intersection,unknown,unknown,Turning movement,Unknown,Daylight,01 - Daylight,Municipal (excl. Twp. Rd.),Traffic signal,Functioning,0,0,0,False,False,False,Clear,,False,BELMONT AVE W; GAGE AVE ; At,3/7/2019 2:32:49 PM,,
44067,15-124473,1434112200000,2015,6,12,12,30,0,Friday,544428.07026,4812532.93418,-80.45077599999999,43.464397,At/near private drive,1,Non-fatal injury,Thru lane,unknown,unknown,Other,Unknown,Daylight,01 - Daylight,Municipal (excl. Twp. Rd.),No control,unknown,0,0,0,False,False,False,Rain,,False,CARSON DR ; 200 CARSON DR; At; 3 M,3/7/2019 2:32:48 PM,,
44068,15-124540,1434124800000,2015,6,12,16,0,0,Friday,541176.47072,4809582.47562,-80.491194,43.438016999999995,At/near private drive,2,P.D. only,Thru lane,unknown,unknown,SMV unattended vehicle,Unknown,Daylight,01 - Daylight,Municipal (excl. Twp. Rd.),No control,unknown,0,0,0,False,False,False,Clear,,False,RUSSEL ST; 61 RUSSELL ST; 100 M,3/4/2020 10:19:52 AM,,
44069,15-124580,1434120000000,2015,6,12,14,40,0,Friday,540224.90032,4811995.31257,-80.502774,43.459793999999995,Non intersection,2,P.D. only,Thru lane,unknown,unknown,SMV unattended vehicle,Unknown,Daylight,01 - Daylight,Municipal (excl. Twp. Rd.),No control,unknown,0,0,0,False,True,False,Clear,,False,WATERLOO ST; GUELPH ST ; 20 M,3/4/2020 10:19:51 AM,,
44070,15-124620,1434123840000,2015,6,12,15,44,0,Friday,545364.65445,4811022.39447,-80.439324,43.450739999999996,At intersection,2,P.D. only,Within intersection,unknown,unknown,Angle,Unknown,Daylight,01 - Daylight,Municipal (excl. Twp. Rd.),Stop sign,Functioning,0,0,0,False,False,False,Clear,,False,OLD CHICOPEE DR; HOLBORN DR; At,3/7/2019 2:32:47 PM,,
44071,15-124631,1434121200000,2015,6,12,15,0,0,Friday,541750.44807,4810650.86164,-80.48402,43.447604999999996,Non intersection,2,P.D. only,Thru lane,unknown,unknown,Turning movement,Unknown,Daylight,01 - Daylight,Regional municipality,No control,unknown,0,0,0,False,False,False,Rain,,False,KING ST E; KING ST E; Near,3/7/2019 2:32:46 PM,,
44072,15-125420,1434201300000,2015,6,13,13,15,0,Saturday,541579.26634,4810473.8823,-80.486149,43.446020999999995,Intersection related,2,P.D. only,Thru lane,unknown,unknown,Turning movement,Unknown,Daylight,01 - Daylight,Municipal (excl. Twp. Rd.),Stop sign,Functioning,0,0,0,False,False,False,Clear,,False,CHURCH ST; EBY ST S; At,3/7/2019 2:32:45 PM,,
44073,15-125941,1434253200000,2015,6,14,3,40,0,Sunday,546529.87302,4810908.7236,-80.424933,43.449645,At/near private drive,2,P.D. only,Right shoulder,unknown,unknown,SMV unattended vehicle,Unknown,Dark,07 - Dark,Municipal (excl. Twp. Rd.),No control,unknown,0,0,0,False,False,False,Clear,,False,OLDFIELD DR; OLDFIELD DR ; At; 2 M,3/7/2019 2:32:45 PM,,
44074,15-125953,1434168000000,2015,6,13,4,0,0,Saturday,544510.9297,4808632.20218,-80.45007,43.429269999999995,At/near private drive,2,P.D. only,Thru lane,unknown,unknown,SMV unattended vehicle,Unknown,"Dark, artificial","08 - Dark, artificial",Municipal (excl. Twp. Rd.),No control,unknown,0,0,0,False,False,False,Clear,,False,EIGHTH AVE; 144 EIGHTH AVE; Near; 5 M,3/7/2019 2:32:44 PM,,
44075,15-125997,1434251100000,2015,6,14,3,5,0,Sunday,543283.19791,4807143.20953,-80.465356,43.415935,At/near private drive,2,P.D. only,Thru lane,unknown,unknown,SMV unattended vehicle,Unknown,"Daylight, artificial","02 - Daylight, artificial",Municipal (excl. Twp. Rd.),Stop sign,Functioning,0,0,0,False,False,False,Rain,,False,BRISBANE CRT; BRISBANE CRT; Near; 2 M,3/7/2019 2:32:42 PM,,
44076,15-126071,1434279600000,2015,6,14,11,0,0,Sunday,549462.34576,4806106.695,-80.389127,43.40622,At/near private drive,2,P.D. only,Thru lane,unknown,unknown,Angle,Unknown,Daylight,01 - Daylight,Municipal (excl. Twp. Rd.),No control,unknown,0,0,0,False,False,False,Rain,,False,TU LANE ST ; KING ST E; 140 M,3/7/2019 2:32:42 PM,,
44077,15-127126,1434396900000,2015,6,15,19,35,0,Monday,545236.80124,4804527.53051,-80.441442,43.392268,At/near private drive,2,P.D. only,Right shoulder,unknown,unknown,SMV unattended vehicle,Unknown,Dusk,05 - Dusk,Regional municipality,No control,unknown,0,0,0,False,False,False,Clear,,False,DOON VILLAGE RD; DOON VILLAGE RD ; At; 10 M,3/7/2019 2:32:41 PM,,
44078,15-127639,1434454200000,2015,6,16,11,30,0,Tuesday,547890.95651,4810042.96944,-80.408188,43.441764,At/near private drive,2,P.D. only,Thru lane,unknown,unknown,Other,Unknown,Daylight,01 - Daylight,Municipal (excl. Twp. Rd.),No control,unknown,0,0,0,False,False,False,Clear,,False,EDGEWATER CRES; At,3/7/2019 2:32:40 PM,,
44079,15-128279,1434530760000,2015,6,17,8,46,0,Wednesday,541068.0,4811108.0,0.0,0.0,At intersection,2,P.D. only,Thru lane,unknown,unknown,Turning movement,Unknown,Daylight,01 - Daylight,Regional municipality,Stop sign,Functioning,0,0,0,False,False,False,Clear,,False,OTTAWA ST S; MILL ST,3/4/2020 10:19:50 AM,,
44080,15-128313,1434533280000,2015,6,17,9,28,0,Wednesday,545364.66043,4811021.50601,-80.439324,43.450731999999995,At intersection,2,P.D. only,Within intersection,unknown,unknown,Angle,Unknown,Daylight,01 - Daylight,Municipal (excl. Twp. Rd.),Stop sign,Functioning,0,0,1,False,False,False,Clear,,False,HOLBORN DR ; OLD CHICOPEE DR,3/7/2019 2:32:40 PM,,
44081,15-128618,1434555300000,2015,6,17,15,35,0,Wednesday,545079.28167,4813535.93554,-80.44264299999999,43.473389,At intersection,2,P.D. only,Within intersection,unknown,unknown,Turning movement,Unknown,Daylight,01 - Daylight,Municipal (excl. Twp. Rd.),Stop sign,Functioning,0,0,0,False,False,False,Clear,,False,BINGEMANS CENTRE DR; SHIRLEY DR,3/7/2019 2:32:39 PM,,
44082,15-128648,1434560520000,2015,6,17,17,2,0,Wednesday,549272.60015,4806287.44995,-80.391454,43.40786,At/near private drive,2,P.D. only,Other,unknown,unknown,Turning movement,Unknown,Daylight,01 - Daylight,Municipal (excl. Twp. Rd.),No control,unknown,0,0,0,False,False,False,Clear,,False,GATEWAY PARK DR; 50 GATEWAY PARK DR ; 0 M,3/7/2019 2:32:38 PM,,
44083,15-129392,1434640260000,2015,6,18,15,11,0,Thursday,542011.0837,4810482.00135,-80.480812,43.44607,Non intersection,2,P.D. only,Thru lane,unknown,unknown,Sideswipe,Unknown,Daylight,01 - Daylight,Regional municipality,No control,unknown,0,0,0,False,False,False,Clear,,False,KING ST E; CAMERON ST N; 10 M,3/7/2019 2:32:37 PM,,
44084,15-129429,1434642840000,2015,6,18,15,54,0,Thursday,541309.91719,4809729.00412,-80.48953399999999,43.439329,Intersection related,2,P.D. only,Off highway,unknown,unknown,SMV other,Unknown,Daylight,01 - Daylight,Municipal (excl. Twp. Rd.),No control,unknown,0,0,0,False,False,False,Clear,,False,SPADINA RD E; 165 MILL ST,3/7/2019 2:32:37 PM,,
44085,15-129482,1434582000000,2015,6,17,23,0,0,Wednesday,545039.68833,4811981.2382,-80.44326099999999,43.459393,At/near private drive,2,P.D. only,Right shoulder,unknown,unknown,SMV unattended vehicle,Unknown,"Dark, artificial","08 - Dark, artificial",Municipal (excl. Twp. Rd.),No control,unknown,0,0,0,False,False,False,Clear,,False,MONTCALM DR; MONTCALM DR; Near,3/4/2020 10:19:50 AM,,
44086,15-130272,1434735300000,2015,6,19,17,35,0,Friday,541957.13032,4810868.82597,-80.481449,43.449556,At intersection,2,P.D. only,Within intersection,unknown,unknown,Angle,Unknown,Daylight,01 - Daylight,Municipal (excl. Twp. Rd.),Stop sign,Functioning,0,0,0,False,False,False,Clear,,False,LANCASTER ST E; KRUG ST ; At,3/4/2020 10:19:49 AM,,
44087,15-130310,1434737700000,2015,6,19,18,15,0,Friday,539002.74279,4811280.33536,-80.517932,43.453421,At intersection,2,P.D. only,Within intersection,unknown,unknown,Turning movement,Unknown,Daylight,01 - Daylight,Municipal (excl. Twp. Rd.),Stop sign,Functioning,0,0,0,False,False,False,Clear,,False,BELMONT AVE W; CLAREMONT AVE,3/7/2019 2:32:35 PM,,
44088,15-130331,1434741120000,2015,6,19,19,12,0,Friday,541223.80947,4808696.1638,-80.490676,43.430034,At/near private drive,2,P.D. only,Thru lane,unknown,unknown,Other,Unknown,Daylight,01 - Daylight,Regional municipality,No control,unknown,0,0,0,False,False,False,Clear,,False,HIGHLAND RD E; 461 HIGHLAND RD E; Near; 2 M,3/7/2019 2:32:35 PM,,
44089,15-130570,1434763560000,2015,6,20,1,26,0,Saturday,548009.90947,4804627.41451,-80.40719399999999,43.392995,Non intersection,1,Non-fatal injury,Not on roadway - right side,unknown,unknown,SMV other,Unknown,"Dark, artificial","08 - Dark, artificial",Municipal (excl. Twp. Rd.),No control,unknown,0,0,0,False,False,False,Clear,,False,OLD MILL RD; OLD MILL RD ; 13 M,3/7/2019 2:32:34 PM,,
44090,15-131817,1434914400000,2015,6,21,19,20,0,Sunday,544117.2395,4811895.05991,-80.45467,43.458672,At intersection,2,P.D. only,Within intersection,unknown,unknown,Angle,Unknown,Daylight,01 - Daylight,Municipal (excl. Twp. Rd.),Stop sign,Functioning,0,0,0,False,False,False,Clear,,False,RIVER RD E; MANCHESTER RD,3/7/2019 2:32:33 PM,,
44091,15-131981,1434931020000,2015,6,21,23,57,0,Sunday,546235.51878,4811378.159,-80.42853099999999,43.45389,Non intersection,2,P.D. only,Thru lane,unknown,unknown,SMV unattended vehicle,Unknown,"Dark, artificial","08 - Dark, artificial",Municipal (excl. Twp. Rd.),No control,unknown,0,0,0,False,False,False,Clear,,False,CASEY DR; CASEY DR ; At; 3 M,3/7/2019 2:32:32 PM,,
44092,15-132272,1434972540000,2015,6,22,11,29,0,Monday,542119.48112,4812778.87973,-80.479295,43.466744999999996,At intersection,2,P.D. only,Within intersection,unknown,unknown,Turning movement,Unknown,Daylight,01 - Daylight,Municipal (excl. Twp. Rd.),Stop sign,Functioning,0,0,0,False,False,False,Clear,,False,GUELPH ST; MAPLE AVE,3/7/2019 2:32:32 PM,,
44093,15-132401,1434980160000,2015,6,22,13,36,0,Monday,540647.8468,4807968.77376,-80.497846,43.423516,Non intersection,2,P.D. only,Thru lane,unknown,unknown,Sideswipe,Unknown,Daylight,01 - Daylight,Municipal (excl. Twp. Rd.),Stop sign,Functioning,0,0,0,False,False,False,Clear,,False,CHANDLER DR; LEACREST CRT ; Near; 25 M,3/7/2019 2:32:31 PM,,
44094,15-132600,1434204000000,2015,6,13,14,0,0,Saturday,538674.66695,4807354.89453,-80.52226499999999,43.418093,At/near private drive,2,P.D. only,Thru lane,unknown,unknown,SMV unattended vehicle,Unknown,Daylight,01 - Daylight,Municipal (excl. Twp. Rd.),No control,unknown,0,0,0,False,False,False,Clear,,False,FORESTWOOD DR; Near,3/7/2019 2:32:30 PM,,
44095,15-133665,1435127400000,2015,6,24,6,30,0,Wednesday,541466.73589,4809534.94302,-80.487611,43.437573,At intersection,1,Non-fatal injury,Within intersection,unknown,unknown,Angle,Unknown,Daylight,01 - Daylight,Municipal (excl. Twp. Rd.),Traffic signal,Functioning,0,0,1,False,False,False,Clear,,False,STIRLING AVE S; MILL ST; At,3/7/2019 2:32:30 PM,,
44096,15-133793,1435130100000,2015,6,24,7,15,0,Wednesday,538776.82892,4808890.89152,-80.520894,43.431917999999996,At intersection,2,P.D. only,Within intersection,unknown,unknown,Angle,Unknown,Daylight,01 - Daylight,Municipal (excl. Twp. Rd.),Stop sign,Functioning,0,0,0,False,False,False,Clear,,False,EAGEN DR; OVERLEA DR; At,3/7/2019 2:32:29 PM,,
44097,15-134394,1435193640000,2015,6,25,0,54,0,Thursday,537605.70429,4810392.01769,-80.53526,43.445494,Non intersection,1,Non-fatal injury,Thru lane,unknown,unknown,SMV other,Unknown,Dark,07 - Dark,Municipal (excl. Twp. Rd.),No control,unknown,0,0,0,False,False,False,Clear,,False,GLASGOW ST; KNELL DR ; Near; 56 M,3/7/2019 2:32:28 PM,,
44098,15-134745,1435219200000,2015,6,25,8,0,0,Thursday,545898.94934,4810781.78507,-80.432741,43.448541,At/near private drive,2,P.D. only,Thru lane,unknown,unknown,SMV unattended vehicle,Unknown,Daylight,01 - Daylight,Municipal (excl. Twp. Rd.),No control,unknown,0,0,0,False,False,False,Clear,,False,EDENBRIDGE DR,3/7/2019 2:32:27 PM,,
44099,15-134885,1435220700000,2015,6,25,8,25,0,Thursday,541232.21776,4810947.64898,-80.490402,43.450306,Non intersection,2,P.D. only,Thru lane,unknown,unknown,Rear end,Unknown,Daylight,01 - Daylight,Regional municipality,No control,unknown,0,0,0,False,False,False,Clear,,False,KING ST W; ONTARIO ST N; Near,3/7/2019 2:32:27 PM,,
44100,15-134974,1435251360000,2015,6,25,16,56,0,Thursday,541109.09714,4811168.24246,-80.491907,43.452299,Other,2,P.D. only,Off highway,unknown,unknown,SMV other,Unknown,Daylight,01 - Daylight,Private property,No control,unknown,0,0,0,False,False,False,Clear,,False,CONSTRUCTION SITE; DUKE ST W; At,3/7/2019 2:32:26 PM,,
44101,15-136629,1435434240000,2015,6,27,19,44,0,Saturday,543073.8951,4812796.57597,-80.467495,43.46685,At intersection,2,P.D. only,Within intersection,unknown,unknown,Angle,Unknown,Daylight,01 - Daylight,Municipal (excl. Twp. Rd.),No control,unknown,0,0,0,False,False,False,Rain,,False,RIVERBEND DR; SHIRLEY AVE,3/7/2019 2:32:25 PM,,
44102,15-137584,1435570320000,2015,6,29,9,32,0,Monday,546758.26076,4803611.08362,-80.422735,43.383922999999996,Non intersection,2,P.D. only,Off highway,unknown,unknown,SMV other,Unknown,Daylight,01 - Daylight,Municipal (excl. Twp. Rd.),No control,unknown,0,0,0,False,False,False,Clear,,False,QUAIL HOLLOW ; QUAIL HOLLOW; Near; 5 M,3/7/2019 2:32:24 PM,,