OBJECTID,ACCIDENTNUM,ACCIDENTDATE,ACCIDENT_YEAR,ACCIDENT_MONTH,ACCIDENT_DAY,ACCIDENT_HOUR,ACCIDENT_MINUTE,ACCIDENT_SECOND,ACCIDENT_WEEKDAY,XCOORD,YCOORD,LONGITUDE,LATITUDE,ACCIDENTLOCATION,COLLISIONTYPE,CLASSIFICATIONOFACCIDENT,IMPACTLOCATION,INITIALDIRECTIONOFTRAVELONE,INITIALDIRECTIONOFTRAVELTWO,INITIALIMPACTTYPE,INTTRAFFICCONTROL,LIGHT,LIGHTFORREPORT,ROADJURISDICTION,TRAFFICCONTROL,TRAFFICCONTROLCONDITION,THRULANENO,NORTHBOUNDDISOBEYCOUNT,SOUTHBOUNDDISOBEYCOUNT,PEDESTRIANINVOLVED,CYCLISTINVOLVED,MOTORCYCLISTINVOLVED,ENVIRONMENTCONDITION1,ENVIRONMENTCONDITION2,SELFREPORTED,XMLIMPORTNOTES,LASTEDITEDDATE,CREATE_BY,CREATE_DATE
44103,15-137664,1435404600000,2015,6,27,11,30,0,Saturday,544958.78153,4811035.89023,-80.444339,43.450886,Intersection related,2,P.D. only,Left turn lane,unknown,unknown,Angle,Unknown,Daylight,01 - Daylight,Regional municipality,Traffic signal,Functioning,0,0,0,False,False,False,Clear,,False,RIVER RD E; OTTAWA ST N; At,3/7/2019 2:32:22 PM,,
44104,15-137774,1435585920000,2015,6,29,13,52,0,Monday,543755.87971,4809221.77527,-80.459351,43.434622999999995,Non intersection,1,Non-fatal injury,Thru lane,unknown,unknown,SMV other,Unknown,Daylight,01 - Daylight,Municipal (excl. Twp. Rd.),No control,unknown,0,0,0,False,False,False,Clear,,False,DICKSON ST; ECKERT ST ; 19 M,3/4/2020 10:19:49 AM,,
44105,15-138086,1435610640000,2015,6,29,20,44,0,Monday,544857.18567,4806308.42076,-80.445983,43.408325999999995,Non intersection,1,Non-fatal injury,Not on roadway - right side,unknown,unknown,SMV other,Unknown,Dusk,05 - Dusk,Municipal (excl. Twp. Rd.),No control,unknown,0,0,0,False,False,True,Clear,,False,WABANAKI DR; MANITOU DR ; 90 M,3/7/2019 2:32:21 PM,,
44106,15-138427,1435660920000,2015,6,30,10,42,0,Tuesday,539391.3833,4810416.20823,-80.51319099999999,43.44562,Non intersection,1,Non-fatal injury,Thru lane,unknown,unknown,Rear end,Unknown,Daylight,01 - Daylight,Municipal (excl. Twp. Rd.),No control,unknown,0,0,0,False,False,False,Clear,,False,BELMONT AVE W; KARN ST ; 50 M,3/7/2019 2:32:20 PM,,
44107,15-138495,1435651200000,2015,6,30,8,0,0,Tuesday,542863.72586,4808152.96642,-80.470458,43.425050999999996,Other,2,P.D. only,Not on roadway - right side,unknown,unknown,SMV unattended vehicle,Unknown,Daylight,01 - Daylight,Municipal (excl. Twp. Rd.),No control,unknown,0,0,0,False,False,False,Clear,,False,HAYWARD AVE; HAYWARD AVE ; Near,3/7/2019 2:32:19 PM,,
44108,15-138772,1435600800000,2015,6,29,18,0,0,Monday,542206.19857,4810737.66218,-80.478381,43.448361,At/near private drive,2,P.D. only,Thru lane,unknown,unknown,SMV unattended vehicle,Unknown,Daylight,01 - Daylight,Municipal (excl. Twp. Rd.),No control,unknown,0,0,0,False,False,False,Rain,,False,CAMERON ST N,3/7/2019 2:32:19 PM,,
44109,15-138844,1435698960000,2015,6,30,21,16,0,Tuesday,538737.23601,4807779.72604,-80.521462,43.421915,Non intersection,2,unknown,Thru lane,unknown,unknown,SMV unattended vehicle,Unknown,Daylight,01 - Daylight,Municipal (excl. Twp. Rd.),No control,unknown,0,0,0,False,False,False,Clear,,False,MCGARRY DR; ELM RIDGE DR ; 100 M,3/7/2019 2:32:18 PM,,
44110,15-139907,1435779000000,2015,7,1,19,30,0,Wednesday,539678.19736,4807466.00574,-80.509861,43.419041,At/near private drive,2,P.D. only,Thru lane,unknown,unknown,SMV unattended vehicle,Unknown,Daylight,01 - Daylight,Municipal (excl. Twp. Rd.),No control,unknown,0,0,0,False,False,False,Clear,,False,WINDALE CRES; 51 WINDALE CRES,3/7/2019 2:32:17 PM,,
44111,15-140051,1435840740000,2015,7,2,12,39,0,Thursday,542108.38988,4807130.33521,-80.479868,43.415886,Intersection related,1,Non-fatal injury,Left turn lane,unknown,unknown,Rear end,Unknown,Daylight,01 - Daylight,Regional municipality,Traffic signal,Functioning,0,0,0,False,False,False,Clear,,False,STRASBURG RD; BLOCK LINE RD ; At; 0.26 K,3/7/2019 2:32:15 PM,,
44112,15-140213,1435850400000,2015,7,2,15,20,0,Thursday,543749.85233,4811995.73041,-80.459203,43.4596,At/near private drive,2,P.D. only,Off highway,unknown,unknown,Other,Unknown,Daylight,01 - Daylight,Private property,No control,unknown,0,0,0,False,False,False,Clear,,False,DRIVEWAY; RIVER RD E; At,3/7/2019 2:32:15 PM,,
44113,15-140317,1435842000000,2015,7,2,13,0,0,Thursday,539068.73391,4811132.11786,-80.517127,43.452082999999995,At/near private drive,2,P.D. only,Thru lane,unknown,unknown,Turning movement,Unknown,Daylight,01 - Daylight,Municipal (excl. Twp. Rd.),No control,unknown,0,0,0,False,False,False,Clear,,False,BELMONT AVE W; At,3/7/2019 2:32:14 PM,,
44114,15-140490,1435880880000,2015,7,2,23,48,0,Thursday,538299.42441,4807955.70067,-80.52685799999999,43.423522,At/near private drive,2,P.D. only,Thru lane,unknown,unknown,SMV unattended vehicle,Unknown,Dark,07 - Dark,Municipal (excl. Twp. Rd.),No control,unknown,0,0,0,False,False,False,Clear,,False,SILVER ASPEN CRES; 169 SILVER ASPEN CRES; Near; 1 M,3/7/2019 2:32:13 PM,,
44115,15-141257,1435965120000,2015,7,3,23,12,0,Friday,544610.59941,4809092.76763,-80.448801,43.433411,Intersection related,1,Non-fatal injury,Thru lane,unknown,unknown,Rear end,Unknown,Dark,07 - Dark,Municipal (excl. Twp. Rd.),Traffic signal,Functioning,0,0,0,False,False,False,Clear,,False,KINGSWAY DR ; FRANKLIN ST S; 10 M,3/7/2019 2:32:12 PM,,
44116,15-142968,1436119200000,2015,7,5,18,0,0,Sunday,536084.53124,4807632.52384,-80.55424099999999,43.420722,At/near private drive,2,P.D. only,Not on roadway - right side,unknown,unknown,SMV other,Unknown,Daylight,01 - Daylight,Municipal (excl. Twp. Rd.),No control,unknown,0,0,0,False,False,False,Clear,,False,FIRE HYDRANT; RAUCH CRT; At,3/7/2019 2:32:11 PM,,
44117,15-143169,1436191920000,2015,7,6,14,12,0,Monday,541296.94449,4811067.21419,-80.489593,43.451378999999996,Intersection related,2,P.D. only,Thru lane,unknown,unknown,Sideswipe,Unknown,Daylight,01 - Daylight,Municipal (excl. Twp. Rd.),Traffic signal,Functioning,0,0,0,False,True,False,Clear,,False,DUKE ST W; ONTARIO ST N,3/7/2019 2:32:10 PM,,
44118,15-143176,1436178000000,2015,7,6,10,20,0,Monday,541266.83093,4810554.03697,-80.490004,43.44676,At/near private drive,2,P.D. only,Thru lane,unknown,unknown,Turning movement,Unknown,Daylight,01 - Daylight,Municipal (excl. Twp. Rd.),No control,unknown,0,0,0,False,False,False,Clear,,False,ST GEORGE ST ; BENTON ST; Near,3/7/2019 2:32:09 PM,,
44119,15-143692,1436253840000,2015,7,7,7,24,0,Tuesday,547832.85833,4807656.48819,-80.409115,43.42028,At railway crossing,2,P.D. only,Other,unknown,unknown,Angle,Unknown,Daylight,01 - Daylight,Municipal (excl. Twp. Rd.),Traffic controller,unknown,0,0,0,False,False,False,Clear,,False,RIVERBANK DR ; KING ST E; 17 M,3/7/2019 2:32:07 PM,,
44120,15-144034,1436281200000,2015,7,7,15,0,0,Tuesday,541300.11624,4812437.51179,-80.48944999999999,43.463716999999995,At intersection,1,Non-fatal injury,Within intersection,unknown,unknown,Angle,Unknown,Daylight,01 - Daylight,Municipal (excl. Twp. Rd.),Stop sign,Functioning,0,0,0,False,False,False,Rain,,False,BLUCHER BLVD; ST LEGER ST,3/7/2019 2:32:06 PM,,
44121,15-144175,1436293260000,2015,7,7,18,21,0,Tuesday,547221.30277,4808804.67463,-80.41657,43.430657,At/near private drive,2,P.D. only,Not on roadway - right side,unknown,unknown,SMV other,Unknown,Daylight,01 - Daylight,Regional municipality,No control,unknown,0,0,0,False,False,False,Clear,,False,MORRISON RD ; MORRISON RD; 5 M,3/7/2019 2:32:05 PM,,
44122,15-144201,1436027400000,2015,7,4,16,30,0,Saturday,537831.66422,4807933.40401,-80.53263799999999,43.423345,Non intersection,2,P.D. only,Thru lane,unknown,unknown,SMV unattended vehicle,Unknown,Daylight,01 - Daylight,Municipal (excl. Twp. Rd.),No control,unknown,0,0,0,False,False,False,Clear,,False,AUTUMN HILL CRES; CRICKET HOLLOW; Near,3/7/2019 2:32:04 PM,,
44123,15-144877,1436371200000,2015,7,8,16,0,0,Wednesday,539441.54883,4811509.45367,-80.512492,43.455461,At/near private drive,1,Non-fatal injury,Thru lane,unknown,unknown,Turning movement,Unknown,Daylight,01 - Daylight,Regional municipality,No control,unknown,0,0,0,False,False,False,Clear,,False,PARK ST ; 453 PARK ST; 4 M,3/7/2019 2:32:02 PM,,
44124,15-144956,1436375700000,2015,7,8,17,15,0,Wednesday,542189.30625,4809143.71309,-80.478713,43.43401,At intersection,2,P.D. only,Within intersection,unknown,unknown,Turning movement,Unknown,Daylight,01 - Daylight,Regional municipality,Stop sign,Functioning,0,0,0,False,False,False,Clear,,False,MILL ST; OTTAWA ST S,3/4/2020 10:19:48 AM,,
44125,15-145302,1436428980000,2015,7,9,8,3,0,Thursday,543073.87664,4812799.46347,-80.467495,43.466876,Intersection related,2,P.D. only,Thru lane,unknown,unknown,Sideswipe,Unknown,Daylight,01 - Daylight,Municipal (excl. Twp. Rd.),Stop sign,Functioning,0,0,0,False,False,False,Clear,,False,WELLINGTON ST N; RIVERBEND DR; Near; 5 M,3/7/2019 2:32:01 PM,,
44126,15-145621,1436458140000,2015,7,9,16,9,0,Thursday,542164.80685,4810382.33926,-80.47892,43.445164,At intersection,2,P.D. only,Within intersection,unknown,unknown,SMV other,Unknown,Daylight,01 - Daylight,Regional municipality,No control,unknown,0,0,0,False,False,False,Clear,,False,KING ST E; PANDORA AVE N,3/7/2019 2:32:00 PM,,
44127,15-146389,1436538900000,2015,7,10,14,35,0,Friday,541157.1611,4810823.24574,-80.491339,43.44919,Non intersection,2,P.D. only,Not on roadway - right side,unknown,unknown,SMV other,Unknown,Daylight,01 - Daylight,Municipal (excl. Twp. Rd.),No control,unknown,0,0,0,False,False,False,Clear,,False,ONTARIO ST S; CHARLES ST W; Near; 40 M,3/7/2019 2:31:59 PM,,
44128,15-146414,1436544000000,2015,7,10,16,0,0,Friday,547442.17525,4810267.91968,-80.413714,43.443818,Non intersection,1,Non-fatal injury,Thru lane,unknown,unknown,Rear end,Unknown,Daylight,01 - Daylight,Regional municipality,No control,unknown,0,0,0,False,False,False,Clear,,False,FAIRWAY CRES; LACKNER BLVD; 100 M,3/7/2019 2:31:59 PM,,
44129,15-146445,1436548200000,2015,7,10,17,10,0,Friday,547406.84057,4810240.79396,-80.414153,43.443576,Non intersection,2,P.D. only,Thru lane,unknown,unknown,Rear end,Unknown,Daylight,01 - Daylight,Regional municipality,No control,unknown,0,0,0,False,False,False,Clear,,False,FAIRWAY CRES; LACKNER BLVD; 100 M,3/7/2019 2:31:58 PM,,
44130,15-146482,1436551920000,2015,7,10,18,12,0,Friday,542010.03386,4810481.66163,-80.480825,43.446067,At intersection,2,P.D. only,Within intersection,unknown,unknown,Rear end,Unknown,Daylight,01 - Daylight,Regional municipality,Stop sign,Functioning,0,0,0,False,False,True,Clear,,False,KING ST E; CAMERON ST N; 1 M,3/7/2019 2:31:57 PM,,
44131,15-146571,1436552100000,2015,7,10,18,15,0,Friday,536516.671,4807046.23128,-80.548942,43.415422,At/near private drive,2,P.D. only,Thru lane,unknown,unknown,Sideswipe,Unknown,Daylight,01 - Daylight,Municipal (excl. Twp. Rd.),No control,unknown,0,0,0,False,False,False,Clear,,False,HIGHVIEW DR; HIGHVIEW DR,3/7/2019 2:31:56 PM,,
44132,15-147245,1436630700000,2015,7,11,16,5,0,Saturday,541021.03879,4810694.02906,-80.493031,43.448034,Non intersection,1,Non-fatal injury,Thru lane,unknown,unknown,SMV other,Unknown,Daylight,01 - Daylight,Municipal (excl. Twp. Rd.),No control,unknown,0,0,0,True,False,False,Clear,,False,DAVID ST; 35 DAVID ST; At; 20 M,3/7/2019 2:31:55 PM,,
44133,15-147376,1436643000000,2015,7,11,19,30,0,Saturday,540847.9054,4808324.37726,-80.49534799999999,43.426707,Non intersection,2,P.D. only,Thru lane,unknown,unknown,SMV unattended vehicle,Unknown,Daylight,01 - Daylight,Municipal (excl. Twp. Rd.),No control,unknown,0,0,0,False,False,False,Clear,,False,STIRLING AVE S; AVALON PL; Near; 9 M,3/7/2019 2:31:55 PM,,
44134,15-147715,1436672400000,2015,7,12,3,40,0,Sunday,541068.0,4811108.0,0.0,0.0,Non intersection,2,P.D. only,Not on roadway - left side,unknown,unknown,SMV other,Unknown,Dark,07 - Dark,Private property,No control,unknown,0,0,0,False,False,False,Clear,,False,KINGSWOOD DR; GRACEFIELD CRES ; 1 M,3/4/2020 10:19:47 AM,,
44135,15-148583,1436782200000,2015,7,13,10,10,0,Monday,542421.80227,4812479.02118,-80.47558099999999,43.464028,At/near private drive,2,P.D. only,Thru lane,unknown,unknown,Sideswipe,Unknown,Daylight,01 - Daylight,Municipal (excl. Twp. Rd.),Other,Functioning,0,0,0,False,False,False,Clear,,False,WELLINGTON ST N; 809 WELLINGTON ST N; 2 M,3/7/2019 2:31:54 PM,,
44136,15-148622,1436603400000,2015,7,11,8,30,0,Saturday,543106.69829,4811854.31275,-80.467164,43.458363999999996,At/near private drive,2,P.D. only,Thru lane,unknown,unknown,Other,Unknown,Daylight,01 - Daylight,Municipal (excl. Twp. Rd.),No control,unknown,0,0,0,False,False,False,Clear,,False,BRUCE ST; BRUCE ST ; At,3/7/2019 2:31:53 PM,,
44137,15-148834,1436794200000,2015,7,13,13,30,0,Monday,541743.28326,4809285.42852,-80.484213,43.435311,At/near private drive,1,Non-fatal injury,Thru lane,unknown,unknown,Rear end,Unknown,Daylight,01 - Daylight,Municipal (excl. Twp. Rd.),No control,unknown,0,0,0,False,False,False,Clear,,False,MILL ST,3/7/2019 2:31:53 PM,,
44138,15-149326,1436864700000,2015,7,14,9,5,0,Tuesday,542523.81022,4812530.53063,-80.474316,43.464486,Intersection related,2,P.D. only,Thru lane,unknown,unknown,Sideswipe,Unknown,Daylight,01 - Daylight,Regional municipality,Stop sign,Functioning,0,0,0,False,False,False,Clear,,False,WELLINGTON ST N; N HWY 85 TO WELLINGTON ST N; Near,3/7/2019 2:31:52 PM,,
44139,15-149435,1436878200000,2015,7,14,12,50,0,Tuesday,543930.47521,4809144.38962,-80.4572,43.433915999999996,At intersection,2,P.D. only,Within intersection,unknown,unknown,Turning movement,Unknown,Daylight,01 - Daylight,Municipal (excl. Twp. Rd.),No control,unknown,0,0,0,False,False,False,Clear,,False,ECKERT ST; FIRST AVE,3/7/2019 2:31:51 PM,,
44140,15-149613,1436893620000,2015,7,14,17,7,0,Tuesday,541399.93964,4808695.68763,-80.4885,43.43002,At/near private drive,2,P.D. only,Thru lane,unknown,unknown,Rear end,Unknown,Daylight,01 - Daylight,Regional municipality,No control,unknown,0,0,0,False,False,False,Clear,,False,HOFFMAN ST; 356 HOFFMAN ST; 1 M,3/7/2019 2:31:50 PM,,
44141,15-149795,1436912820000,2015,7,14,22,27,0,Tuesday,545870.48682,4812478.62812,-80.43294999999999,43.463820999999996,Non intersection,2,P.D. only,Not on roadway - left side,unknown,unknown,SMV other,Unknown,Dark,07 - Dark,Municipal (excl. Twp. Rd.),No control,unknown,0,0,0,False,False,False,Clear,,False,KEEWATIN AVE ; DUNNIGAN DR ; 23 M,3/7/2019 2:31:50 PM,,
44142,15-149856,1436922480000,2015,7,15,1,8,0,Wednesday,544234.03426,4808803.74812,-80.45347699999999,43.430831,At intersection,2,P.D. only,Within intersection,unknown,unknown,Angle,Unknown,Dark,07 - Dark,Municipal (excl. Twp. Rd.),Stop sign,Functioning,0,0,0,False,False,False,Clear,,False,CONNAUGHT ST; FIFTH AVE,3/7/2019 2:31:49 PM,,
44143,15-149977,1436949960000,2015,7,15,8,46,0,Wednesday,539615.95934,4806345.92908,-80.510711,43.408958999999996,At/near private drive,2,P.D. only,Thru lane,unknown,unknown,Turning movement,Unknown,Daylight,01 - Daylight,Municipal (excl. Twp. Rd.),No control,unknown,0,0,0,False,False,False,Clear,,False,ACTIVA AVE; ACTIVA AVE ; At; 7 M,3/7/2019 2:31:48 PM,,
44144,15-150570,1436986800000,2015,7,15,19,0,0,Wednesday,540270.79784,4811638.85747,-80.50223299999999,43.456582,At intersection,1,Non-fatal injury,Within intersection,unknown,unknown,Angle,Unknown,Daylight,01 - Daylight,Municipal (excl. Twp. Rd.),Stop sign,Functioning,0,0,0,False,True,False,Clear,,False,MOORE AVE ; SHANLEY ST,3/7/2019 2:31:48 PM,,
44145,15-150586,1437006900000,2015,7,16,0,35,0,Thursday,540034.81457,4810259.95935,-80.505251,43.444179,Non intersection,2,Non-reportable,Off highway,unknown,unknown,SMV other,Unknown,Dark,07 - Dark,Regional municipality,No control,unknown,0,0,0,False,False,False,Clear,,False,WEST AVE; VICTORIA ST S; 140 M,3/7/2019 2:31:47 PM,,
44146,15-150716,1437035640000,2015,7,16,8,34,0,Thursday,543073.88303,4812798.46395,-80.467495,43.466867,At intersection,1,Non-fatal injury,Within intersection,unknown,unknown,Turning movement,Unknown,Daylight,01 - Daylight,Municipal (excl. Twp. Rd.),Stop sign,Functioning,0,1,0,False,True,False,Clear,,False,RIVERBEND DR; WELLINGTON ST N,3/7/2019 2:31:46 PM,,
44147,15-150876,1437031440000,2015,7,16,7,24,0,Thursday,542410.76125,4812472.39901,-80.475718,43.463969,Non intersection,2,P.D. only,Thru lane,unknown,unknown,Sideswipe,Unknown,Daylight,01 - Daylight,Municipal (excl. Twp. Rd.),No control,unknown,0,0,0,False,False,False,Clear,,False,WELLINGTON ST N; Near,3/7/2019 2:31:45 PM,,
44148,15-150972,1437053880000,2015,7,16,13,38,0,Thursday,540984.64402,4810824.19374,-80.493471,43.449208,Intersection related,2,P.D. only,Thru lane,unknown,unknown,Other,Unknown,Daylight,01 - Daylight,Municipal (excl. Twp. Rd.),Stop sign,Functioning,0,0,0,False,False,False,Clear,,False,JOSEPH ST ; GAUKEL ST ; At,3/7/2019 2:31:45 PM,,
44149,15-151172,1437065100000,2015,7,16,16,45,0,Thursday,542187.45731,4809141.70242,-80.478736,43.433991999999996,Intersection related,2,P.D. only,Thru lane,unknown,unknown,Turning movement,Unknown,Daylight,01 - Daylight,Municipal (excl. Twp. Rd.),Traffic signal,Functioning,0,0,0,False,False,False,Clear,,False,MILL ST; OTTAWA ST S,3/4/2020 10:19:47 AM,,
44150,15-151463,1437102600000,2015,7,17,3,10,0,Friday,540096.40578,4810856.94584,-80.504446,43.449551,Overpass or bridge,2,P.D. only,Other,unknown,unknown,SMV other,Unknown,"Dark, artificial","08 - Dark, artificial",Municipal (excl. Twp. Rd.),Other,Functioning,0,1,0,False,False,False,Clear,,False,PARK ST; CHERRY ST; Near; 20 M,3/7/2019 2:31:44 PM,,
44151,15-151538,1437121200000,2015,7,17,8,20,0,Friday,544973.38779,4811308.53462,-80.444136,43.45334,Non intersection,1,Non-fatal injury,Thru lane,unknown,unknown,Approaching,Unknown,Daylight,01 - Daylight,Regional municipality,No control,unknown,0,0,0,False,False,False,Rain,,False,RIVER RD E; OTTAWA ST N; 250 M,3/7/2019 2:31:43 PM,,
44152,15-151814,1437142200000,2015,7,17,14,10,0,Friday,542911.8738,4809936.47566,-80.469723,43.441106999999995,At intersection,1,Non-fatal injury,Within intersection,unknown,unknown,Turning movement,Unknown,Daylight,01 - Daylight,Regional municipality,Stop sign,Functioning,0,0,0,False,False,False,Rain,,False,KING ST E; SYDNEY ST N; At,3/7/2019 2:31:43 PM,,
44153,15-152422,1437210240000,2015,7,18,9,4,0,Saturday,544885.11165,4804847.92797,-80.445758,43.395174,Intersection related,2,P.D. only,Not on roadway - left side,unknown,unknown,SMV other,Unknown,Daylight,01 - Daylight,Regional municipality,Traffic signal,Functioning,0,0,0,False,False,False,Clear,,False,DOON VILLAGE RD ; PIONEER DR ; At,3/7/2019 2:31:42 PM,,
44154,15-152430,1437163200000,2015,7,17,20,0,0,Friday,541084.0075,4810771.15594,-80.49224699999999,43.448724999999996,Non intersection,2,P.D. only,Thru lane,unknown,unknown,Sideswipe,Unknown,Daylight,01 - Daylight,Municipal (excl. Twp. Rd.),No control,unknown,0,0,0,False,False,False,Clear,,False,JOSEPH ST; DAVID ST,3/7/2019 2:31:41 PM,,
44155,15-152820,1437249480000,2015,7,18,19,58,0,Saturday,542417.8796,4811045.74324,-80.475741,43.451122999999995,At/near private drive,2,P.D. only,Thru lane,unknown,unknown,SMV unattended vehicle,Unknown,Daylight,01 - Daylight,Municipal (excl. Twp. Rd.),No control,unknown,0,0,0,False,False,False,Clear,,False,SIMEON ST ; SIMEON ST ; Near,3/7/2019 2:31:41 PM,,
44156,15-153146,1437271200000,2015,7,19,2,0,0,Sunday,537688.89002,4807306.55892,-80.53444499999999,43.417708,At/near private drive,2,P.D. only,Not on roadway - right side,unknown,unknown,SMV unattended vehicle,Unknown,Dark,07 - Dark,Private property,No control,unknown,0,0,0,False,False,False,Clear,,False,DRIFTWOOD PL ; DRIFTWOOD PL; At; 2 M,3/7/2019 2:31:40 PM,,
44157,15-153190,1437287100000,2015,7,19,6,25,0,Sunday,544600.20528,4808130.79276,-80.44900799999999,43.424749999999996,Non intersection,1,Non-fatal injury,Thru lane,unknown,unknown,SMV other,Unknown,Daylight,01 - Daylight,Municipal (excl. Twp. Rd.),No control,unknown,0,0,0,False,False,False,Clear,,False,WILSON AVE; WOODHAVEN RD; Near; 16 M,3/7/2019 2:31:39 PM,,
44158,15-153246,1437304620000,2015,7,19,11,17,0,Sunday,544875.38987,4808331.52918,-80.44559199999999,43.426541,At/near private drive,2,P.D. only,Thru lane,unknown,unknown,Rear end,Unknown,Daylight,01 - Daylight,Municipal (excl. Twp. Rd.),No control,unknown,0,0,0,False,False,False,Clear,,False,TRAYNOR AVE; TRAYNOR AVE ; At; 6 M,3/7/2019 2:31:38 PM,,
44159,15-153322,1437306300000,2015,7,19,11,45,0,Sunday,543868.59654,4810208.51429,-80.45787899999999,43.443501,At/near private drive,2,P.D. only,Thru lane,unknown,unknown,SMV unattended vehicle,Unknown,Daylight,01 - Daylight,Municipal (excl. Twp. Rd.),No control,unknown,0,0,0,False,False,False,Clear,,False,CLIVE RD; 126 CLIVE RD,3/7/2019 2:31:38 PM,,
44160,15-153784,1437325500000,2015,7,19,17,5,0,Sunday,545300.30873,4808181.99216,-80.440355,43.425169,At/near private drive,2,P.D. only,Thru lane,unknown,unknown,Turning movement,Unknown,Daylight,01 - Daylight,Municipal (excl. Twp. Rd.),Stop sign,Functioning,0,0,0,False,False,False,Clear,,False,KINGSWAY DR,3/7/2019 2:31:37 PM,,
44161,15-153844,1437384720000,2015,7,20,9,32,0,Monday,541617.27343,4810818.7406,-80.485653,43.449124,Intersection related,1,Non-fatal injury,Other,unknown,unknown,SMV other,Unknown,Daylight,01 - Daylight,Municipal (excl. Twp. Rd.),No control,unknown,0,0,0,False,True,False,Clear,,False,SCOTT ST; MARKET LANE,3/7/2019 2:31:36 PM,,
44162,15-153846,1437339600000,2015,7,19,21,0,0,Sunday,540691.28927,4810347.74066,-80.497132,43.444933999999996,Non intersection,2,P.D. only,Thru lane,unknown,unknown,SMV unattended vehicle,Unknown,"Dark, artificial","08 - Dark, artificial",Municipal (excl. Twp. Rd.),No control,unknown,0,0,0,False,False,False,Rain,,False,SCHNEIDER AVE; SCHNEIDER AVE ; At,3/7/2019 2:31:36 PM,,
44163,15-153858,1437386160000,2015,7,20,9,56,0,Monday,544459.38042,4802678.3139,-80.451191,43.375664,Non intersection,2,P.D. only,Left shoulder,unknown,unknown,SMV other,Unknown,Daylight,01 - Daylight,Municipal (excl. Twp. Rd.),No control,unknown,0,0,0,False,False,False,Clear,,False,CARYNDALE DR; STAUFFER DR; 250 M,3/7/2019 2:31:35 PM,,
44164,15-153873,1437380400000,2015,7,20,8,20,0,Monday,545470.67152,4812410.39097,-80.43789799999999,43.463231,At/near private drive,2,P.D. only,Thru lane,unknown,unknown,Other,Unknown,Daylight,01 - Daylight,Municipal (excl. Twp. Rd.),No control,unknown,0,0,0,False,False,False,Clear,,False,WORDSWORTH PL; At,3/7/2019 2:31:34 PM,,
44165,15-153913,1437381000000,2015,7,20,8,30,0,Monday,539086.51791,4811595.34569,-80.516874,43.456253,At intersection,2,P.D. only,Within intersection,unknown,unknown,Turning movement,Unknown,Daylight,01 - Daylight,Municipal (excl. Twp. Rd.),Stop sign,Functioning,0,0,0,False,False,False,Clear,,False,UNION BLVD; YORK ST; At,3/7/2019 2:31:34 PM,,
44166,15-154145,1437391800000,2015,7,20,11,30,0,Monday,545582.57882,4809151.5768,-80.436787,43.433882,At/near private drive,2,P.D. only,Thru lane,unknown,unknown,SMV unattended vehicle,Unknown,Daylight,01 - Daylight,Municipal (excl. Twp. Rd.),No control,unknown,0,0,0,False,False,False,Clear,,False,KRAFT AVE; At,3/7/2019 2:31:33 PM,,
44167,15-154345,1437430980000,2015,7,20,22,23,0,Monday,538172.43,4810384.09659,-80.528257,43.445394,At/near private drive,2,P.D. only,Thru lane,unknown,unknown,SMV unattended vehicle,Unknown,"Dark, artificial","08 - Dark, artificial",Municipal (excl. Twp. Rd.),No control,unknown,0,0,0,False,False,False,Clear,,False,WESTWOOD CRES; WESTWOOD DR ; 15 M,3/7/2019 2:31:32 PM,,
44168,15-154805,1437480000000,2015,7,21,12,0,0,Tuesday,541601.34939,4810789.87737,-80.485852,43.448865,At/near private drive,2,P.D. only,Thru lane,unknown,unknown,Other,Unknown,Daylight,01 - Daylight,Municipal (excl. Twp. Rd.),No control,unknown,0,0,0,False,False,False,Clear,,False,SCOTT ST; SCOTT ST ; At,3/7/2019 2:31:31 PM,,
44169,15-155369,1437558720000,2015,7,22,9,52,0,Wednesday,540126.59824,4809372.90528,-80.504182,43.436187,Non intersection,2,P.D. only,Thru lane,unknown,unknown,Sideswipe,Unknown,Daylight,01 - Daylight,Regional municipality,No control,unknown,0,0,0,False,False,False,Clear,,False,QUEENS BLVD; BELMONT AVE W; Near; 75 M,3/7/2019 2:31:31 PM,,
44170,15-155520,1437572880000,2015,7,22,13,48,0,Wednesday,541353.14889,4810293.79376,-80.488957,43.444412,At/near private drive,2,P.D. only,Right shoulder,unknown,unknown,SMV other,Unknown,Daylight,01 - Daylight,Municipal (excl. Twp. Rd.),No control,unknown,0,0,0,False,False,False,Clear,,False,PETER ST; PETER ST ; Near; 2 M,3/7/2019 2:31:30 PM,,
44171,15-155829,1437601500000,2015,7,22,21,45,0,Wednesday,542583.08673,4810126.08356,-80.473771,43.442833,At intersection,1,Non-fatal injury,Within intersection,unknown,unknown,Angle,Unknown,"Dusk, artificial","06 - Dusk, artificial",Regional municipality,Traffic signal,Functioning,0,0,0,False,False,False,Clear,,False,BORDEN AVE N; KING ST E,3/7/2019 2:31:29 PM,,
44172,15-156369,1437668700000,2015,7,23,16,25,0,Thursday,547113.01415,4808362.77766,-80.417946,43.426685,At/near private drive,2,P.D. only,Right shoulder,unknown,unknown,SMV unattended vehicle,Unknown,Daylight,01 - Daylight,Municipal (excl. Twp. Rd.),No control,unknown,0,0,0,False,False,False,Clear,,False,MANOR DR ; 12 MANOR DR; At; 1 M,3/7/2019 2:31:29 PM,,