OBJECTID,ACCIDENTNUM,ACCIDENTDATE,ACCIDENT_YEAR,ACCIDENT_MONTH,ACCIDENT_DAY,ACCIDENT_HOUR,ACCIDENT_MINUTE,ACCIDENT_SECOND,ACCIDENT_WEEKDAY,XCOORD,YCOORD,LONGITUDE,LATITUDE,ACCIDENTLOCATION,COLLISIONTYPE,CLASSIFICATIONOFACCIDENT,IMPACTLOCATION,INITIALDIRECTIONOFTRAVELONE,INITIALDIRECTIONOFTRAVELTWO,INITIALIMPACTTYPE,INTTRAFFICCONTROL,LIGHT,LIGHTFORREPORT,ROADJURISDICTION,TRAFFICCONTROL,TRAFFICCONTROLCONDITION,THRULANENO,NORTHBOUNDDISOBEYCOUNT,SOUTHBOUNDDISOBEYCOUNT,PEDESTRIANINVOLVED,CYCLISTINVOLVED,MOTORCYCLISTINVOLVED,ENVIRONMENTCONDITION1,ENVIRONMENTCONDITION2,SELFREPORTED,XMLIMPORTNOTES,LASTEDITEDDATE,CREATE_BY,CREATE_DATE
44173,15-156444,1437664800000,2015,7,23,15,20,0,Thursday,542372.95399,4810250.59246,-80.47635799999999,43.443965999999996,Non intersection,2,P.D. only,Thru lane,unknown,unknown,Rear end,Unknown,Daylight,01 - Daylight,Regional municipality,No control,unknown,0,0,0,False,False,False,Clear,,False,KING ST E; DANE ST; Near; 150 M,3/7/2019 2:31:28 PM,,
44174,15-156684,1437697140000,2015,7,24,0,19,0,Friday,540407.46017,4809165.89864,-80.500727,43.434308,Intersection related,2,P.D. only,Not on roadway - left side,unknown,unknown,SMV other,Unknown,"Dark, artificial","08 - Dark, artificial",Municipal (excl. Twp. Rd.),No control,unknown,0,0,0,False,False,False,Clear,,False,BELMONT AVE E; SOUTH DR; 46 M,3/7/2019 2:31:27 PM,,
44175,15-156858,1437732600000,2015,7,24,10,10,0,Friday,545155.44493,4807523.86847,-80.442199,43.419252,At/near private drive,1,Non-fatal injury,Thru lane,unknown,unknown,Turning movement,Unknown,Daylight,01 - Daylight,Regional municipality,Stop sign,Functioning,0,0,0,False,False,False,Clear,,False,WILSON AVE; WILSON AVE ; At; 30 M,3/7/2019 2:31:26 PM,,
44176,15-156945,1437739680000,2015,7,24,12,8,0,Friday,540957.86586,4811142.99934,-80.49377799999999,43.452079999999995,Non intersection,2,P.D. only,Thru lane,unknown,unknown,SMV unattended vehicle,Unknown,Daylight,01 - Daylight,Municipal (excl. Twp. Rd.),No control,unknown,0,0,0,False,False,False,Clear,,False,BELL LANE ; COLLEGE ST ; Near; 35 M,3/7/2019 2:31:25 PM,,
44177,15-157110,1437740820000,2015,7,24,12,27,0,Friday,543068.48549,4807436.03703,-80.467985,43.418583999999996,Non intersection,2,P.D. only,Not on roadway - right side,unknown,unknown,SMV other,Unknown,Daylight,01 - Daylight,Regional municipality,Yield sign,Functioning,0,0,0,False,False,False,Clear,,False,BLOCK LINE RD; FALLOWFIELD DR; Near; 15 M,3/7/2019 2:31:25 PM,,
44178,15-157243,1437763800000,2015,7,24,18,50,0,Friday,544611.33442,4809091.77294,-80.448792,43.433402,Intersection related,2,P.D. only,Not on roadway - right side,unknown,unknown,SMV other,Unknown,Daylight,01 - Daylight,Municipal (excl. Twp. Rd.),Traffic signal,Functioning,0,0,0,False,False,False,Clear,,False,FRANKLIN ST S; KINGSWAY DR,3/7/2019 2:31:24 PM,,
44179,15-157258,1437733800000,2015,7,24,10,30,0,Friday,539024.9179,4811083.66355,-80.51767199999999,43.451648999999996,At/near private drive,2,P.D. only,Thru lane,unknown,unknown,Other,Unknown,Daylight,01 - Daylight,Municipal (excl. Twp. Rd.),No control,unknown,0,0,0,False,False,False,Clear,,False,GLASGOW ST; 197 GLASGOW ST,3/7/2019 2:31:23 PM,,
44180,15-157482,1437784380000,2015,7,25,0,33,0,Saturday,541931.98448,4808028.27573,-80.481978,43.423981,Non intersection,2,P.D. only,Right shoulder,unknown,unknown,SMV unattended vehicle,Unknown,Dark,07 - Dark,Municipal (excl. Twp. Rd.),No control,unknown,0,0,0,False,False,False,Clear,,False,28 FLINT DR ; ALPINE RD ; At; 18 M,3/7/2019 2:31:21 PM,,
44181,15-157909,1437836400000,2015,7,25,15,0,0,Saturday,541897.31565,4813928.98545,-80.48195299999999,43.477112999999996,Non intersection,1,Non-fatal injury,Right shoulder,unknown,unknown,SMV other,Unknown,Daylight,01 - Daylight,Municipal (excl. Twp. Rd.),No control,unknown,0,0,0,False,False,True,Clear,,False,RIVERBEND DR; BRIDGEPORT RD; 100 M,3/7/2019 2:31:20 PM,,
44182,15-158450,1437905280000,2015,7,26,10,8,0,Sunday,544346.13692,4807892.44567,-80.45216599999999,43.422619,Non intersection,2,P.D. only,Right shoulder,unknown,unknown,SMV other,Unknown,Daylight,01 - Daylight,Municipal (excl. Twp. Rd.),No control,unknown,0,0,0,False,False,True,Clear,,False,WOODHAVEN RD; WOODHAVEN RD ; Near; 12 M,3/7/2019 2:31:19 PM,,
44183,15-158477,1437906600000,2015,7,26,10,30,0,Sunday,541957.85881,4810517.76489,-80.481467,43.446394999999995,At/near private drive,1,Non-fatal injury,Thru lane,unknown,unknown,Turning movement,Unknown,Daylight,01 - Daylight,Regional municipality,No control,unknown,0,0,0,False,True,False,Clear,,False,KING ST E; 481 KING ST E; At; 10 M,3/7/2019 2:31:19 PM,,
44184,15-158664,1437923400000,2015,7,26,15,10,0,Sunday,545179.65711,4810664.41981,-80.44163999999999,43.447528,Non intersection,2,P.D. only,Right shoulder,unknown,unknown,SMV unattended vehicle,Unknown,Daylight,01 - Daylight,Municipal (excl. Twp. Rd.),No control,unknown,0,0,0,False,False,False,Clear,,False,CONWAY DR; CONWAY DR ; At,3/7/2019 2:31:18 PM,,
44185,15-158753,1437935400000,2015,7,26,18,30,0,Sunday,540141.87048,4807785.49297,-80.50411,43.421893,At/near private drive,2,P.D. only,Off highway,unknown,unknown,SMV other,Unknown,Daylight,01 - Daylight,Private property,No control,unknown,0,0,0,False,False,False,Clear,,False,HOWE DR; 36-35 HOWE DR; At; 5 M,3/7/2019 2:31:17 PM,,
44186,15-159299,1437832800000,2015,7,25,14,0,0,Saturday,543481.40343,4812224.00257,-80.462503,43.461670999999996,At/near private drive,2,P.D. only,Thru lane,unknown,unknown,Other,Unknown,Daylight,01 - Daylight,Regional municipality,No control,unknown,0,0,0,False,False,False,Clear,,False,FREDERICK ST ; FREDERICK ST ; Near,3/7/2019 2:31:16 PM,,
44187,15-159548,1438024980000,2015,7,27,19,23,0,Monday,542843.16349,4809873.39998,-80.47057699999999,43.440543,At intersection,1,Non-fatal injury,Within intersection,unknown,unknown,Angle,Unknown,Daylight,01 - Daylight,Regional municipality,Stop sign,Functioning,0,0,0,False,False,False,Clear,,False,CHARLES ST E; SYDNEY ST S; At,3/7/2019 2:31:14 PM,,
44188,15-159675,1438040760000,2015,7,27,23,46,0,Monday,545727.1938,4803632.01402,-80.435462,43.384175,At/near private drive,2,P.D. only,Thru lane,unknown,unknown,SMV unattended vehicle,Unknown,Dark,07 - Dark,Municipal (excl. Twp. Rd.),No control,unknown,0,0,0,False,False,False,Clear,,False,RIDGEMERE CRT; RIDGEMERE ST ; 50 M,3/7/2019 2:31:14 PM,,
44189,15-160126,1438095600000,2015,7,28,15,0,0,Tuesday,540780.94331,4810816.96103,-80.495989,43.449154,At/near private drive,2,P.D. only,Right shoulder,unknown,unknown,SMV unattended vehicle,Unknown,Daylight,01 - Daylight,Municipal (excl. Twp. Rd.),No control,unknown,0,0,0,False,False,False,Clear,,False,WATER ST S; 92 WATER ST,3/7/2019 2:31:13 PM,,
44190,15-160260,1438093200000,2015,7,28,14,20,0,Tuesday,541273.28305,4810927.57605,-80.489896,43.450123,Non intersection,2,P.D. only,Thru lane,unknown,unknown,SMV unattended vehicle,Unknown,Daylight,01 - Daylight,Municipal (excl. Twp. Rd.),No control,unknown,0,0,0,False,False,False,Clear,,False,DUKE ST W; DUKE ST W; At,3/7/2019 2:31:12 PM,,
44191,15-160728,1438167600000,2015,7,29,11,0,0,Wednesday,541444.84073,4809146.98266,-80.487911,43.434081,Non intersection,2,P.D. only,Thru lane,unknown,unknown,SMV unattended vehicle,Unknown,Daylight,01 - Daylight,Municipal (excl. Twp. Rd.),No control,unknown,0,0,0,False,False,False,Clear,,False,HEIMAN ST; Near,3/7/2019 2:31:10 PM,,
44192,15-160912,1438186800000,2015,7,29,16,20,0,Wednesday,542867.22176,4810786.14687,-80.470208,43.44876,At intersection,1,Non-fatal injury,Within intersection,unknown,unknown,Angle,Unknown,Daylight,01 - Daylight,Municipal (excl. Twp. Rd.),Stop sign,Functioning,0,0,0,False,False,False,Clear,,False,EAST AVE; STIRLING AVE N; At,3/7/2019 2:31:09 PM,,
44193,15-161091,1438185600000,2015,7,29,16,0,0,Wednesday,543832.50822,4811750.93119,-80.458201,43.457391,At/near private drive,2,P.D. only,Thru lane,unknown,unknown,SMV unattended vehicle,Unknown,Daylight,01 - Daylight,Municipal (excl. Twp. Rd.),No control,unknown,0,0,0,False,False,False,Clear,,False,PERKELL PL; 19 PERKELL PL,3/7/2019 2:31:09 PM,,
44194,15-161442,1438253880000,2015,7,30,10,58,0,Thursday,539693.47132,4810125.11215,-80.509479,43.442983,At/near private drive,2,P.D. only,Thru lane,unknown,unknown,Sideswipe,Unknown,Daylight,01 - Daylight,Municipal (excl. Twp. Rd.),No control,unknown,0,0,0,False,False,False,Clear,,False,JACK AVE; 27 JACK AVE; 10 M,3/7/2019 2:31:08 PM,,
44195,15-161613,1438269120000,2015,7,30,15,12,0,Thursday,542172.07941,4805203.16145,-80.47923,43.39853,At/near private drive,1,Non-fatal injury,Thru lane,unknown,unknown,Angle,Unknown,Daylight,01 - Daylight,Municipal (excl. Twp. Rd.),No control,unknown,0,0,0,False,False,False,Clear,,False,TRILLIUM DR; TRILLIUM DR ; At; 2 M,3/7/2019 2:31:07 PM,,
44196,15-161899,1438294620000,2015,7,30,22,17,0,Thursday,541114.41861,4810746.79678,-80.491873,43.448504,At intersection,2,P.D. only,Within intersection,unknown,unknown,Other,Unknown,"Dark, artificial","08 - Dark, artificial",Regional municipality,Stop sign,Functioning,0,0,0,False,False,False,Clear,,False,ONTARIO ST S; JOSEPH ST; At,3/7/2019 2:31:06 PM,,
44197,15-162353,1438344540000,2015,7,31,12,9,0,Friday,542460.73556,4809701.05687,-80.47531599999999,43.439012999999996,Non intersection,1,Non-fatal injury,Thru lane,unknown,unknown,SMV other,Unknown,Daylight,01 - Daylight,Regional municipality,No control,unknown,0,0,0,True,False,False,Clear,,False,NYBERG ST; OTTAWA ST S; 50 M,3/7/2019 2:31:05 PM,,
44198,15-162696,1438372860000,2015,7,31,20,1,0,Friday,542447.47108,4807281.39225,-80.475668,43.417227,Intersection related,2,P.D. only,Thru lane,unknown,unknown,Sideswipe,Unknown,"Dusk, artificial","06 - Dusk, artificial",Municipal (excl. Twp. Rd.),Stop sign,Functioning,0,0,0,False,False,False,Clear,,False,COUNTRY HILL DR; BLOCK LINE RD,3/7/2019 2:31:04 PM,,
44199,15-163190,1438435440000,2015,8,1,13,24,0,Saturday,545276.09195,4806434.27356,-80.440799,43.409434,At intersection,2,P.D. only,Within intersection,unknown,unknown,Angle,Stop sign,Daylight,01 - Daylight,Municipal (excl. Twp. Rd.),Stop sign,Functioning,0,0,0,False,False,False,Clear,,False,WABANAKI DR; WILSON AVE; At,3/7/2019 2:31:03 PM,,
44200,15-163238,1437832800000,2015,7,25,14,0,0,Saturday,538424.19905,4805333.05903,-80.52550099999999,43.399901,At/near private drive,2,P.D. only,Thru lane,unknown,unknown,SMV unattended vehicle,Unknown,Daylight,01 - Daylight,Municipal (excl. Twp. Rd.),No control,unknown,0,0,0,False,False,False,Clear,,False,GRAVEL RIDGE TRAIL ; 252 GRAVEL RIDGE TRAIL; 1 M,3/4/2020 10:19:45 AM,,
44201,15-163903,1438520700000,2015,8,2,13,5,0,Sunday,541403.73342,4810358.29769,-80.488327,43.44499,At/near private drive,1,Non-fatal injury,Thru lane,unknown,unknown,SMV other,Unknown,Daylight,01 - Daylight,Municipal (excl. Twp. Rd.),No control,unknown,0,0,0,False,False,True,Clear,,False,PETER ST; ST GEORGE ST ; Near; 30 M,3/7/2019 2:31:02 PM,,
44202,15-163913,1438518600000,2015,8,2,12,30,0,Sunday,540961.4481,4808528.19618,-80.49392999999999,43.428536,At/near private drive,2,P.D. only,Thru lane,unknown,unknown,Other,Unknown,Daylight,01 - Daylight,Municipal (excl. Twp. Rd.),No control,unknown,0,0,0,False,False,False,Clear,,False,SOUTHMOOR DR; 27 SOUTHMOOR DR,3/7/2019 2:31:01 PM,,
44203,15-163959,1438525620000,2015,8,2,14,27,0,Sunday,543230.7802,4804480.51971,-80.466214,43.391963,Intersection related,2,P.D. only,Not on roadway - left side,unknown,unknown,SMV other,Unknown,Daylight,01 - Daylight,Municipal (excl. Twp. Rd.),Yield sign,Functioning,0,0,0,False,False,False,Clear,,False,HURON RD; STRASBURG RD; 10 M,3/7/2019 2:31:00 PM,,
44204,15-164061,1438536780000,2015,8,2,17,33,0,Sunday,538016.2244,4808433.97851,-80.530323,43.427842999999996,Intersection related,2,P.D. only,Thru lane,unknown,unknown,Turning movement,Unknown,"Dark, artificial","08 - Dark, artificial",Municipal (excl. Twp. Rd.),Stop sign,Functioning,0,0,0,False,False,False,Rain,,False,WESTHEIGHTS DR ;  BLACKWELL DR; At,3/4/2020 10:19:43 AM,,
44205,15-164683,1438621380000,2015,8,3,17,3,0,Monday,546535.83036,4810162.86842,-80.42492299999999,43.442929,At/near private drive,2,P.D. only,Thru lane,unknown,unknown,Other,Unknown,Daylight,01 - Daylight,Regional municipality,No control,unknown,0,0,0,False,False,False,Clear,,False,DAIMLER DR; DAIMLER DR; Near; 7 M,3/7/2019 2:30:59 PM,,
44206,15-165275,1438691880000,2015,8,4,12,38,0,Tuesday,538407.31903,4808455.19727,-80.52548999999999,43.428014,At/near private drive,1,Non-fatal injury,Thru lane,unknown,unknown,Turning movement,Unknown,Daylight,01 - Daylight,Municipal (excl. Twp. Rd.),Stop sign,Functioning,0,0,0,False,False,False,Clear,,False,QUEENS BLVD; 875 HIGHLAND RD W; 8 M,3/7/2019 2:30:58 PM,,
44207,15-165303,1438688700000,2015,8,4,11,45,0,Tuesday,544379.56815,4806612.34856,-80.45185699999999,43.411091,At/near private drive,2,P.D. only,Thru lane,unknown,unknown,Turning movement,Unknown,Daylight,01 - Daylight,Municipal (excl. Twp. Rd.),No control,unknown,0,0,0,False,False,False,Clear,,False,OTONABEE DR; OTONABEE DR ; Near,3/7/2019 2:30:57 PM,,
44208,15-165324,1437741000000,2015,7,24,12,30,0,Friday,540819.03971,4811313.74707,-80.495481,43.453624999999995,Intersection related,2,P.D. only,Thru lane,unknown,unknown,Turning movement,Unknown,Daylight,01 - Daylight,Municipal (excl. Twp. Rd.),Stop sign,Functioning,0,0,0,False,False,False,Clear,,False,DUKE ST W; HEIT LANE,3/7/2019 2:30:56 PM,,
44209,15-165426,1438704540000,2015,8,4,16,9,0,Tuesday,538629.30403,4807727.35314,-80.52279899999999,43.421448999999996,At intersection,2,P.D. only,Within intersection,unknown,unknown,Turning movement,Unknown,Daylight,01 - Daylight,Municipal (excl. Twp. Rd.),Stop sign,Functioning,0,0,0,False,False,False,Clear,,False,MCGARRY DR; PINEHURST CRES; At,3/7/2019 2:30:55 PM,,
44210,15-165452,1438706160000,2015,8,4,16,36,0,Tuesday,541854.73184,4803513.06863,-80.483278,43.38333,At intersection,2,P.D. only,Within intersection,unknown,unknown,SMV other,Unknown,Daylight,01 - Daylight,Municipal (excl. Twp. Rd.),Yield sign,Functioning,0,0,0,False,False,False,Clear,,False,HURON RD; WOODBINE AVE,3/7/2019 2:30:55 PM,,
44211,15-165930,1438771500000,2015,8,5,10,45,0,Wednesday,540173.46507,4809412.49987,-80.5036,43.436541,At intersection,2,P.D. only,Within intersection,unknown,unknown,Angle,Unknown,Daylight,01 - Daylight,Municipal (excl. Twp. Rd.),Traffic signal,Functioning,0,0,0,False,False,False,Clear,,False,QUEENS BLVD; BELMONT AVE E,3/7/2019 2:30:54 PM,,
44212,15-166725,1438703100000,2015,8,4,15,45,0,Tuesday,541119.06503,4811006.48672,-80.491796,43.450842,Non intersection,2,P.D. only,Thru lane,unknown,unknown,SMV unattended vehicle,Unknown,Daylight,01 - Daylight,Regional municipality,No control,unknown,0,0,0,False,False,False,Clear,,False,KING ST W; 147 KING ST W ; At,3/7/2019 2:30:52 PM,,
44213,15-166792,1437476400000,2015,7,21,11,0,0,Tuesday,543130.5481,4811427.09881,-80.466903,43.454516,At intersection,2,P.D. only,Within intersection,unknown,unknown,Turning movement,Unknown,Daylight,01 - Daylight,Municipal (excl. Twp. Rd.),Stop sign,Functioning,0,0,0,False,False,False,Clear,,False,KRUG ST; BECKER ST; At,3/7/2019 2:30:52 PM,,
44214,15-166950,1438877340000,2015,8,6,16,9,0,Thursday,545851.23541,4809754.46662,-80.43341699999999,43.439294,At intersection,1,Non-fatal injury,Within intersection,unknown,unknown,SMV other,Unknown,Daylight,01 - Daylight,Regional municipality,Traffic signal,Functioning,0,0,0,True,False,False,Clear,,False,RIVER RD E; OLD CHICOPEE DR,3/7/2019 2:30:51 PM,,
44215,15-167655,1438952400000,2015,8,7,13,0,0,Friday,545143.3959,4806880.40764,-80.44240099999999,43.413458999999996,At/near private drive,2,P.D. only,Thru lane,unknown,unknown,Rear end,Unknown,Daylight,01 - Daylight,Regional municipality,No control,unknown,0,0,0,False,False,False,Clear,,False,WILSON AVE; 800 WILSON AV,3/7/2019 2:30:50 PM,,
44216,15-167657,1438894800000,2015,8,6,21,0,0,Thursday,541068.0,4811108.0,0.0,0.0,Other,2,P.D. only,Off highway,unknown,unknown,SMV unattended vehicle,Unknown,Dark,07 - Dark,Private property,No control,unknown,0,0,0,False,False,False,Clear,,False,DRIVEWAY; RED RIVER DR; At,3/7/2019 2:30:49 PM,,
44217,15-167681,1438894800000,2015,8,6,21,0,0,Thursday,541068.0,4811108.0,0.0,0.0,Other,2,P.D. only,Off highway,unknown,unknown,SMV unattended vehicle,Unknown,Dark,07 - Dark,Private property,No control,unknown,0,0,0,False,False,False,Clear,,False,DRIVEWAY; RED RIVER DR; At,3/7/2019 2:30:49 PM,,
44218,15-168913,1439107860000,2015,8,9,8,11,0,Sunday,540792.17573,4809120.56932,-80.495977,43.433879,At intersection,2,P.D. only,Within intersection,unknown,unknown,SMV other,Unknown,Daylight,01 - Daylight,Municipal (excl. Twp. Rd.),Stop sign,Functioning,0,0,0,False,False,False,Clear,,False,STIRLING AVE S; MAUSSER AVE,3/7/2019 2:30:48 PM,,
44219,15-169204,1439141400000,2015,8,9,17,30,0,Sunday,542488.91092,4811124.37809,-80.474857,43.451827,At intersection,2,P.D. only,Within intersection,unknown,unknown,Angle,Unknown,Daylight,01 - Daylight,Regional municipality,Stop sign,Functioning,0,0,0,False,False,False,Clear,,False,LYDIA ST; KRUG ST; At,3/7/2019 2:30:47 PM,,
44220,15-169232,1439143920000,2015,8,9,18,12,0,Sunday,541821.52918,4813903.52541,-80.48289199999999,43.476887999999995,Non intersection,1,Non-fatal injury,Right shoulder,unknown,unknown,SMV other,Unknown,Daylight,01 - Daylight,Regional municipality,No control,unknown,0,0,0,False,False,True,Clear,,False,BRIDGEPORT RD; RIVERBEND DR; 26 M,3/7/2019 2:30:46 PM,,
44221,15-169378,1439159340000,2015,8,9,22,29,0,Sunday,543779.02638,4804416.19274,-80.45944999999999,43.391352,At/near private drive,2,P.D. only,Off highway,unknown,unknown,SMV other,Unknown,Dark,07 - Dark,Private property,No control,unknown,0,0,0,False,False,False,Clear,,False,MARL MEADOW CRES ; MARL MEADOW CRES; At; 1 M,3/4/2020 10:19:43 AM,,
44222,15-169572,1439114400000,2015,8,9,10,0,0,Sunday,539599.35929,4809559.81398,-80.510683,43.437898,At/near private drive,2,P.D. only,Thru lane,unknown,unknown,Turning movement,Unknown,Daylight,01 - Daylight,Municipal (excl. Twp. Rd.),No control,unknown,0,0,0,False,False,False,Clear,,False,LAWRENCE AVE ; 370 HIGHLAND RD W,3/7/2019 2:30:46 PM,,
44223,15-169829,1439219460000,2015,8,10,15,11,0,Monday,545002.95354,4807701.54805,-80.444068,43.420860999999995,At/near private drive,1,Non-fatal injury,Right turn lane,unknown,unknown,Turning movement,Unknown,Daylight,01 - Daylight,Municipal (excl. Twp. Rd.),No control,unknown,0,0,0,False,False,False,Rain,,False,WILSON AVE ; FAIRWAY RD S; Near; 35 M,3/7/2019 2:30:45 PM,,
44224,15-170389,1439294400000,2015,8,11,12,0,0,Tuesday,541855.71004,4803512.07515,-80.483266,43.383320999999995,At intersection,2,P.D. only,Within intersection,unknown,unknown,Turning movement,Unknown,Daylight,01 - Daylight,Municipal (excl. Twp. Rd.),Yield sign,Functioning,0,0,0,False,False,False,Clear,,False,HURON RD; WOODBINE AVE; At,3/7/2019 2:30:44 PM,,
44225,15-170430,1439285400000,2015,8,11,9,30,0,Tuesday,545950.66736,4810863.10196,-80.43209499999999,43.44927,Non intersection,2,P.D. only,Thru lane,unknown,unknown,SMV unattended vehicle,Unknown,Daylight,01 - Daylight,Municipal (excl. Twp. Rd.),No control,unknown,0,0,0,False,False,False,Clear,,False,DUNNINGTON CRT; DUNNINGTON CRT ; Near,3/7/2019 2:30:44 PM,,
44226,15-170550,1439310000000,2015,8,11,16,20,0,Tuesday,540871.95357,4809778.97834,-80.494942,43.439803,At/near private drive,2,P.D. only,Left turn lane,unknown,unknown,Turning movement,Unknown,Daylight,01 - Daylight,Municipal (excl. Twp. Rd.),No control,unknown,0,0,0,False,False,False,Clear,,False,HIGHLAND RD E; 110 HIGHLAND RD E; 9 M,3/7/2019 2:30:43 PM,,
44227,15-170636,1439300400000,2015,8,11,13,40,0,Tuesday,539780.11719,4805419.31918,-80.50875099999999,43.400607,Non intersection,2,P.D. only,Right shoulder,unknown,unknown,SMV unattended vehicle,Unknown,Daylight,01 - Daylight,Municipal (excl. Twp. Rd.),No control,unknown,0,0,0,False,False,False,Clear,,False,DONNENWERTH DR; BLEAMS RD ; Near,3/7/2019 2:30:42 PM,,
44228,15-170649,1439314200000,2015,8,11,17,30,0,Tuesday,541185.23255,4810691.80941,-80.491002,43.448004999999995,Intersection related,2,P.D. only,Thru lane,unknown,unknown,Rear end,Unknown,Daylight,01 - Daylight,Municipal (excl. Twp. Rd.),Traffic signal,Functioning,0,0,0,False,False,False,Clear,,False,QUEEN ST S; JOSEPH ST; At,3/7/2019 2:30:42 PM,,
44229,15-170702,1439322000000,2015,8,11,19,40,0,Tuesday,544233.45037,4807818.73853,-80.453564,43.421962,At/near private drive,2,P.D. only,Thru lane,unknown,unknown,Other,Unknown,Daylight,01 - Daylight,Municipal (excl. Twp. Rd.),No control,unknown,0,0,0,False,False,False,Clear,,False,REYBURN AVE; REYBURN AVE ; At,3/7/2019 2:30:41 PM,,
44230,15-170768,1439331000000,2015,8,11,22,10,0,Tuesday,537142.81441,4807148.93579,-80.541201,43.416315999999995,Intersection related,2,P.D. only,Not on roadway - right side,unknown,unknown,SMV other,Unknown,Dark,07 - Dark,Municipal (excl. Twp. Rd.),Stop sign,Functioning,0,0,0,False,False,False,Clear,,False,DRIFTWOOD DR; HIGHVIEW DR ; 22.5 M,3/7/2019 2:30:40 PM,,
44231,15-171232,1439391900000,2015,8,12,15,5,0,Wednesday,545274.15549,4806433.26102,-80.440823,43.409425,At intersection,2,P.D. only,Within intersection,unknown,unknown,Angle,Stop sign,Daylight,01 - Daylight,Municipal (excl. Twp. Rd.),Stop sign,Functioning,0,0,0,False,False,False,Clear,,False,WABANAKI DR; WILSON AVE,3/7/2019 2:30:39 PM,,
44232,15-171420,1439412000000,2015,8,12,20,40,0,Wednesday,539816.75552,4806868.539,-80.50819299999999,43.413654,Non intersection,2,P.D. only,Thru lane,unknown,unknown,Sideswipe,Unknown,Dusk,05 - Dusk,Municipal (excl. Twp. Rd.),Traffic signal,Functioning,0,0,0,False,False,False,Clear,,False,ACTIVA AVE ; FISCHER HALLMAN RD ; 25 M,3/7/2019 2:30:39 PM,,
44233,15-171836,1439393880000,2015,8,12,15,38,0,Wednesday,545438.32695,4809167.04061,-80.43856799999999,43.43403,Other,1,Non-fatal injury,Off highway,unknown,unknown,SMV other,Unknown,Daylight,01 - Daylight,Private property,No control,unknown,0,0,0,True,False,False,Clear,,False,FALESY AVE,3/7/2019 2:30:38 PM,,
44234,15-172078,1439380800000,2015,8,12,12,0,0,Wednesday,543376.15149,4804053.09043,-80.46445299999999,43.388106,At/near private drive,2,P.D. only,Thru lane,unknown,unknown,SMV unattended vehicle,Unknown,Daylight,01 - Daylight,Municipal (excl. Twp. Rd.),No control,unknown,0,0,0,False,False,False,Clear,,False,RUSH MEADOW CRES; RUSH MEADOW CRES ; At,3/7/2019 2:30:37 PM,,
44235,15-172316,1439507760000,2015,8,13,23,16,0,Thursday,545384.70093,4810184.00889,-80.439146,43.44319,At intersection,1,Non-fatal injury,Within intersection,unknown,unknown,Turning movement,Unknown,"Dark, artificial","08 - Dark, artificial",Regional municipality,Stop sign,Functioning,0,0,0,False,False,False,Clear,,False,RIVER RD E; RENNIE DR,3/7/2019 2:30:37 PM,,
44236,15-172761,1439566800000,2015,8,14,15,40,0,Friday,544782.12875,4811403.9964,-80.44649199999999,43.454211,Non intersection,2,P.D. only,Thru lane,unknown,unknown,Rear end,Unknown,Daylight,01 - Daylight,Regional municipality,No control,unknown,0,0,0,False,False,False,Clear,,False,RIVER RD E; HICKSON DR ; Near; 150 M,3/7/2019 2:30:36 PM,,
44237,15-173697,1439659800000,2015,8,15,17,30,0,Saturday,536212.61194,4809409.17086,-80.55254099999999,43.436713,Non intersection,2,P.D. only,Thru lane,unknown,unknown,SMV unattended vehicle,Unknown,Daylight,01 - Daylight,Regional municipality,No control,unknown,0,0,0,False,False,False,Clear,,False,RESURRECTION DR; COUNTRYSTONE DR ; 175 M,3/4/2020 10:19:42 AM,,
44238,15-173928,1439690160000,2015,8,16,1,56,0,Sunday,541068.0,4811108.0,0.0,0.0,Non intersection,2,P.D. only,Right shoulder,unknown,unknown,SMV other,Unknown,Dark,07 - Dark,Regional municipality,No control,unknown,0,0,0,False,False,False,Clear,,False,KING ST W; KING ST W; 3 M,3/4/2020 10:19:41 AM,,
44239,15-173929,1439690160000,2015,8,16,1,56,0,Sunday,541708.52118,4803762.38325,-80.485064,43.385583,Non intersection,2,P.D. only,Thru lane,unknown,unknown,SMV unattended vehicle,Unknown,Dark,07 - Dark,Municipal (excl. Twp. Rd.),Stop sign,Functioning,0,0,0,False,False,False,Clear,,False,SIENNA CRES; VERONA ST; 10 M,3/7/2019 2:30:35 PM,,
44240,15-174076,1439714940000,2015,8,16,8,49,0,Sunday,537106.88311,4808868.39278,-80.541528,43.4318,Non intersection,2,P.D. only,Right shoulder,unknown,unknown,SMV unattended vehicle,Unknown,Daylight,01 - Daylight,Municipal (excl. Twp. Rd.),No control,unknown,0,0,0,False,False,False,Clear,,False,HIDDEN CREEK DR; 128 HIDDEN CREEK DR; 6 M,3/7/2019 2:30:34 PM,,
44241,15-174152,1439654400000,2015,8,15,16,0,0,Saturday,537102.09183,4808282.63491,-80.54162699999999,43.426525999999996,At/near private drive,2,P.D. only,Thru lane,unknown,unknown,SMV unattended vehicle,Unknown,Daylight,01 - Daylight,Municipal (excl. Twp. Rd.),No control,unknown,0,0,0,False,False,False,Clear,,False,BANKSIDE DR; 371 BANKSIDE DR; Near,3/7/2019 2:30:34 PM,,