OBJECTID,ACCIDENTNUM,ACCIDENTDATE,ACCIDENT_YEAR,ACCIDENT_MONTH,ACCIDENT_DAY,ACCIDENT_HOUR,ACCIDENT_MINUTE,ACCIDENT_SECOND,ACCIDENT_WEEKDAY,XCOORD,YCOORD,LONGITUDE,LATITUDE,ACCIDENTLOCATION,COLLISIONTYPE,CLASSIFICATIONOFACCIDENT,IMPACTLOCATION,INITIALDIRECTIONOFTRAVELONE,INITIALDIRECTIONOFTRAVELTWO,INITIALIMPACTTYPE,INTTRAFFICCONTROL,LIGHT,LIGHTFORREPORT,ROADJURISDICTION,TRAFFICCONTROL,TRAFFICCONTROLCONDITION,THRULANENO,NORTHBOUNDDISOBEYCOUNT,SOUTHBOUNDDISOBEYCOUNT,PEDESTRIANINVOLVED,CYCLISTINVOLVED,MOTORCYCLISTINVOLVED,ENVIRONMENTCONDITION1,ENVIRONMENTCONDITION2,SELFREPORTED,XMLIMPORTNOTES,LASTEDITEDDATE,CREATE_BY,CREATE_DATE
44242,15-174224,1439729100000,2015,8,16,12,45,0,Sunday,549313.10982,4806284.19175,-80.390954,43.407827999999995,At/near private drive,2,P.D. only,Thru lane,unknown,unknown,Turning movement,Unknown,Daylight,01 - Daylight,Municipal (excl. Twp. Rd.),No control,unknown,0,0,0,False,False,False,Clear,,False,GATEWAY PARK DR; 4438 KING ST E; Near,3/7/2019 2:30:33 PM,,
44243,15-174827,1439488800000,2015,8,13,18,0,0,Thursday,546328.85358,4812489.42772,-80.427283,43.46389,At/near private drive,2,P.D. only,Thru lane,unknown,unknown,SMV unattended vehicle,Unknown,Daylight,01 - Daylight,Municipal (excl. Twp. Rd.),No control,unknown,0,0,0,False,False,False,Clear,,False,MISTY CRES,3/7/2019 2:30:32 PM,,
44244,15-175033,1439748000000,2015,8,16,18,0,0,Sunday,540263.0033,4811657.02496,-80.50232799999999,43.456745999999995,At/near private drive,2,P.D. only,Thru lane,unknown,unknown,SMV unattended vehicle,Unknown,Other,99 - Other,Municipal (excl. Twp. Rd.),No control,unknown,0,0,0,False,False,False,Clear,,False,MOORE AVE; 74 MOORE AVE,3/7/2019 2:30:32 PM,,
44245,15-176181,1439939940000,2015,8,18,23,19,0,Tuesday,541150.30762,4811150.61303,-80.491399,43.452138,Intersection related,2,P.D. only,Thru lane,unknown,unknown,SMV other,Unknown,Dark,07 - Dark,Municipal (excl. Twp. Rd.),Traffic signal,Functioning,0,0,0,False,False,False,Clear,,False,DUKE ST W; YOUNG ST; At; 4 M,3/7/2019 2:30:31 PM,,
44246,15-176482,1439983620000,2015,8,19,11,27,0,Wednesday,544942.5802,4808209.25316,-80.444772,43.425436,Non intersection,2,P.D. only,Thru lane,unknown,unknown,Sideswipe,Unknown,Daylight,01 - Daylight,Municipal (excl. Twp. Rd.),No control,unknown,0,0,0,False,False,False,Clear,,False,GREENFIELD AVE; TRAYNOR AVE; 180 M,3/7/2019 2:30:30 PM,,
44247,15-177141,1440060000000,2015,8,20,8,40,0,Thursday,541055.30333,4811657.6958,-80.49253499999999,43.456709,At intersection,1,Non-fatal injury,Within intersection,unknown,unknown,Angle,Unknown,Daylight,01 - Daylight,Municipal (excl. Twp. Rd.),Stop sign,Functioning,0,0,0,False,False,False,Rain,,False,BREITHAUPT ST; AHRENS ST W; At,3/7/2019 2:30:30 PM,,
44248,15-177417,1439993700000,2015,8,19,14,15,0,Wednesday,541265.97658,4810931.52953,-80.489986,43.450159,Non intersection,2,P.D. only,Right shoulder,unknown,unknown,SMV unattended vehicle,Unknown,Daylight,01 - Daylight,Municipal (excl. Twp. Rd.),No control,unknown,0,0,0,False,False,False,Clear,,False,KING ST W; 10 KING ST W; At,3/7/2019 2:30:29 PM,,
44249,15-178355,1438884000000,2015,8,6,18,0,0,Thursday,547556.06085,4808909.98142,-80.412425,43.431584,At/near private drive,2,P.D. only,Thru lane,unknown,unknown,SMV unattended vehicle,Unknown,Daylight,01 - Daylight,Municipal (excl. Twp. Rd.),No control,unknown,0,0,0,False,False,False,Clear,,False,WYANDOTTE CRT; 40 WYANDOTTE CRT,3/7/2019 2:30:28 PM,,
44250,15-178550,1440198060000,2015,8,21,23,1,0,Friday,544437.52434,4808716.79152,-80.45097,43.430036,Intersection related,2,P.D. only,Off highway,unknown,unknown,SMV other,Unknown,Dark,07 - Dark,Municipal (excl. Twp. Rd.),Stop sign,Functioning,0,0,0,False,False,False,Clear,,False,FRANKLIN ST S; CONNAUGHT ST,3/7/2019 2:30:27 PM,,
44251,15-178778,1440236640000,2015,8,22,9,44,0,Saturday,537039.75606,4807886.02993,-80.542424,43.422958,Intersection related,2,P.D. only,Thru lane,unknown,unknown,Angle,Unknown,Daylight,01 - Daylight,Municipal (excl. Twp. Rd.),Stop sign,Functioning,0,0,0,False,False,False,Clear,,False,WESTHEIGHTS DR ; ROLLING MEADOWS DR ; 5 M,3/7/2019 2:30:26 PM,,
44252,15-179468,1440299700000,2015,8,23,3,15,0,Sunday,541747.47901,4807731.04286,-80.48428,43.421315,At/near private drive,2,P.D. only,Thru lane,unknown,unknown,SMV unattended vehicle,Unknown,Dark,07 - Dark,Municipal (excl. Twp. Rd.),No control,unknown,0,0,0,False,False,False,Clear,,False,LUCERNE DR; LUCERNE DR ; 5 M,3/7/2019 2:30:26 PM,,
44253,15-179855,1440356580000,2015,8,23,19,3,0,Sunday,544958.77487,4811036.88975,-80.444339,43.450894999999996,At/near private drive,2,P.D. only,Left turn lane,unknown,unknown,Turning movement,Unknown,"Daylight, artificial","02 - Daylight, artificial",Municipal (excl. Twp. Rd.),Traffic signal,Functioning,0,0,0,False,False,False,Clear,,False,RIVER RD E; OTTAWA ST N; Near; 25 M,3/7/2019 2:30:25 PM,,
44254,15-180019,1440376500000,2015,8,24,0,35,0,Monday,544739.10445,4807985.55518,-80.447304,43.423434,Non intersection,1,Non-fatal injury,Off highway,unknown,unknown,SMV other,Unknown,"Dark, artificial","08 - Dark, artificial",Municipal (excl. Twp. Rd.),No control,unknown,0,0,0,False,False,False,Rain,,False,TRAYNOR AVE; WILSON AVE ; Near; 80 M,3/7/2019 2:30:24 PM,,
44255,15-180147,1440405600000,2015,8,24,8,40,0,Monday,539978.19087,4809259.85238,-80.506024,43.435176999999996,Non intersection,2,P.D. only,Thru lane,unknown,unknown,Rear end,Unknown,Daylight,01 - Daylight,Regional municipality,No control,unknown,0,0,0,False,False,False,Clear,,False,1085 QUEENS BLVD; BELMONT AVE W; 170 M,3/7/2019 2:30:22 PM,,
44256,15-180291,1440417900000,2015,8,24,12,5,0,Monday,541872.78445,4810743.80149,-80.482501,43.448434999999996,At intersection,1,Non-fatal injury,Within intersection,unknown,unknown,Angle,Unknown,Daylight,01 - Daylight,Municipal (excl. Twp. Rd.),Stop sign,Functioning,0,0,0,False,False,False,Clear,,False,DUKE ST E; CEDAR ST N; At,3/7/2019 2:30:21 PM,,
44257,15-180435,1440370800000,2015,8,23,23,0,0,Sunday,541632.31685,4812705.66045,-80.485323,43.466113,Non intersection,2,P.D. only,Thru lane,unknown,unknown,SMV unattended vehicle,Unknown,"Dark, artificial","08 - Dark, artificial",Municipal (excl. Twp. Rd.),No control,unknown,0,0,0,False,False,False,Rain,,False,ENGLEWOOD PL; 42 ENGLEWOOD PL,3/7/2019 2:30:20 PM,,
44258,15-180604,1440447660000,2015,8,24,20,21,0,Monday,543838.31767,4808131.13015,-80.45841999999999,43.424797999999996,At/near private drive,2,P.D. only,Right shoulder,unknown,unknown,SMV unattended vehicle,Unknown,"Dusk, artificial","06 - Dusk, artificial",Municipal (excl. Twp. Rd.),No control,unknown,0,0,0,False,False,False,Clear,,False,CLARK AVE; CLARK AVE ; At; 7 M,3/7/2019 2:30:20 PM,,
44259,15-180957,1440501840000,2015,8,25,11,24,0,Tuesday,540567.90026,4809847.55501,-80.498694,43.440436999999996,Non intersection,2,P.D. only,Thru lane,unknown,unknown,SMV unattended vehicle,Unknown,Daylight,01 - Daylight,Regional municipality,No control,unknown,0,0,0,False,False,False,Clear,,False,QUEENS BLVD; SPADINA RD W; Near; 100 M,3/7/2019 2:30:19 PM,,
44260,15-181137,1440517620000,2015,8,25,15,47,0,Tuesday,539166.19254,4810929.99706,-80.515937,43.450258,Non intersection,2,P.D. only,Thru lane,unknown,unknown,Rear end,Unknown,Daylight,01 - Daylight,Regional municipality,No control,unknown,0,0,0,False,False,False,Clear,,False,564 BELMONT AVE W; GLASGOW ST ; Near; 170 M,3/7/2019 2:30:18 PM,,
44261,15-181161,1440519480000,2015,8,25,16,18,0,Tuesday,542560.02264,4812547.86284,-80.473867,43.464639999999996,At intersection,1,Non-fatal injury,Within intersection,unknown,unknown,Turning movement,Unknown,Daylight,01 - Daylight,Municipal (excl. Twp. Rd.),Stop sign,Functioning,0,0,0,False,False,False,Clear,,False,WELLINGTON ST N; HWY 85 TO WELLINGTON ST N; At,3/7/2019 2:30:18 PM,,
44262,15-181763,1439566200000,2015,8,14,15,30,0,Friday,542110.41449,4807130.23678,-80.479843,43.415884999999996,Intersection related,1,Non-fatal injury,Left turn lane,unknown,unknown,Rear end,Unknown,Daylight,01 - Daylight,Municipal (excl. Twp. Rd.),Traffic signal,Functioning,0,0,0,False,False,False,Clear,,False,BLOCK LINE RD; STRASBURG RD; At,3/7/2019 2:30:17 PM,,
44263,15-182132,1440621840000,2015,8,26,20,44,0,Wednesday,545911.76185,4805353.27304,-80.433039,43.399662,Non intersection,2,P.D. only,Thru lane,unknown,unknown,SMV unattended vehicle,Unknown,Dusk,05 - Dusk,Municipal (excl. Twp. Rd.),No control,unknown,0,0,0,False,False,False,Clear,,False,GREEN VALLEY DR; MILL PARK DR ; Near; 35 M,3/7/2019 2:30:16 PM,,
44264,15-182455,1440671400000,2015,8,27,10,30,0,Thursday,541068.0,4811108.0,0.0,0.0,At intersection,2,P.D. only,Within intersection,unknown,unknown,Angle,Unknown,Daylight,01 - Daylight,Regional municipality,Traffic signal,Functioning,0,0,0,False,False,False,Clear,,False,WELLINGTON ST N; MARGARET AVE; At,3/4/2020 10:19:40 AM,,
44265,15-182497,1440674820000,2015,8,27,11,27,0,Thursday,545675.1052,4811884.33716,-80.43541499999999,43.458482,Non intersection,1,Non-fatal injury,Not on roadway - right side,unknown,unknown,SMV other,Unknown,Daylight,01 - Daylight,Municipal (excl. Twp. Rd.),No control,unknown,0,0,0,False,False,False,Clear,,False,OAKHURST CRES; HERITAGE DR; 30 M,3/7/2019 2:30:16 PM,,
44266,15-182529,1440677520000,2015,8,27,12,12,0,Thursday,541184.26159,4810691.80348,-80.49101399999999,43.448004999999995,At intersection,1,Non-fatal injury,Within intersection,unknown,unknown,Turning movement,Unknown,Daylight,01 - Daylight,Municipal (excl. Twp. Rd.),Traffic signal,Functioning,0,0,0,False,True,False,Clear,,False,JOSEPH ST ; QUEEN ST S; At,3/7/2019 2:30:15 PM,,
44267,15-183074,1440744240000,2015,8,28,6,44,0,Friday,541602.18014,4806862.53779,-80.48614099999999,43.413503,Non intersection,2,P.D. only,Thru lane,unknown,unknown,SMV other,Unknown,Daylight,01 - Daylight,Regional municipality,No control,unknown,0,0,0,False,False,False,Clear,,False,BLOCKLINE ROAD; MCLENNAN PARK GATE ; 15 M,3/7/2019 2:30:14 PM,,
44268,15-183914,1440817860000,2015,8,29,3,11,0,Saturday,541721.57004,4803918.50355,-80.48489099999999,43.386987999999995,Other,2,P.D. only,Off highway,unknown,unknown,SMV unattended vehicle,Unknown,"Dusk, artificial","06 - Dusk, artificial",Private property,No control,unknown,0,0,0,False,False,False,Clear,,False,DRIVEWAY; WOODBINE AVE; At,3/7/2019 2:30:13 PM,,
44269,15-183976,1440804600000,2015,8,28,23,30,0,Friday,541550.56866,4810495.47341,-80.486502,43.446217,Non intersection,2,P.D. only,Not on roadway - right side,unknown,unknown,SMV other,Unknown,Dark,07 - Dark,Regional municipality,No control,unknown,0,0,0,False,False,False,Clear,,False,CHURCH ST; 96 CHURCH ST ; 1 M,3/7/2019 2:30:13 PM,,
44270,15-184204,1440804600000,2015,8,28,23,30,0,Friday,537703.00626,4809936.87949,-80.534089,43.441390999999996,At/near private drive,2,P.D. only,Thru lane,unknown,unknown,SMV unattended vehicle,Unknown,Daylight,01 - Daylight,Municipal (excl. Twp. Rd.),No control,unknown,0,0,0,False,False,False,Clear,,False,SHADELAND CRES ; 41 SHADELAND CRES,3/7/2019 2:30:12 PM,,
44271,15-184279,1440862200000,2015,8,29,15,30,0,Saturday,545259.79062,4803538.01881,-80.44124,43.383357,Non intersection,2,P.D. only,Thru lane,unknown,unknown,Sideswipe,Unknown,Daylight,01 - Daylight,Municipal (excl. Twp. Rd.),No control,unknown,0,0,0,False,False,False,Clear,,False,APPLE RIDGE DR; FOREST CREEK DR,3/7/2019 2:30:11 PM,,
44272,15-184978,1440949200000,2015,8,30,15,40,0,Sunday,540565.90139,4811430.27701,-80.498601,43.454688,At intersection,2,P.D. only,Within intersection,unknown,unknown,Turning movement,Unknown,Daylight,01 - Daylight,Municipal (excl. Twp. Rd.),Stop sign,Functioning,0,0,0,False,False,False,Clear,,False,BREITHAUPT ST; WATERLOO ST; At,3/7/2019 2:30:10 PM,,
44273,15-184980,1440949500000,2015,8,30,15,45,0,Sunday,545899.26219,4809796.7749,-80.43281999999999,43.439671999999995,At intersection,1,Non-fatal injury,Within intersection,unknown,unknown,Turning movement,Unknown,Daylight,01 - Daylight,Municipal (excl. Twp. Rd.),Stop sign,Functioning,0,0,0,False,False,False,Clear,,False,OLD CHICOPEE DR ; VERONICA DR,3/7/2019 2:30:09 PM,,
44274,15-185697,1441029000000,2015,8,31,13,50,0,Monday,541368.5156,4810954.4814,-80.488717,43.450359999999996,At intersection,2,P.D. only,Within intersection,unknown,unknown,Turning movement,Unknown,Daylight,01 - Daylight,Regional municipality,No control,unknown,0,0,0,False,True,False,Clear,,False,QUEEN ST N; GOUDIES LANE,3/4/2020 10:19:39 AM,,
44275,15-185821,1440783000000,2015,8,28,17,30,0,Friday,547010.06767,4804930.79882,-80.419513,43.39579,At/near private drive,2,P.D. only,Thru lane,unknown,unknown,SMV unattended vehicle,Unknown,Daylight,01 - Daylight,Municipal (excl. Twp. Rd.),No control,unknown,0,0,0,False,False,False,Clear,,False,MILL PARK DR; 482 MILL PARK DR,3/7/2019 2:30:08 PM,,
44276,15-185826,1441006200000,2015,8,31,7,30,0,Monday,539011.76535,4809007.41613,-80.517983,43.432955,At/near private drive,2,P.D. only,Thru lane,unknown,unknown,SMV unattended vehicle,Unknown,Daylight,01 - Daylight,Municipal (excl. Twp. Rd.),No control,unknown,0,0,0,False,False,False,Clear,,False,OVERLEA DR; 162 OVERLEA DR; Near; 0 M,3/7/2019 2:30:08 PM,,
44277,15-186258,1441098000000,2015,9,1,9,0,0,Tuesday,539963.07936,4809611.04852,-80.506185,43.43834,Non intersection,2,P.D. only,Thru lane,unknown,unknown,SMV other,Unknown,Daylight,01 - Daylight,Municipal (excl. Twp. Rd.),No control,unknown,0,0,0,False,False,False,Clear,,False,BELMONT AVE W; MARLBOROUGH AVE ; 100 M,3/7/2019 2:30:07 PM,,
44278,15-186371,1441105200000,2015,9,1,11,0,0,Tuesday,549242.5928,4806294.00581,-80.391824,43.407920999999995,At/near private drive,2,P.D. only,Thru lane,unknown,unknown,Angle,Unknown,Daylight,01 - Daylight,Municipal (excl. Twp. Rd.),Stop sign,Functioning,0,0,0,False,False,False,Clear,,False,GATEWAY PARK DR ; KING ST E; At,3/4/2020 10:19:39 AM,,
44279,15-187081,1441189620000,2015,9,2,10,27,0,Wednesday,544118.78314,4811894.07045,-80.454651,43.458663,At intersection,2,P.D. only,Within intersection,unknown,unknown,Angle,Unknown,Daylight,01 - Daylight,Regional municipality,Stop sign,Functioning,0,0,0,False,False,False,Clear,,False,RIVER RD E; MANCHESTER RD; At,3/7/2019 2:30:05 PM,,
44280,15-187194,1441197240000,2015,9,2,12,34,0,Wednesday,542345.16662,4810268.40986,-80.47670000000001,43.444128,At/near private drive,2,P.D. only,Thru lane,unknown,unknown,Angle,Unknown,Daylight,01 - Daylight,Regional municipality,Traffic signal,Functioning,0,0,0,False,False,False,Clear,,False,KING ST E; STERLING AVE; 22 M,3/7/2019 2:30:04 PM,,
44281,15-187243,1441197900000,2015,9,2,12,45,0,Wednesday,541311.56806,4810846.29147,-80.489429,43.449389,Intersection related,2,P.D. only,Thru lane,unknown,unknown,Other,Unknown,Daylight,01 - Daylight,Regional municipality,Stop sign,Functioning,0,0,0,False,False,False,Clear,,False,HALLS LANE E; QUEEN ST S,3/7/2019 2:30:04 PM,,
44282,15-187314,1441207620000,2015,9,2,15,27,0,Wednesday,542123.12333,4810409.73302,-80.479433,43.445412999999995,Non intersection,2,P.D. only,Thru lane,unknown,unknown,Rear end,Unknown,Daylight,01 - Daylight,Regional municipality,No control,unknown,0,0,0,False,False,False,Clear,,False,KING ST E; PANDORA AVE N; 40 M,3/7/2019 2:30:03 PM,,
44283,15-187368,1441141200000,2015,9,1,21,0,0,Tuesday,541068.0,4811108.0,0.0,0.0,Other,2,P.D. only,Not on roadway - right side,unknown,unknown,SMV other,Unknown,Dark,07 - Dark,Municipal (excl. Twp. Rd.),No control,unknown,0,0,0,False,False,False,Clear,,False,RIVER OAK DR; RIVER OAK DR; Near,3/7/2019 2:30:00 PM,,
44284,15-187497,1441223220000,2015,9,2,19,47,0,Wednesday,542167.96017,4816545.30606,-80.478404,43.500654999999995,Other,1,Non-fatal injury,Off highway,unknown,unknown,SMV other,Unknown,Daylight,01 - Daylight,Private property,No control,unknown,0,0,0,False,False,False,Clear,,False,KIWANIS PARK; KIWANIS PARK DR ; At,3/7/2019 2:30:00 PM,,
44285,15-187801,1441216800000,2015,9,2,18,0,0,Wednesday,548692.40445,4806123.75454,-80.398634,43.406424,Non intersection,2,P.D. only,Thru lane,unknown,unknown,SMV unattended vehicle,Unknown,Daylight,01 - Daylight,Municipal (excl. Twp. Rd.),No control,unknown,0,0,0,False,False,False,Clear,,False,PIONEER GROVE CRT; PIONEER GROVE CRT ; Near,3/7/2019 2:29:59 PM,,
44286,15-187893,1441214400000,2015,9,2,17,20,0,Wednesday,537422.59471,4807881.03459,-80.537695,43.422894,Non intersection,2,P.D. only,Right shoulder,unknown,unknown,SMV unattended vehicle,Unknown,Daylight,01 - Daylight,Municipal (excl. Twp. Rd.),No control,unknown,0,0,0,False,False,False,Clear,,False,SPRUCEDALE CRES; SPRUCEDALE CRES ; 2 M,3/7/2019 2:29:58 PM,,
44287,15-187991,1441284720000,2015,9,3,12,52,0,Thursday,545106.98554,4807724.78822,-80.442781,43.421064,At/near private drive,2,P.D. only,Right turn lane,unknown,unknown,Turning movement,Unknown,Daylight,01 - Daylight,Regional municipality,Stop sign,Functioning,0,0,0,False,False,False,Clear,,False,WILSON AVE ; FAIRWAY RD S; Near; 4 M,3/7/2019 2:29:58 PM,,
44288,15-188165,1441298220000,2015,9,3,16,37,0,Thursday,541450.09695,4811095.91963,-80.487698,43.451629,At/near private drive,2,P.D. only,Right turn lane,unknown,unknown,Turning movement,Unknown,Daylight,01 - Daylight,Regional municipality,Traffic signal,Functioning,0,0,0,False,False,False,Rain,,False,QUEEN ST N; QUEEN ST N; Near; 1 M,3/7/2019 2:29:55 PM,,
44289,15-188684,1441353600000,2015,9,4,8,0,0,Friday,541068.0,4811108.0,0.0,0.0,At/near private drive,2,P.D. only,Thru lane,unknown,unknown,SMV unattended vehicle,Unknown,Dawn,03 - Dawn,Municipal (excl. Twp. Rd.),No control,unknown,0,0,0,False,False,False,Clear,,False,RENFREW ST; RENFREW ST ; Near,3/7/2019 2:29:54 PM,,
44290,15-188803,1441369440000,2015,9,4,12,24,0,Friday,544234.03426,4808803.74812,-80.45347699999999,43.430831,Intersection related,2,P.D. only,Not on roadway - right side,unknown,unknown,SMV other,Unknown,Daylight,01 - Daylight,Municipal (excl. Twp. Rd.),Stop sign,Functioning,0,0,0,False,False,False,Clear,,False,FIFTH AVE; CONNAUGHT ST; At,3/7/2019 2:29:54 PM,,
44291,15-188808,1441369800000,2015,9,4,12,30,0,Friday,541904.65175,4810550.75241,-80.48212199999999,43.446695,Non intersection,2,P.D. only,Thru lane,unknown,unknown,SMV unattended vehicle,Unknown,Daylight,01 - Daylight,Municipal (excl. Twp. Rd.),No control,unknown,0,0,0,False,False,False,Clear,,False,MADISON AVE N; KING ST E; 20 M,3/7/2019 2:29:53 PM,,
44292,15-188822,1441370880000,2015,9,4,12,48,0,Friday,541233.17782,4810949.43184,-80.49038999999999,43.450322,Intersection related,2,P.D. only,Thru lane,unknown,unknown,Approaching,Unknown,Daylight,01 - Daylight,Regional municipality,Traffic signal,Functioning,0,0,0,False,False,False,Clear,,False,KING ST W; ONTARIO ST N; 5 M,3/7/2019 2:29:52 PM,,
44293,15-189120,1441396020000,2015,9,4,19,47,0,Friday,545158.1651,4807238.34705,-80.442189,43.416681,At intersection,1,Non-fatal injury,Within intersection,unknown,unknown,Turning movement,Stop sign,Dusk,05 - Dusk,Municipal (excl. Twp. Rd.),No control,unknown,0,0,0,False,False,False,Clear,,False,WILSON AVE; WEBSTER RD; At,3/7/2019 2:29:52 PM,,
44294,15-189148,1441397700000,2015,9,4,20,15,0,Friday,541306.7322,4811424.11484,-80.489445,43.454592,At intersection,1,Non-fatal injury,Within intersection,unknown,unknown,SMV other,Unknown,"Dark, artificial","08 - Dark, artificial",Municipal (excl. Twp. Rd.),No control,unknown,0,0,0,True,False,False,Clear,,False,AHRENS ST W; YOUNG ST,3/7/2019 2:29:51 PM,,
44295,15-189234,1441405800000,2015,9,4,22,30,0,Friday,545854.5077,4807129.42629,-80.43359699999999,43.415658,At intersection,1,Non-fatal injury,Within intersection,unknown,unknown,Turning movement,Unknown,"Dark, artificial","08 - Dark, artificial",Municipal (excl. Twp. Rd.),Stop sign,Functioning,0,1,0,False,False,False,Clear,,False,WABANAKI DR; HIDDEN VALLEY RD; At,3/7/2019 2:29:50 PM,,
44296,15-189580,1441449000000,2015,9,5,10,30,0,Saturday,545464.53708,4803578.70908,-80.438709,43.383711,Non intersection,1,Non-fatal injury,Off highway,unknown,unknown,SMV other,Unknown,Daylight,01 - Daylight,Municipal (excl. Twp. Rd.),No control,unknown,0,0,0,False,False,True,Clear,,False,APPLE RIDGE DR ; APPLE RIDGE DR ; At; 9 M,3/7/2019 2:29:49 PM,,
44297,15-189700,1441459920000,2015,9,5,13,32,0,Saturday,541129.01634,4810622.05283,-80.49170199999999,43.447379999999995,At/near private drive,2,P.D. only,Thru lane,unknown,unknown,Turning movement,Unknown,Daylight,01 - Daylight,Regional municipality,No control,unknown,0,0,0,False,False,False,Clear,,False,QUEEN ST S; 221 QUEEN STREET S; 14 M,3/7/2019 2:29:49 PM,,
44298,15-189742,1441458000000,2015,9,5,13,0,0,Saturday,546126.74493,4813816.68703,-80.42966899999999,43.475853,Non intersection,2,P.D. only,Thru lane,unknown,unknown,Other,Unknown,Daylight,01 - Daylight,Municipal (excl. Twp. Rd.),No control,unknown,0,0,0,False,False,False,Clear,,False,CENTENNIAL RD; VICTORIA ST N; Near,3/7/2019 2:29:48 PM,,
44299,15-189764,1441466100000,2015,9,5,15,15,0,Saturday,544116.85936,4809294.65112,-80.45488499999999,43.435258,Intersection related,2,P.D. only,Thru lane,unknown,unknown,Rear end,Unknown,Daylight,01 - Daylight,Municipal (excl. Twp. Rd.),No control,unknown,0,0,0,False,False,False,Clear,,False,KINGSWAY DR; SECOND AVE; Near,3/7/2019 2:29:47 PM,,
44300,15-189817,1441473660000,2015,9,5,17,21,0,Saturday,542520.69131,4806517.7534,-80.474823,43.410347,At/near private drive,2,P.D. only,Thru lane,unknown,unknown,Other,Unknown,Daylight,01 - Daylight,Municipal (excl. Twp. Rd.),No control,unknown,0,0,0,False,False,False,Clear,,False,DEVONGLEN DR; 68 DEVONGLEN DR ; 4 M,3/7/2019 2:29:46 PM,,
44301,15-190195,1441505400000,2015,9,6,2,10,0,Sunday,541809.78228,4815026.73558,-80.482951,43.487002,At/near private drive,2,P.D. only,Thru lane,unknown,unknown,SMV other,Unknown,"Dark, artificial","08 - Dark, artificial",Municipal (excl. Twp. Rd.),No control,unknown,0,0,0,False,False,False,Clear,,False,WOOLWICH ST; 124 WOOLWICH ST; At; 17 M,3/7/2019 2:29:45 PM,,
44302,15-190317,1441508400000,2015,9,6,3,0,0,Sunday,546243.09748,4811535.36468,-80.42842399999999,43.455304999999996,At/near private drive,2,P.D. only,Right shoulder,unknown,unknown,SMV unattended vehicle,Unknown,Dark,07 - Dark,Municipal (excl. Twp. Rd.),No control,unknown,0,0,0,False,False,False,Clear,,False,GRAY ST; 97 GRAY ST,3/7/2019 2:29:45 PM,,
44303,15-191007,1441610760000,2015,9,7,7,26,0,Monday,543563.86192,4812258.07597,-80.46148099999999,43.461973,Non intersection,2,P.D. only,Not on roadway - left side,unknown,unknown,SMV other,Unknown,Daylight,01 - Daylight,Regional municipality,No control,unknown,0,0,0,False,False,False,Clear,,False,FREDERICK ST ; RIVER RD E; 20 M,3/7/2019 2:29:44 PM,,
44304,15-191276,1441638300000,2015,9,7,15,5,0,Monday,541845.25636,4810590.03245,-80.48285299999999,43.447052,At/near private drive,2,P.D. only,Thru lane,unknown,unknown,Turning movement,Unknown,Daylight,01 - Daylight,Regional municipality,No control,unknown,0,0,0,False,False,False,Clear,,False,KING ST E; KING ST E; 50 M,3/4/2020 10:19:38 AM,,
44305,15-191447,1441655220000,2015,9,7,19,47,0,Monday,540914.09316,4806552.69273,-80.494663,43.410751,Non intersection,2,P.D. only,Thru lane,unknown,unknown,SMV unattended vehicle,Unknown,"Dark, artificial","08 - Dark, artificial",Municipal (excl. Twp. Rd.),No control,unknown,0,0,0,False,False,False,Rain,,False,ERINBROOK DR; WARWICK CRT ; 5 M,3/4/2020 10:19:37 AM,,
44306,15-191698,1441656900000,2015,9,7,20,15,0,Monday,540469.74258,4806472.82696,-80.500157,43.410056,At/near private drive,2,P.D. only,Thru lane,unknown,unknown,SMV unattended vehicle,Unknown,Daylight,01 - Daylight,Municipal (excl. Twp. Rd.),No control,unknown,0,0,0,False,False,False,Clear,,False,HIGHBROOK ST; 60 HIGHBROOK ST,3/7/2019 2:29:43 PM,,
44307,15-191857,1441707960000,2015,9,8,10,26,0,Tuesday,541504.48909,4809489.08485,-80.48714799999999,43.437158,At/near private drive,2,P.D. only,Right shoulder,unknown,unknown,SMV other,Unknown,Daylight,01 - Daylight,Municipal (excl. Twp. Rd.),No control,unknown,0,0,0,False,False,False,Clear,,False,MILL ST; MILL ST.; At; 10 M,3/7/2019 2:29:42 PM,,
44308,15-191982,1441718100000,2015,9,8,13,15,0,Tuesday,541035.38823,4809319.95558,-80.49295699999999,43.435660999999996,At/near private drive,2,P.D. only,Thru lane,unknown,unknown,SMV unattended vehicle,Unknown,Daylight,01 - Daylight,Municipal (excl. Twp. Rd.),No control,unknown,0,0,0,False,False,False,Clear,,False,STIRLING AVE S; 510 STIRLING AVE S; 7 M,3/7/2019 2:29:42 PM,,
44309,15-192153,1441730640000,2015,9,8,16,44,0,Tuesday,543763.89733,4807748.70658,-80.45936999999999,43.421358999999995,At intersection,1,Non-fatal injury,Within intersection,unknown,unknown,Turning movement,Unknown,Daylight,01 - Daylight,Municipal (excl. Twp. Rd.),Traffic signal,Functioning,0,0,0,False,True,False,Clear,,False,SHELLEY DR ; COURTLAND AVE E,3/7/2019 2:29:41 PM,,