OBJECTID,ACCIDENTNUM,ACCIDENTDATE,ACCIDENT_YEAR,ACCIDENT_MONTH,ACCIDENT_DAY,ACCIDENT_HOUR,ACCIDENT_MINUTE,ACCIDENT_SECOND,ACCIDENT_WEEKDAY,XCOORD,YCOORD,LONGITUDE,LATITUDE,ACCIDENTLOCATION,COLLISIONTYPE,CLASSIFICATIONOFACCIDENT,IMPACTLOCATION,INITIALDIRECTIONOFTRAVELONE,INITIALDIRECTIONOFTRAVELTWO,INITIALIMPACTTYPE,INTTRAFFICCONTROL,LIGHT,LIGHTFORREPORT,ROADJURISDICTION,TRAFFICCONTROL,TRAFFICCONTROLCONDITION,THRULANENO,NORTHBOUNDDISOBEYCOUNT,SOUTHBOUNDDISOBEYCOUNT,PEDESTRIANINVOLVED,CYCLISTINVOLVED,MOTORCYCLISTINVOLVED,ENVIRONMENTCONDITION1,ENVIRONMENTCONDITION2,SELFREPORTED,XMLIMPORTNOTES,LASTEDITEDDATE,CREATE_BY,CREATE_DATE
44310,15-192277,1441665000000,2015,9,7,22,30,0,Monday,542447.46549,4807282.28071,-80.475668,43.417235,Intersection related,2,P.D. only,Thru lane,unknown,unknown,Turning movement,Unknown,Dark,07 - Dark,Regional municipality,No control,unknown,0,0,0,False,False,False,Rain,,False,BLOCK LINE RD; COUNTRY HILL DR; At,3/7/2019 2:29:40 PM,,
44311,15-192666,1441789200000,2015,9,9,9,0,0,Wednesday,538330.86567,4807579.38481,-80.526496,43.420131999999995,At/near private drive,2,P.D. only,Thru lane,unknown,unknown,Other,Unknown,Daylight,01 - Daylight,Municipal (excl. Twp. Rd.),No control,unknown,0,0,0,False,False,False,Rain,,False,180 MCGARRY DR; FORESTWOOD DR ; 8 M,3/7/2019 2:29:40 PM,,
44312,15-192892,1441806180000,2015,9,9,13,43,0,Wednesday,541466.7692,4810740.07007,-80.48751899999999,43.448423999999996,Non intersection,2,P.D. only,Thru lane,unknown,unknown,SMV other,Unknown,Daylight,01 - Daylight,Municipal (excl. Twp. Rd.),No control,unknown,0,0,0,False,False,False,Clear,,False,HALLS LANE E; BENTON ST ; 50 M,3/4/2020 10:19:37 AM,,
44313,15-192972,1441812840000,2015,9,9,15,34,0,Wednesday,542944.38648,4811336.8384,-80.469211,43.453714,At intersection,2,P.D. only,Within intersection,unknown,unknown,Turning movement,Unknown,Daylight,01 - Daylight,Municipal (excl. Twp. Rd.),Stop sign,Functioning,0,0,0,False,False,False,Clear,,False,KRUG ST; DUMFRIES AVE,3/7/2019 2:29:39 PM,,
44314,15-193013,1441810800000,2015,9,9,15,0,0,Wednesday,539220.71831,4809039.61387,-80.515399,43.433234,Non intersection,1,Non-fatal injury,Not on roadway - right side,unknown,unknown,SMV other,Unknown,Daylight,01 - Daylight,Municipal (excl. Twp. Rd.),No control,unknown,0,0,0,False,False,False,Clear,,False,CECILE DR; OVERLEA DR ; Near; 30 M,3/7/2019 2:29:38 PM,,
44315,15-193520,1441875480000,2015,9,10,8,58,0,Thursday,542561.67871,4811952.69219,-80.47389299999999,43.459281,Intersection related,2,P.D. only,Thru lane,unknown,unknown,Rear end,Unknown,Daylight,01 - Daylight,Municipal (excl. Twp. Rd.),Stop sign,Functioning,0,0,0,False,False,False,Clear,,False,MANSION ST; EDNA ST; 5 M,3/4/2020 10:19:36 AM,,
44316,15-193560,1441812600000,2015,9,9,15,30,0,Wednesday,541087.26096,4811020.61971,-80.492188,43.450970999999996,Intersection related,1,Non-fatal injury,Thru lane,unknown,unknown,Rear end,Unknown,Daylight,01 - Daylight,Municipal (excl. Twp. Rd.),Stop sign,Functioning,0,0,0,False,False,False,Clear,,False,YOUNG ST; KING ST W; Near,3/7/2019 2:29:37 PM,,
44317,15-194003,1441909800000,2015,9,10,18,30,0,Thursday,541031.69487,4810485.40964,-80.492915,43.446155,At/near private drive,2,P.D. only,Left turn lane,unknown,unknown,Turning movement,Unknown,Daylight,01 - Daylight,Regional municipality,No control,unknown,0,0,0,False,False,False,Clear,,False,QUEEN ST S; COURTLAND AVE E; 15 M,3/7/2019 2:29:37 PM,,
44318,15-194563,1441971900000,2015,9,11,11,45,0,Friday,538445.16029,4810463.94415,-80.524881,43.446099,At/near private drive,2,P.D. only,Thru lane,unknown,unknown,Other,Unknown,Daylight,01 - Daylight,Municipal (excl. Twp. Rd.),No control,unknown,0,0,0,False,False,False,Clear,,False,WESTWOOD DR; 10 WESTWOOD DR; 1 M,3/7/2019 2:29:36 PM,,
44319,15-194636,1441977960000,2015,9,11,13,26,0,Friday,545158.09709,4807514.66809,-80.442167,43.419169,At/near private drive,2,P.D. only,Thru lane,unknown,unknown,Turning movement,Unknown,Daylight,01 - Daylight,Municipal (excl. Twp. Rd.),No control,unknown,0,0,0,False,False,False,Clear,,False,WILSON AVE; WILSON AVE ; At; 1 M,3/4/2020 10:19:35 AM,,
44320,15-194672,1441980240000,2015,9,11,14,4,0,Friday,545414.74675,4802441.66506,-80.439418,43.373476,Other,2,P.D. only,Off highway,unknown,unknown,SMV unattended vehicle,Unknown,Daylight,01 - Daylight,Private property,No control,unknown,0,0,0,False,False,False,Rain,,False,PRIVATE PROPERTY; MEADOWRIDGE ST,3/7/2019 2:29:35 PM,,
44321,15-194963,1442003340000,2015,9,11,20,29,0,Friday,543460.68948,4811158.22834,-80.46284399999999,43.452076,Non intersection,2,P.D. only,Thru lane,unknown,unknown,SMV unattended vehicle,Unknown,Dark,07 - Dark,Municipal (excl. Twp. Rd.),No control,unknown,0,0,0,False,False,False,Rain,,False,DONALD ST; ADA ST; Near; 20 M,3/7/2019 2:29:35 PM,,
44322,15-194984,1442005440000,2015,9,11,21,4,0,Friday,541068.0,4811108.0,0.0,0.0,At intersection,1,Non-fatal injury,Within intersection,unknown,unknown,Turning movement,Unknown,Dark,07 - Dark,Municipal (excl. Twp. Rd.),Traffic signal,Functioning,0,0,0,False,True,False,Rain,,False,DOON VILLAGE RD; PIONEER DR,3/4/2020 10:19:35 AM,,
44323,15-195254,1442044920000,2015,9,12,8,2,0,Saturday,540643.5564,4800807.92124,-80.498431,43.359038999999996,At/near private drive,1,Non-fatal injury,Off highway,unknown,unknown,SMV other,Unknown,Daylight,01 - Daylight,Municipal (excl. Twp. Rd.),No control,unknown,0,0,0,False,False,False,Clear,,False,PLAINS RD; PLAINS RD ; 3 M,3/7/2019 2:29:34 PM,,
44324,15-196216,1442066100000,2015,9,12,13,55,0,Saturday,541472.63341,4812521.86783,-80.48731099999999,43.464467,At/near private drive,2,P.D. only,Thru lane,unknown,unknown,SMV unattended vehicle,Unknown,Daylight,01 - Daylight,Municipal (excl. Twp. Rd.),No control,unknown,0,0,0,False,False,False,Clear,,False,BLUCHER BLVD; 338 BLUCHER BV,3/7/2019 2:29:33 PM,,
44325,15-196347,1442164080000,2015,9,13,17,8,0,Sunday,539575.72158,4806248.62636,-80.51121499999999,43.408085,Intersection related,2,P.D. only,Left shoulder,unknown,unknown,SMV unattended vehicle,Unknown,Daylight,01 - Daylight,Municipal (excl. Twp. Rd.),Stop sign,Functioning,0,0,0,False,False,False,Clear,,False,ACTIVA AVE; COPPER LEAF ST ; 2 M,3/7/2019 2:29:32 PM,,
44326,15-196684,1442219100000,2015,9,14,8,25,0,Monday,542652.10228,4807350.31869,-80.473135,43.417836,At intersection,1,Non-fatal injury,Within intersection,unknown,unknown,SMV other,Unknown,Daylight,01 - Daylight,Municipal (excl. Twp. Rd.),Traffic signal,Functioning,0,0,0,True,False,False,Clear,,False,KINGSWOOD DR; BLOCK LINE RD; At,3/7/2019 2:29:32 PM,,
44327,15-196696,1442216700000,2015,9,14,7,45,0,Monday,541531.97736,4813983.36411,-80.486466,43.477623,Non intersection,2,P.D. only,Thru lane,unknown,unknown,SMV unattended vehicle,Unknown,Daylight,01 - Daylight,Municipal (excl. Twp. Rd.),No control,unknown,0,0,0,False,False,False,Clear,,False,LANG CRES; LANG CRES ; Near; 1 M,3/7/2019 2:29:31 PM,,
44328,15-196726,1442222400000,2015,9,14,9,20,0,Monday,538296.25896,4808042.75401,-80.52689099999999,43.424306,At/near private drive,2,P.D. only,Thru lane,unknown,unknown,Sideswipe,Unknown,Daylight,01 - Daylight,Municipal (excl. Twp. Rd.),No control,unknown,0,0,0,False,False,False,Clear,,False,HILLBROOK CRES ; HILLBROOK CRES ; 3 M,3/7/2019 2:29:30 PM,,
44329,15-196838,1442160000000,2015,9,13,16,0,0,Sunday,545384.70691,4810183.12044,-80.439146,43.443182,Intersection related,2,P.D. only,Thru lane,unknown,unknown,Turning movement,Unknown,Daylight,01 - Daylight,Municipal (excl. Twp. Rd.),Stop sign,Functioning,0,0,0,False,False,False,Clear,,False,RIVER RD E; RENNIE DR; At,3/7/2019 2:29:30 PM,,
44330,15-196955,1442235300000,2015,9,14,12,55,0,Monday,541760.93217,4810329.95888,-80.483915,43.444714999999995,At intersection,2,P.D. only,Within intersection,unknown,unknown,Other,Unknown,Daylight,01 - Daylight,Municipal (excl. Twp. Rd.),Stop sign,Functioning,0,0,0,False,False,False,Clear,,False,CHURCH ST; MADISON AVE S; At,3/7/2019 2:29:29 PM,,
44331,15-197041,1442245680000,2015,9,14,15,48,0,Monday,545108.94095,4807722.91324,-80.442757,43.421047,At/near private drive,1,Non-fatal injury,Right turn lane,unknown,unknown,Turning movement,Unknown,Daylight,01 - Daylight,Regional municipality,Traffic signal,Functioning,0,0,0,False,False,False,Clear,,False,WILSON AVE; FAIRWAY RD S; 20 M,3/7/2019 2:29:28 PM,,
44332,15-197094,1442249340000,2015,9,14,16,49,0,Monday,541068.0,4811108.0,0.0,0.0,At/near private drive,0,Fatal injury,Off highway,unknown,unknown,SMV other,Unknown,Daylight,01 - Daylight,Municipal (excl. Twp. Rd.),No control,unknown,0,0,0,True,False,False,Clear,,False,QUEEN ST S; QUEEN ST S; Near; 1 M,3/4/2020 10:19:34 AM,,
44333,15-197140,1442253180000,2015,9,14,17,53,0,Monday,539495.88199,4805667.86917,-80.512243,43.40286,At/near private drive,1,Non-fatal injury,Thru lane,unknown,unknown,Angle,Unknown,Daylight,01 - Daylight,Municipal (excl. Twp. Rd.),No control,unknown,0,0,0,False,True,False,Clear,,False,YARROW CRT; 68 YARROW CRT; 1 M,3/7/2019 2:29:28 PM,,
44334,15-197472,1442302080000,2015,9,15,7,28,0,Tuesday,543490.61937,4811610.77702,-80.46243799999999,43.456148999999996,At/near private drive,1,Non-fatal injury,Thru lane,unknown,unknown,SMV other,Unknown,Daylight,01 - Daylight,Municipal (excl. Twp. Rd.),No control,unknown,0,0,0,False,False,True,Clear,,False,KRUG ST; 483 KRUG ST; At; 1 M,3/7/2019 2:29:27 PM,,
44335,15-197505,1442303820000,2015,9,15,7,57,0,Tuesday,543203.72507,4804493.78495,-80.46654699999999,43.392084,Intersection related,1,Non-fatal injury,Thru lane,unknown,unknown,Rear end,Unknown,Daylight,01 - Daylight,Municipal (excl. Twp. Rd.),Yield sign,Functioning,0,0,0,False,False,True,Clear,,False,HURON RD; STRASBURG RD; 3.6 M,3/7/2019 2:29:26 PM,,
44336,15-197651,1442313300000,2015,9,15,10,35,0,Tuesday,541825.50509,4811099.79352,-80.483058,43.451643,At/near private drive,2,P.D. only,Right shoulder,unknown,unknown,Sideswipe,Unknown,Daylight,01 - Daylight,Municipal (excl. Twp. Rd.),No control,unknown,0,0,0,False,False,False,Clear,,False,IRVIN ST; SCOTT ST; Near; 30 M,3/7/2019 2:29:26 PM,,
44337,15-198603,1442413800000,2015,9,16,14,30,0,Wednesday,540432.71809,4809650.83134,-80.500379,43.438673,At intersection,2,P.D. only,Within intersection,unknown,unknown,Sideswipe,Unknown,Daylight,01 - Daylight,Municipal (excl. Twp. Rd.),No control,unknown,0,0,0,False,False,False,Clear,,False,QUEENS BLVD; REX DR; Near; 15 M,3/7/2019 2:29:25 PM,,
44338,15-198612,1442412000000,2015,9,16,14,0,0,Wednesday,541797.8928,4810620.3916,-80.483436,43.447328,Non intersection,2,P.D. only,Thru lane,unknown,unknown,Sideswipe,Unknown,Daylight,01 - Daylight,Regional municipality,No control,unknown,0,0,0,False,False,False,Clear,,False,KING ST E; CEDAR ST N; Near,3/7/2019 2:29:24 PM,,
44339,15-198806,1442089800000,2015,9,12,20,30,0,Saturday,543974.99257,4811997.1959,-80.45642,43.4596,At/near private drive,2,P.D. only,Thru lane,unknown,unknown,SMV unattended vehicle,Unknown,"Dark, artificial","08 - Dark, artificial",Municipal (excl. Twp. Rd.),No control,unknown,0,0,0,False,False,False,Clear,,False,ELKINGTON DR; 127 ELKINGTON DR; At,3/7/2019 2:29:23 PM,,
44340,15-199095,1442476800000,2015,9,17,8,0,0,Thursday,542359.82906,4804126.3825,-80.476995,43.388824,Intersection related,1,Non-fatal injury,Thru lane,unknown,unknown,SMV unattended vehicle,Unknown,Daylight,01 - Daylight,Municipal (excl. Twp. Rd.),Stop sign,Functioning,0,0,0,False,False,False,Clear,,False,PARKVALE DR; MAITLAND ST; Near; 15 M,3/7/2019 2:29:22 PM,,
44341,15-199119,1442478060000,2015,9,17,8,21,0,Thursday,541128.3404,4812032.19658,-80.491604,43.460077,At intersection,1,Non-fatal injury,Within intersection,unknown,unknown,Turning movement,Unknown,Daylight,01 - Daylight,Municipal (excl. Twp. Rd.),Stop sign,Functioning,0,0,0,False,True,False,Clear,,False,MARGARET AVE; ADAM ST,3/7/2019 2:29:21 PM,,
44342,15-199350,1442492880000,2015,9,17,12,28,0,Thursday,546625.52846,4808401.92769,-80.423965,43.427068,Non intersection,1,Non-fatal injury,Thru lane,unknown,unknown,Rear end,Unknown,Daylight,01 - Daylight,Municipal (excl. Twp. Rd.),No control,unknown,0,0,0,False,False,False,Clear,,False,MORGAN AVE; GREENDALE CRES ; Near; 25 M,3/4/2020 10:19:33 AM,,
44343,15-199863,1442540340000,2015,9,18,1,39,0,Friday,545160.27143,4807238.13902,-80.442163,43.416678999999995,At intersection,2,P.D. only,Within intersection,unknown,unknown,Angle,Stop sign,Dark,07 - Dark,Municipal (excl. Twp. Rd.),Stop sign,Functioning,0,1,0,False,False,False,Clear,,False,WILSON AVE; WEBSTER RD,3/7/2019 2:29:20 PM,,
44344,15-200033,1442568840000,2015,9,18,9,34,0,Friday,537586.71889,4809646.14022,-80.535546,43.438779,Non intersection,2,P.D. only,Thru lane,unknown,unknown,Other,Unknown,Daylight,01 - Daylight,Municipal (excl. Twp. Rd.),No control,unknown,0,0,0,False,False,False,Clear,,False,STOKE DR; FISCHER HALLMAN RD; 100 M,3/7/2019 2:29:19 PM,,
44345,15-201049,1442670240000,2015,9,19,13,44,0,Saturday,544861.10253,4810989.7039,-80.44555,43.450475999999995,At/near private drive,2,P.D. only,Left turn lane,unknown,unknown,Turning movement,Unknown,Daylight,01 - Daylight,Regional municipality,No control,unknown,0,0,0,False,False,False,Rain,,False,RIVER RD E; 1005 OTTAWA ST N; Near; 5 M,3/7/2019 2:29:18 PM,,
44346,15-201587,1442737260000,2015,9,20,8,21,0,Sunday,542069.11941,4809221.14953,-80.480192,43.434714,Other,2,P.D. only,Off highway,unknown,unknown,SMV other,Unknown,Daylight,01 - Daylight,Private property,No control,unknown,0,0,0,False,False,False,Clear,,False,PRIVATE DRIVE; MILL ST ; 3 M,3/7/2019 2:29:17 PM,,
44347,15-201804,1442694600000,2015,9,19,20,30,0,Saturday,539871.9875,4810631.49332,-80.50723599999999,43.447533,At intersection,2,P.D. only,Within intersection,unknown,unknown,Angle,Unknown,"Dark, artificial","08 - Dark, artificial",Municipal (excl. Twp. Rd.),Stop sign,Functioning,0,0,1,False,False,False,Clear,,False,STRANGE ST; CHERRY ST,3/7/2019 2:29:16 PM,,
44348,15-202371,1442833260000,2015,9,21,11,1,0,Monday,543067.59501,4807436.03135,-80.467996,43.418583999999996,Intersection related,2,P.D. only,Not on roadway - right side,unknown,unknown,SMV other,Unknown,Daylight,01 - Daylight,Regional municipality,No control,unknown,0,0,0,False,False,False,Clear,,False,BLOCK LINE RD; FALLOWFIELD DR; At,3/7/2019 2:29:15 PM,,
44349,15-202411,1442837040000,2015,9,21,12,4,0,Monday,545274.14879,4806434.26053,-80.440823,43.409434,At intersection,1,Non-fatal injury,Within intersection,unknown,unknown,Turning movement,Stop sign,Daylight,01 - Daylight,Municipal (excl. Twp. Rd.),Stop sign,Functioning,0,0,0,False,False,False,Clear,,False,WABANAKI DR; WILSON AVE,3/7/2019 2:29:13 PM,,
44350,15-202414,1442795400000,2015,9,21,0,30,0,Monday,541709.38806,4808811.65377,-80.484668,43.431047,Non intersection,2,P.D. only,Right shoulder,unknown,unknown,SMV unattended vehicle,Unknown,"Dark, artificial","08 - Dark, artificial",Municipal (excl. Twp. Rd.),No control,unknown,0,0,0,False,False,False,Clear,,False,KEHL ST; 136 KEHL ST,3/7/2019 2:29:12 PM,,
44351,15-202459,1442840700000,2015,9,21,13,5,0,Monday,538521.75054,4811037.34434,-80.523894,43.451257999999996,At/near private drive,2,P.D. only,Thru lane,unknown,unknown,SMV unattended vehicle,Unknown,Daylight,01 - Daylight,Municipal (excl. Twp. Rd.),No control,unknown,0,0,0,False,False,False,Clear,,False,CLAREMONT AVE ; 165 CLAREMONT AV; At; 5 M,3/4/2020 10:19:33 AM,,
44352,15-202520,1442845980000,2015,9,21,14,33,0,Monday,542274.05416,4809633.02499,-80.477628,43.438410999999995,At/near private drive,2,P.D. only,Thru lane,unknown,unknown,Other,Unknown,Daylight,01 - Daylight,Municipal (excl. Twp. Rd.),No control,unknown,0,0,0,False,False,False,Clear,,False,BEDFORD RD ; 101 BEDFORD RD; Near; 5 M,3/7/2019 2:29:11 PM,,
44353,15-202596,1442851440000,2015,9,21,16,4,0,Monday,538235.90564,4806693.69652,-80.527731,43.412161999999995,At/near private drive,2,P.D. only,Off highway,unknown,unknown,SMV other,Unknown,Daylight,01 - Daylight,Private property,No control,unknown,0,0,0,False,False,False,Clear,,False,PRIVATE DRIVE; INDIGO ST ; At; 5 M,3/4/2020 10:19:32 AM,,
44354,15-202675,1442856180000,2015,9,21,17,23,0,Monday,539275.03044,4809122.33697,-80.51472199999999,43.433976,Non intersection,1,Non-fatal injury,Thru lane,unknown,unknown,Sideswipe,Unknown,Daylight,01 - Daylight,Municipal (excl. Twp. Rd.),No control,unknown,0,0,0,False,True,False,Clear,,False,OVERLEA DR; CECILE DR; 50 M,3/7/2019 2:29:10 PM,,
44355,15-203200,1442685600000,2015,9,19,18,0,0,Saturday,545684.21125,4809250.6655,-80.435523,43.434768,Other,2,P.D. only,Off highway,unknown,unknown,SMV unattended vehicle,Unknown,Daylight,01 - Daylight,Private property,No control,unknown,0,0,0,False,False,False,Clear,,False,OBERMEYER DR ; 67 OBERMEYER DR; At,3/7/2019 2:29:09 PM,,
44356,15-203224,1442410800000,2015,9,16,13,40,0,Wednesday,541740.12244,4810658.79413,-80.484147,43.447677,Non intersection,2,Non-reportable,Right shoulder,unknown,unknown,Rear end,Unknown,Daylight,01 - Daylight,Regional municipality,No control,unknown,0,0,0,False,False,False,Clear,,False,KING ST E; Near,3/7/2019 2:29:08 PM,,
44357,15-204307,1443026700000,2015,9,23,16,45,0,Wednesday,539524.39902,4811329.7978,-80.511481,43.453838999999995,At/near private drive,2,P.D. only,Thru lane,unknown,unknown,Other,Unknown,Daylight,01 - Daylight,Municipal (excl. Twp. Rd.),No control,unknown,0,0,0,False,False,False,Clear,,False,GLASGOW ST; 69 GLASGOW ST,3/7/2019 2:29:06 PM,,
44358,15-204389,1443041820000,2015,9,23,20,57,0,Wednesday,545547.09356,4801881.69828,-80.437831,43.368426,Non intersection,2,P.D. only,Right shoulder,unknown,unknown,SMV unattended vehicle,Unknown,Dark,07 - Dark,Township,No control,unknown,0,0,0,False,False,False,Clear,,False,DODGE DR; DODGE DR ; At; 1 M,3/7/2019 2:29:03 PM,,
44359,15-204603,1443081780000,2015,9,24,8,3,0,Thursday,544819.85798,4803013.211,-80.446714,43.378658,Non intersection,2,P.D. only,Thru lane,unknown,unknown,SMV unattended vehicle,Unknown,Daylight,01 - Daylight,Municipal (excl. Twp. Rd.),No control,unknown,0,0,0,False,False,False,Clear,,False,ROBERT FERRIE DR; ROBERT FERRIE DR ; Near; 20 M,3/7/2019 2:29:03 PM,,
44360,15-204676,1443081600000,2015,9,24,8,0,0,Thursday,545926.7189,4802616.60279,-80.433084,43.37502,At/near private drive,2,P.D. only,Right shoulder,unknown,unknown,SMV unattended vehicle,Unknown,Daylight,01 - Daylight,Municipal (excl. Twp. Rd.),No control,unknown,0,0,0,False,False,False,Clear,,False, THOMAS SLEE DR; 401 THOMAS SLEE DR; Near,3/7/2019 2:29:02 PM,,
44361,15-204736,1443033600000,2015,9,23,18,40,0,Wednesday,539448.9844,4806404.36848,-80.51276899999999,43.409493999999995,At/near private drive,2,P.D. only,Thru lane,unknown,unknown,SMV unattended vehicle,Unknown,Dusk,05 - Dusk,Municipal (excl. Twp. Rd.),No control,unknown,0,0,0,False,False,False,Clear,,False,PINE MARTIN CRES; PINE MARTIN CRES ; At,3/7/2019 2:29:01 PM,,
44362,15-204946,1443110760000,2015,9,24,16,6,0,Thursday,544216.55015,4805244.89248,-80.453981,43.398787999999996,Non intersection,2,P.D. only,Thru lane,unknown,unknown,Sideswipe,Unknown,Daylight,01 - Daylight,Regional municipality,No control,unknown,0,0,0,False,False,False,Clear,,False,HURON RD ; HOMER WATSON BLVD ; 35 M,3/7/2019 2:29:00 PM,,
44363,15-205049,1443115800000,2015,9,24,17,30,0,Thursday,544090.83625,4805038.38542,-80.45555,43.396936,Non intersection,2,P.D. only,Thru lane,unknown,unknown,SMV unattended vehicle,Unknown,Daylight,01 - Daylight,Municipal (excl. Twp. Rd.),No control,unknown,0,0,0,False,False,False,Clear,,False,BIEHN DR; 33 BIEHN DR; Near; 2 M,3/7/2019 2:28:58 PM,,
44364,15-205111,1443117600000,2015,9,24,18,0,0,Thursday,541873.76974,4810745.22295,-80.482489,43.448448,At intersection,2,P.D. only,Within intersection,unknown,unknown,Turning movement,Unknown,Daylight,01 - Daylight,Municipal (excl. Twp. Rd.),Stop sign,Functioning,0,0,0,False,False,False,Clear,,False,DUKE ST E; CEDAR ST N; At,3/4/2020 10:19:31 AM,,
44365,15-205161,1443127380000,2015,9,24,20,43,0,Thursday,545275.11441,4806435.1555,-80.440811,43.409442,At intersection,2,P.D. only,Within intersection,unknown,unknown,Angle,Stop sign,"Dark, artificial","08 - Dark, artificial",Municipal (excl. Twp. Rd.),Stop sign,Functioning,0,0,0,False,False,False,Clear,,False,WABANAKI DR; WILSON AVE; At,3/7/2019 2:28:57 PM,,
44366,15-205557,1442334600000,2015,9,15,16,30,0,Tuesday,544303.14933,4809223.90422,-80.452589,43.43461,Non intersection,2,P.D. only,Thru lane,unknown,unknown,SMV unattended vehicle,Unknown,Daylight,01 - Daylight,Municipal (excl. Twp. Rd.),No control,unknown,0,0,0,False,False,False,Clear,,False,FOURTH AVE; KINGSWAY DR; Near,3/7/2019 2:28:55 PM,,
44367,15-205623,1443103200000,2015,9,24,14,0,0,Thursday,541439.20598,4811077.52751,-80.48783399999999,43.451464,At/near private drive,2,P.D. only,Right shoulder,unknown,unknown,SMV unattended vehicle,Unknown,Daylight,01 - Daylight,Municipal (excl. Twp. Rd.),No control,unknown,0,0,0,False,False,False,Clear,,False,QUEEN ST N; 51 QUEEN ST N,3/7/2019 2:28:55 PM,,
44368,15-206046,1443216900000,2015,9,25,21,35,0,Friday,544942.66598,4807904.72237,-80.444796,43.422694,At/near private drive,2,P.D. only,Thru lane,unknown,unknown,Rear end,Unknown,"Dark, artificial","08 - Dark, artificial",Municipal (excl. Twp. Rd.),No control,unknown,0,0,0,False,False,False,Clear,,False,WILSON AVE; WILSON AVE ; Near; 7 M,3/7/2019 2:28:54 PM,,
44369,15-206070,1443218460000,2015,9,25,22,1,0,Friday,544329.30283,4813257.2995,-80.451938,43.470925,Non intersection,2,P.D. only,Not on roadway - right side,unknown,unknown,SMV other,Unknown,"Dark, artificial","08 - Dark, artificial",Regional municipality,No control,unknown,0,0,0,False,False,False,Clear,,False,BINGEMANS CENTRE DR; BINGEMANS CENTRE DR ; Near; 50 M,3/4/2020 10:19:31 AM,,
44370,15-206367,1443238200000,2015,9,26,3,30,0,Saturday,545732.54069,4809165.47518,-80.434933,43.433997999999995,Other,2,P.D. only,Off highway,unknown,unknown,SMV other,Unknown,"Dark, artificial","08 - Dark, artificial",Municipal (excl. Twp. Rd.),No control,unknown,0,0,0,False,False,False,Clear,,False,KINZIE AVE; KINZIE AVE ; At,3/7/2019 2:28:53 PM,,
44371,15-206480,1443262320000,2015,9,26,10,12,0,Saturday,541756.46734,4811625.35341,-80.483871,43.456379,Non intersection,2,P.D. only,Right shoulder,unknown,unknown,SMV other,Unknown,Daylight,01 - Daylight,Municipal (excl. Twp. Rd.),Stop sign,Functioning,0,0,0,False,False,False,Clear,,False,QUEEN ST N; ST LEGER ST; Near; 10 M,3/7/2019 2:28:52 PM,,
44372,15-206554,1443266400000,2015,9,26,11,20,0,Saturday,536051.20753,4807445.32098,-80.554665,43.419038,At/near private drive,2,P.D. only,Thru lane,unknown,unknown,Other,Unknown,Daylight,01 - Daylight,Private property,No control,unknown,0,0,0,False,False,False,Clear,,False,PENELOPE DR ; 76 PENELOPE DR; At,3/7/2019 2:28:52 PM,,
44373,15-206817,1443287940000,2015,9,26,17,19,0,Saturday,540350.01207,4811461.8552,-80.501267,43.454983999999996,At intersection,2,P.D. only,Thru lane,unknown,unknown,Other,Unknown,Daylight,01 - Daylight,Municipal (excl. Twp. Rd.),Traffic signal,Functioning,0,0,0,False,False,False,Clear,,False,WELLINGTON ST N; MOORE AVE; 9 M,3/7/2019 2:28:51 PM,,
44374,15-207523,1443290400000,2015,9,26,18,0,0,Saturday,541486.49287,4803974.58507,-80.48778899999999,43.387505999999995,At intersection,2,P.D. only,Within intersection,unknown,unknown,Angle,Unknown,Daylight,01 - Daylight,Municipal (excl. Twp. Rd.),Stop sign,Functioning,0,0,0,False,False,False,Clear,,False,SEABROOK DR; CORSICA ST,3/7/2019 2:28:50 PM,,
44375,15-207723,1443369900000,2015,9,27,16,5,0,Sunday,541940.59964,4806733.13617,-80.481971,43.412319,Non intersection,2,P.D. only,Thru lane,unknown,unknown,SMV unattended vehicle,Unknown,Daylight,01 - Daylight,Municipal (excl. Twp. Rd.),No control,unknown,0,0,0,False,False,False,Clear,,False,BROOKFIELD CRES; RITTENHOUSE RD ; Near; 45 M,3/7/2019 2:28:50 PM,,
44376,15-208267,1443439800000,2015,9,28,11,30,0,Monday,541500.79918,4811994.1648,-80.487003,43.459714,At intersection,2,P.D. only,Within intersection,unknown,unknown,Angle,Unknown,Daylight,01 - Daylight,Municipal (excl. Twp. Rd.),Stop sign,Functioning,0,0,0,False,False,False,Rain,,False,ST LEGER ST; WELLINGTON ST N,3/4/2020 10:19:30 AM,,
44377,15-208415,1443454620000,2015,9,28,15,37,0,Monday,538133.65789,4807508.6327,-80.528937,43.419505,At intersection,2,P.D. only,Within intersection,unknown,unknown,Rear end,Unknown,Daylight,01 - Daylight,Municipal (excl. Twp. Rd.),Stop sign,Functioning,0,0,0,False,False,False,Clear,,False,MCGARRY DR; ROYAL ORCHARD DR; At,3/7/2019 2:28:48 PM,,
44378,15-208503,1443461400000,2015,9,28,17,30,0,Monday,541068.0,4811108.0,0.0,0.0,Non intersection,2,P.D. only,Off highway,unknown,unknown,SMV other,Unknown,Daylight,01 - Daylight,Municipal (excl. Twp. Rd.),No control,unknown,0,0,0,False,False,False,Clear,,False,COPPERSHAWK ST; 10 COOPERSHAWK ST ; At; 3 M,3/4/2020 10:19:29 AM,,