OBJECTID,ACCIDENTNUM,ACCIDENTDATE,ACCIDENT_YEAR,ACCIDENT_MONTH,ACCIDENT_DAY,ACCIDENT_HOUR,ACCIDENT_MINUTE,ACCIDENT_SECOND,ACCIDENT_WEEKDAY,XCOORD,YCOORD,LONGITUDE,LATITUDE,ACCIDENTLOCATION,COLLISIONTYPE,CLASSIFICATIONOFACCIDENT,IMPACTLOCATION,INITIALDIRECTIONOFTRAVELONE,INITIALDIRECTIONOFTRAVELTWO,INITIALIMPACTTYPE,INTTRAFFICCONTROL,LIGHT,LIGHTFORREPORT,ROADJURISDICTION,TRAFFICCONTROL,TRAFFICCONTROLCONDITION,THRULANENO,NORTHBOUNDDISOBEYCOUNT,SOUTHBOUNDDISOBEYCOUNT,PEDESTRIANINVOLVED,CYCLISTINVOLVED,MOTORCYCLISTINVOLVED,ENVIRONMENTCONDITION1,ENVIRONMENTCONDITION2,SELFREPORTED,XMLIMPORTNOTES,LASTEDITEDDATE,CREATE_BY,CREATE_DATE
44448,15-222519,1445011440000,2015,10,16,16,4,0,Friday,542193.71138,4807028.35882,-80.478822,43.414963,At/near private drive,1,Non-fatal injury,Right turn lane,unknown,unknown,SMV other,Unknown,Daylight,01 - Daylight,Regional municipality,No control,unknown,0,0,0,True,False,False,Clear,,False,BLOCK LINE RD ; 655 STRASBURG RD; At; 12 M,3/7/2019 2:28:03 PM,,
44449,15-222581,1445016600000,2015,10,16,17,30,0,Friday,547357.31464,4809537.97455,-80.41482599999999,43.437250999999996,Other,1,Non-fatal injury,Other,unknown,unknown,SMV other,Unknown,Dusk,05 - Dusk,Private property,No control,unknown,0,0,0,True,False,False,Clear,,False,PRIVATE DRIVE; MORRISON RD ; At; 100 M,3/7/2019 2:28:02 PM,,
44450,15-223271,1445095080000,2015,10,17,15,18,0,Saturday,541798.86378,4810620.39762,-80.483424,43.447328,Non intersection,2,P.D. only,Thru lane,unknown,unknown,Sideswipe,Unknown,Daylight,01 - Daylight,Regional municipality,No control,unknown,0,0,0,False,False,False,Clear,,False,KING ST E; CEDAR ST N; Near; 20 M,3/7/2019 2:28:02 PM,,
44451,15-223871,1445163720000,2015,10,18,10,22,0,Sunday,544273.1799,4807784.45895,-80.453076,43.421651,At/near private drive,2,P.D. only,Thru lane,unknown,unknown,Other,Unknown,Daylight,01 - Daylight,Municipal (excl. Twp. Rd.),No control,unknown,0,0,0,False,False,False,Clear,,False,REYBURN AVE; 75 REYBURN AVE; 4 M,3/7/2019 2:28:01 PM,,
44452,15-223915,1445087700000,2015,10,17,13,15,0,Saturday,541550.89781,4810494.58695,-80.486498,43.446208999999996,At/near private drive,2,Non-reportable,Thru lane,unknown,unknown,SMV unattended vehicle,Unknown,Daylight,01 - Daylight,Municipal (excl. Twp. Rd.),No control,unknown,0,0,0,False,False,False,Clear,,False,CHURCH ST; CHURCH ST; Near,3/7/2019 2:28:00 PM,,
44453,15-224070,1445180400000,2015,10,18,15,0,0,Sunday,538900.60163,4810248.54422,-80.519268,43.444136,At/near private drive,2,P.D. only,Thru lane,unknown,unknown,Approaching,Unknown,Daylight,01 - Daylight,Municipal (excl. Twp. Rd.),No control,unknown,0,0,0,False,False,False,Clear,,False,BRYBECK CRES; BRYBECK CRES,3/7/2019 2:27:59 PM,,
44454,15-224254,1445210940000,2015,10,18,23,29,0,Sunday,541962.56164,4806990.26757,-80.48168,43.414632999999995,Non intersection,2,P.D. only,Thru lane,unknown,unknown,Rear end,Unknown,"Dark, artificial","08 - Dark, artificial",Municipal (excl. Twp. Rd.),No control,unknown,0,0,0,False,False,False,Clear,,False,BLOCK LINE RD; STRASBURG RD; 200 M,3/7/2019 2:27:59 PM,,
44455,15-224545,1445248800000,2015,10,19,10,0,0,Monday,541068.0,4811108.0,0.0,0.0,Non intersection,2,P.D. only,Right shoulder,unknown,unknown,SMV unattended vehicle,Unknown,Daylight,01 - Daylight,Municipal (excl. Twp. Rd.),No control,unknown,0,0,0,False,False,False,Clear,,False,PIETER VOS DR; BLAIR CREEK DR; Near; 300 M,3/7/2019 2:27:58 PM,,
44456,15-224586,1445253900000,2015,10,19,11,25,0,Monday,545143.71655,4807122.96838,-80.442377,43.415642999999996,Non intersection,2,P.D. only,Thru lane,unknown,unknown,Sideswipe,Unknown,Daylight,01 - Daylight,Regional municipality,No control,unknown,0,0,0,False,False,False,Clear,,False,WILSON AVE; GOODRICH DR ; Near; 10 M,3/7/2019 2:27:57 PM,,
44457,15-224960,1445277600000,2015,10,19,18,0,0,Monday,545275.13378,4806432.26803,-80.440811,43.409416,Intersection related,2,P.D. only,Right turn lane,unknown,unknown,Rear end,Stop sign,Daylight,01 - Daylight,Municipal (excl. Twp. Rd.),Yield sign,Functioning,0,0,0,False,False,False,Clear,,False,WILSON AVE; WABANAKI DR; Near,3/7/2019 2:27:56 PM,,
44458,15-225126,1445308080000,2015,10,20,2,28,0,Tuesday,542109.36691,4807129.45282,-80.479856,43.415878,At intersection,2,P.D. only,Within intersection,unknown,unknown,Turning movement,Unknown,"Dark, artificial","08 - Dark, artificial",Regional municipality,Traffic signal,Functioning,0,0,0,False,False,False,Clear,,False,BLOCK LINE RD; STRASBURG RD; At,3/7/2019 2:27:55 PM,,
44459,15-225214,1445329560000,2015,10,20,8,26,0,Tuesday,544798.34178,4810449.63524,-80.44637,43.445617,Non intersection,2,P.D. only,Thru lane,unknown,unknown,SMV unattended vehicle,Unknown,Daylight,01 - Daylight,Municipal (excl. Twp. Rd.),No control,unknown,0,0,0,False,False,False,Clear,,False,BRADLEY DR; BRADLEY DR ; At; 0 M,3/7/2019 2:27:54 PM,,
44460,15-225377,1445263200000,2015,10,19,14,0,0,Monday,538804.06999,4807517.78547,-80.52065499999999,43.419553,Non intersection,2,P.D. only,Thru lane,unknown,unknown,SMV unattended vehicle,Unknown,Daylight,01 - Daylight,Municipal (excl. Twp. Rd.),No control,unknown,0,0,0,False,False,False,Clear,,False,PINEHURST CRES; 75 PINEHURST CRES,3/7/2019 2:27:54 PM,,
44461,15-225457,1445348220000,2015,10,20,13,37,0,Tuesday,545168.3523,4807470.20098,-80.442044,43.418768,At/near private drive,1,Non-fatal injury,Right turn lane,unknown,unknown,Turning movement,Unknown,Daylight,01 - Daylight,Municipal (excl. Twp. Rd.),No control,unknown,0,0,0,False,True,False,Clear,,False,WILSON AVE ; FAIRWAY RD S; At; 30 M,3/7/2019 2:27:53 PM,,
44462,15-225704,1445371920000,2015,10,20,20,12,0,Tuesday,544801.99519,4809485.64073,-80.446404,43.436937,At/near private drive,2,P.D. only,Thru lane,unknown,unknown,Rear end,Unknown,"Dark, artificial","08 - Dark, artificial",Regional municipality,No control,unknown,0,0,0,False,False,False,Clear,,False,FRANKLIN ST N; 116 FRANKLIN ST N; At; 1 M,3/4/2020 10:19:22 AM,,
44463,15-225944,1445415000000,2015,10,21,8,10,0,Wednesday,543116.91138,4804720.68262,-80.467601,43.394132,At/near private drive,2,P.D. only,Thru lane,unknown,unknown,Turning movement,Unknown,Daylight,01 - Daylight,Municipal (excl. Twp. Rd.),No control,unknown,0,0,0,False,False,False,Clear,,False,STRASBURG RD; 1825 STRASBURG RD; 6 M,3/7/2019 2:27:52 PM,,
44464,15-226162,1445433540000,2015,10,21,13,19,0,Wednesday,539112.79075,4811654.80477,-80.516545,43.456787,At intersection,2,P.D. only,Within intersection,unknown,unknown,Turning movement,Unknown,Daylight,01 - Daylight,Municipal (excl. Twp. Rd.),Traffic signal,Functioning,0,0,0,False,False,False,Clear,,False,PARK ST; UNION BLVD,3/7/2019 2:27:52 PM,,
44465,15-226210,1445436180000,2015,10,21,14,3,0,Wednesday,540312.34546,4811550.47889,-80.50172599999999,43.455784,At intersection,2,P.D. only,Within intersection,unknown,unknown,Angle,Unknown,Daylight,01 - Daylight,Municipal (excl. Twp. Rd.),Stop sign,Functioning,0,0,0,False,False,False,Clear,,False,LOUISA ST; MOORE AVE,3/7/2019 2:27:51 PM,,
44466,15-226242,1445438760000,2015,10,21,14,46,0,Wednesday,540317.78037,4809843.3894,-80.501785,43.440413,At/near private drive,2,P.D. only,Thru lane,unknown,unknown,SMV unattended vehicle,Unknown,Daylight,01 - Daylight,Municipal (excl. Twp. Rd.),No control,unknown,0,0,0,False,False,False,Rain,,False,VANCAMP AVE; 38 VANCAMP AVE ; 7 M,3/7/2019 2:27:50 PM,,
44467,15-226894,1445523240000,2015,10,22,14,14,0,Thursday,545156.21547,4807239.33356,-80.442213,43.416689999999996,At intersection,2,P.D. only,Within intersection,unknown,unknown,Turning movement,Stop sign,Daylight,01 - Daylight,Municipal (excl. Twp. Rd.),Stop sign,Functioning,0,0,0,False,False,False,Clear,,False,WEBSTER RD; WILSON AVE,3/4/2020 10:19:21 AM,,
44468,15-227360,1445524800000,2015,10,22,14,40,0,Thursday,543018.59478,4810941.59817,-80.468325,43.450151,At/near private drive,2,P.D. only,Thru lane,unknown,unknown,SMV unattended vehicle,Unknown,Daylight,01 - Daylight,Municipal (excl. Twp. Rd.),No control,unknown,0,0,0,False,False,False,Clear,,False,GRIFFIN AVE; GRIFFIN AVE ; Near,3/7/2019 2:27:49 PM,,
44469,15-227369,1445589000000,2015,10,23,8,30,0,Friday,536635.05234,4807430.58472,-80.547454,43.418876999999995,Non intersection,2,P.D. only,Not on roadway - right side,unknown,unknown,SMV other,Unknown,Daylight,01 - Daylight,Municipal (excl. Twp. Rd.),No control,unknown,0,0,0,False,False,False,Clear,,False,ROLLING MEADOWS DR; TRAILWOOD CRES; 3 M,3/4/2020 10:19:21 AM,,
44470,15-227394,1445587200000,2015,10,23,8,0,0,Friday,547163.34648,4811327.16829,-80.417068,43.453373,Non intersection,2,P.D. only,Thru lane,unknown,unknown,Rear end,Unknown,Daylight,01 - Daylight,Municipal (excl. Twp. Rd.),No control,unknown,0,0,0,False,False,False,Clear,,False,ZELLER DR; WILD MEADOW ST,3/7/2019 2:27:49 PM,,
44471,15-227445,1445528700000,2015,10,22,15,45,0,Thursday,538749.54751,4810060.8701,-80.521148,43.442454,At/near private drive,2,P.D. only,Right shoulder,unknown,unknown,SMV unattended vehicle,Unknown,Daylight,01 - Daylight,Municipal (excl. Twp. Rd.),No control,unknown,0,0,0,False,False,False,Clear,,False,KARN ST; 528 KARN ST; At,3/7/2019 2:27:48 PM,,
44472,15-227592,1445604300000,2015,10,23,12,45,0,Friday,543390.31863,4804230.7675,-80.464264,43.389705,At/near private drive,2,P.D. only,Thru lane,unknown,unknown,SMV unattended vehicle,Unknown,Daylight,01 - Daylight,Municipal (excl. Twp. Rd.),No control,unknown,0,0,0,False,False,False,Clear,,False,ANSON CRT; ANSON CRT ; At,3/7/2019 2:27:47 PM,,
44473,15-227665,1445612760000,2015,10,23,15,6,0,Friday,539035.88229,4808350.41009,-80.517732,43.427037999999996,Intersection related,1,Non-fatal injury,Right shoulder,unknown,unknown,SMV other,Unknown,Daylight,01 - Daylight,Municipal (excl. Twp. Rd.),No control,unknown,0,0,0,False,False,False,Clear,,False,BIRCHCLIFF AVE; FOREST HILL DR; 30 M,3/7/2019 2:27:47 PM,,
44474,15-227732,1445618580000,2015,10,23,16,43,0,Friday,541387.97317,4808627.64482,-80.488653,43.429407999999995,Non intersection,2,Non-reportable,Thru lane,unknown,unknown,Sideswipe,Unknown,Daylight,01 - Daylight,Regional municipality,No control,unknown,0,0,0,False,False,False,Clear,,False,HOMER WATSON BLVD; HOFFMAN ST; 50 M,3/4/2020 10:19:20 AM,,
44475,15-228169,1445661660000,2015,10,24,4,41,0,Saturday,545657.8344,4813286.60929,-80.43551099999999,43.471109,Intersection related,2,P.D. only,Not on roadway - right side,unknown,unknown,SMV other,Unknown,"Daylight, artificial","02 - Daylight, artificial",Regional municipality,Stop sign,Functioning,0,0,0,False,False,False,Clear,,False,CENTENNIAL RD; FORWELL RD; 5 M,3/4/2020 10:19:20 AM,,
44476,15-228330,1445612400000,2015,10,23,15,0,0,Friday,540437.4168,4811713.93313,-80.500168,43.457249,At intersection,2,P.D. only,Within intersection,unknown,unknown,Angle,Unknown,Daylight,01 - Daylight,Municipal (excl. Twp. Rd.),Stop sign,Not functioning,0,0,0,False,False,False,Clear,,False,SHANLEY ST ; WATERLOO ST ; At,3/7/2019 2:27:46 PM,,
44477,15-228375,1445620500000,2015,10,23,17,15,0,Friday,538785.7677,4810966.89085,-80.520636,43.45061,Non intersection,1,Non-fatal injury,Thru lane,unknown,unknown,Rear end,Unknown,Daylight,01 - Daylight,Municipal (excl. Twp. Rd.),No control,unknown,0,0,0,False,False,False,Clear,,False,GLASGOW ST; DUNBAR RD,3/7/2019 2:27:45 PM,,
44478,15-228600,1445714460000,2015,10,24,19,21,0,Saturday,545097.43461,4806379.65704,-80.44301,43.408953,Non intersection,2,P.D. only,Thru lane,unknown,unknown,Rear end,Unknown,Dark,07 - Dark,Regional municipality,No control,unknown,0,0,0,False,False,False,Rain,,False,WABANAKI DR; WABANAKI DR ; At; 2 M,3/7/2019 2:27:44 PM,,
44479,15-228634,1445718060000,2015,10,24,20,21,0,Saturday,541995.56244,4807021.34777,-80.48127,43.414911,At/near private drive,2,P.D. only,Thru lane,unknown,unknown,Rear end,Unknown,"Dark, artificial","08 - Dark, artificial",Municipal (excl. Twp. Rd.),No control,unknown,0,0,0,False,False,False,Rain,,False,BLOCK LINE RD; STRASBURG RD; 70 M,3/7/2019 2:27:44 PM,,
44480,15-228688,1445707020000,2015,10,24,17,17,0,Saturday,543721.53067,4808040.4125,-80.45987,43.423988,Intersection related,2,P.D. only,Not on roadway - right side,unknown,unknown,SMV other,Unknown,Daylight,01 - Daylight,Municipal (excl. Twp. Rd.),Stop sign,Functioning,0,0,0,False,False,False,Clear,,False,SHELLEY DR; HILLMOUNT ST,3/7/2019 2:27:43 PM,,
44481,15-229043,1445765400000,2015,10,25,9,30,0,Sunday,545576.38629,4811240.72775,-80.436689,43.452693,At/near private drive,2,P.D. only,Thru lane,unknown,unknown,SMV unattended vehicle,Unknown,Dark,07 - Dark,Municipal (excl. Twp. Rd.),No control,unknown,0,0,0,False,False,False,Rain,,False,CARNABY CRES; CARNABY CRES ; Near; 15 M,3/7/2019 2:27:42 PM,,
44482,15-229065,1445776800000,2015,10,25,12,40,0,Sunday,541402.8859,4811010.11211,-80.488288,43.450859,At intersection,1,Non-fatal injury,Within intersection,unknown,unknown,Angle,Unknown,Daylight,01 - Daylight,Regional municipality,Traffic signal,Functioning,0,0,0,False,False,False,Clear,,False,DUKE ST E; QUEEN ST N; At,3/7/2019 2:27:42 PM,,
44483,15-229134,1445785020000,2015,10,25,14,57,0,Sunday,541140.31645,4806764.74984,-80.49185299999999,43.412648,Intersection related,2,P.D. only,Thru lane,unknown,unknown,Rear end,Unknown,Daylight,01 - Daylight,Municipal (excl. Twp. Rd.),Stop sign,Functioning,0,0,0,False,False,False,Clear,,False,BLOCK LINE RD ; LAURENTIAN DR,3/7/2019 2:27:41 PM,,
44484,15-229191,1445770800000,2015,10,25,11,0,0,Sunday,540489.04291,4809475.91495,-80.499696,43.437095,At/near private drive,2,P.D. only,Thru lane,unknown,unknown,SMV unattended vehicle,Unknown,Daylight,01 - Daylight,Municipal (excl. Twp. Rd.),No control,unknown,0,0,0,False,False,False,Clear,,False,BINSCARTH RD; BINSCARTH RD ; Near,3/7/2019 2:27:40 PM,,
44485,15-229612,1445536800000,2015,10,22,18,0,0,Thursday,539687.04456,4811409.05171,-80.50946499999999,43.454544,Intersection related,2,P.D. only,Thru lane,unknown,unknown,Sideswipe,Unknown,Dusk,05 - Dusk,Municipal (excl. Twp. Rd.),No control,unknown,0,0,0,False,False,False,Clear,,False,GLASGOW ST; GRUHN ST; Near,3/7/2019 2:27:39 PM,,
44486,15-229753,1445864280000,2015,10,26,12,58,0,Monday,540576.97651,4811781.18675,-80.498438,43.457847,Non intersection,2,P.D. only,Not on roadway - left side,unknown,unknown,SMV other,Unknown,Daylight,01 - Daylight,Regional municipality,No control,unknown,0,0,0,False,False,False,Clear,,False,DUKE ST W; SHANLEY ST ; 20 M,3/4/2020 10:19:19 AM,,
44487,15-230268,1445880000000,2015,10,26,17,20,0,Monday,544437.11745,4808717.12203,-80.450975,43.430039,Intersection related,2,P.D. only,Thru lane,unknown,unknown,Rear end,Unknown,Daylight,01 - Daylight,Municipal (excl. Twp. Rd.),Stop sign,Functioning,0,0,0,False,False,False,Clear,,False,FRANKLIN ST S; CONNAUGHT ST ; At,3/4/2020 10:19:18 AM,,
44488,15-230299,1445936400000,2015,10,27,9,0,0,Tuesday,544561.22325,4811737.94038,-80.449195,43.457231,Intersection related,1,Non-fatal injury,Thru lane,unknown,unknown,SMV other,Unknown,Daylight,01 - Daylight,Municipal (excl. Twp. Rd.),No control,unknown,0,0,0,False,False,False,Clear,,False,LORRAINE AVE; RIVER RD E,3/4/2020 10:19:17 AM,,
44489,15-230346,1445940000000,2015,10,27,10,0,0,Tuesday,540916.54165,4809752.81618,-80.494393,43.439564999999995,At/near private drive,2,P.D. only,Left turn lane,unknown,unknown,Rear end,Unknown,Daylight,01 - Daylight,Municipal (excl. Twp. Rd.),No control,unknown,0,0,0,False,False,False,Clear,,False,HIGHLAND RD E; SPADINA RD W; 78 M,3/7/2019 2:27:39 PM,,
44490,15-230370,1445933700000,2015,10,27,8,15,0,Tuesday,544100.62828,4804865.86053,-80.455443,43.395382,Non intersection,2,P.D. only,Thru lane,unknown,unknown,Rear end,Unknown,Daylight,01 - Daylight,Municipal (excl. Twp. Rd.),School bus,Functioning,0,0,0,False,False,False,Clear,,False,BIEHN DR; BIEHN DR ; Near,3/7/2019 2:27:38 PM,,
44491,15-230378,1445943480000,2015,10,27,10,58,0,Tuesday,542843.16984,4809872.40047,-80.47057699999999,43.440534,At intersection,2,P.D. only,Within intersection,unknown,unknown,Angle,Unknown,Daylight,01 - Daylight,Regional municipality,Stop sign,Functioning,0,0,1,False,False,False,Clear,,False,CHARLES ST E; SYDNEY ST S,3/7/2019 2:27:37 PM,,
44492,15-230535,1445955840000,2015,10,27,14,24,0,Tuesday,543308.96149,4808893.25806,-80.464899,43.431691,Non intersection,2,P.D. only,Thru lane,unknown,unknown,Rear end,Unknown,Daylight,01 - Daylight,Municipal (excl. Twp. Rd.),No control,unknown,0,0,0,False,False,False,Clear,,False,DIXON ST; 269 DIXON ST; 8 M,3/7/2019 2:27:37 PM,,
44493,15-230655,1445963700000,2015,10,27,16,35,0,Tuesday,540695.2819,4811187.61038,-80.49701999999999,43.452496,At/near private drive,2,P.D. only,Thru lane,unknown,unknown,Angle,Unknown,Daylight,01 - Daylight,Municipal (excl. Twp. Rd.),Stop sign,Functioning,0,0,0,False,True,False,Clear,,False,HALLS LANE W; KING ST W; Near; 7 M,3/4/2020 10:19:17 AM,,
44494,15-230674,1445966160000,2015,10,27,17,16,0,Tuesday,545082.00156,4807817.13569,-80.44308199999999,43.421897,At/near private drive,2,P.D. only,Right turn lane,unknown,unknown,Turning movement,Unknown,Daylight,01 - Daylight,Municipal (excl. Twp. Rd.),Stop sign,Functioning,0,0,0,False,False,False,Clear,,False,WILSON AVE ; FAIRWAY RD S; At; 88 M,3/4/2020 10:19:16 AM,,
44495,15-230960,1446014340000,2015,10,28,6,39,0,Wednesday,541068.0,4811108.0,0.0,0.0,Intersection related,2,P.D. only,Not on roadway - left side,unknown,unknown,SMV other,Unknown,Dark,07 - Dark,Municipal (excl. Twp. Rd.),Stop sign,Functioning,0,0,0,False,False,False,Rain,,False,SMETANA DR; SUNRISE DR ; At,3/4/2020 10:19:15 AM,,
44496,15-230994,1446019860000,2015,10,28,8,11,0,Wednesday,545856.96263,4810411.66143,-80.433291,43.445211,Intersection related,2,P.D. only,Not on roadway - right side,unknown,unknown,SMV other,Unknown,Dawn,03 - Dawn,Municipal (excl. Twp. Rd.),No control,unknown,0,0,0,False,False,False,Rain,,False,OLD CHICOPEE DR; ROEHAMPTON CRT,3/4/2020 10:19:15 AM,,
44497,15-230996,1446019200000,2015,10,28,8,0,0,Wednesday,542027.44027,4803602.6558,-80.481139,43.384127,At/near private drive,2,P.D. only,Thru lane,unknown,unknown,Turning movement,Unknown,Daylight,01 - Daylight,Municipal (excl. Twp. Rd.),No control,unknown,0,0,0,False,False,False,Rain,,False,ROCHEFORT ST; 56 ROCHEFORT ST ; At; 0 M,3/7/2019 2:27:36 PM,,
44498,15-231041,1445936400000,2015,10,27,9,0,0,Tuesday,548316.34459,4804575.84568,-80.403415,43.392511,Non intersection,2,Non-reportable,Right turn lane,unknown,unknown,Rear end,Unknown,Daylight,01 - Daylight,Municipal (excl. Twp. Rd.),No control,unknown,0,0,0,False,False,False,Clear,,False,DOON VALLEY DR N; DOON VALLEY DR  N; Near,3/7/2019 2:27:35 PM,,
44499,15-231249,1446037200000,2015,10,28,13,0,0,Wednesday,539044.26231,4811194.28131,-80.517425,43.452644,Intersection related,2,P.D. only,Thru lane,unknown,unknown,Turning movement,Unknown,Daylight,01 - Daylight,Municipal (excl. Twp. Rd.),Stop sign,Functioning,0,0,0,False,False,False,Rain,,False,BELMONT AVE W; ROCK AVE; Near,3/7/2019 2:27:34 PM,,
44500,15-231337,1445930100000,2015,10,27,7,15,0,Tuesday,547669.22651,4803932.08722,-80.411461,43.386756,Non intersection,2,P.D. only,Thru lane,unknown,unknown,Sideswipe,Unknown,Dawn,03 - Dawn,Regional municipality,No control,unknown,0,0,0,False,False,False,Clear,,False,HOMER WATSON BLVD; W HWY 7 8 TO HOMER WATSON BLVD; Near,3/7/2019 2:27:34 PM,,
44501,15-231447,1446059700000,2015,10,28,19,15,0,Wednesday,540186.37324,4812039.06302,-80.503247,43.46019,Non intersection,2,P.D. only,Thru lane,unknown,unknown,SMV unattended vehicle,Unknown,Dusk,05 - Dusk,Municipal (excl. Twp. Rd.),No control,unknown,0,0,0,False,False,False,Rain,,False,WATERLOO ST; 196 WATERLOO ST; At; 1 M,3/7/2019 2:27:33 PM,,
44502,15-231709,1446064800000,2015,10,28,20,40,0,Wednesday,544490.58129,4811764.23965,-80.45006599999999,43.457471999999996,Intersection related,2,P.D. only,Thru lane,unknown,unknown,Turning movement,Unknown,"Dark, artificial","08 - Dark, artificial",Municipal (excl. Twp. Rd.),Stop sign,Functioning,0,0,0,False,False,False,Rain,,False,RIVER RD E; HALLIWELL DR,3/7/2019 2:27:32 PM,,
44503,15-231714,1446104700000,2015,10,29,7,45,0,Thursday,544407.36174,4806485.92139,-80.45152399999999,43.409951,At/near private drive,2,P.D. only,Thru lane,unknown,unknown,Turning movement,Unknown,Daylight,01 - Daylight,Municipal (excl. Twp. Rd.),No control,unknown,0,0,0,False,False,False,Clear,,False,OTONABEE DR; OTONABEE DR ; At; 0 M,3/7/2019 2:27:32 PM,,
44504,15-231740,1446107580000,2015,10,29,8,33,0,Thursday,538483.66552,4810820.447,-80.52438,43.449307,Non intersection,1,Non-fatal injury,Thru lane,unknown,unknown,Turning movement,Unknown,Daylight,01 - Daylight,Municipal (excl. Twp. Rd.),No control,unknown,0,0,0,False,True,False,Clear,,False,GLASGOW ST ; 405 GLASGOW ST; At; 1 M,3/7/2019 2:27:31 PM,,
44505,15-232171,1446120000000,2015,10,29,12,0,0,Thursday,545109.56628,4807726.24927,-80.44274899999999,43.421077,Non intersection,2,P.D. only,Left turn lane,unknown,unknown,Rear end,Unknown,Daylight,01 - Daylight,Regional municipality,Traffic signal,Functioning,0,0,0,False,False,False,Clear,,False,WILSON AVE ; FAIRWAY RD S; Near,3/4/2020 10:19:14 AM,,
44506,15-232196,1446146220000,2015,10,29,19,17,0,Thursday,540313.64456,4809614.68998,-80.501853,43.438354,Non intersection,1,Non-fatal injury,Thru lane,unknown,unknown,SMV other,Unknown,"Dark, artificial","08 - Dark, artificial",Regional municipality,Traffic signal,Functioning,0,0,0,True,False,False,Strong wind,,False,QUEENS BLVD; PATRICIA AVE ; 19 M,3/7/2019 2:27:30 PM,,
44507,15-232348,1446119100000,2015,10,29,11,45,0,Thursday,546662.0614,4812291.59177,-80.423181,43.462088,Non intersection,2,P.D. only,Not on roadway - left side,unknown,unknown,SMV other,Unknown,Dark,07 - Dark,Municipal (excl. Twp. Rd.),No control,unknown,0,0,0,False,False,False,Clear,,False,OTTERBEIN RD; 650 OTTERBEIN RD; Near; 5 M,3/7/2019 2:27:29 PM,,
44508,15-232502,1446190680000,2015,10,30,7,38,0,Friday,545157.18694,4807239.34006,-80.442201,43.416689999999996,Intersection related,2,P.D. only,Thru lane,unknown,unknown,Rear end,Stop sign,"Dawn, artificial","04 - Dawn, artificial",Regional municipality,Stop sign,Functioning,0,0,0,False,False,False,Clear,,False,WILSON AVE; WEBSTER RD,3/4/2020 10:19:13 AM,,
44509,15-232631,1446184800000,2015,10,30,6,0,0,Friday,543929.00239,4808935.58401,-80.457235,43.432036,Non intersection,2,P.D. only,Thru lane,unknown,unknown,SMV unattended vehicle,Unknown,"Dawn, artificial","04 - Dawn, artificial",Municipal (excl. Twp. Rd.),No control,unknown,0,0,0,False,False,False,Clear,,False,CONNAUGHT ST; CONNAUGHT ST ; At,3/7/2019 2:27:29 PM,,
44510,15-232748,1446198600000,2015,10,30,9,50,0,Friday,539233.4986,4811446.71145,-80.515068,43.454907,At intersection,2,P.D. only,Within intersection,unknown,unknown,Angle,Unknown,Daylight,01 - Daylight,Municipal (excl. Twp. Rd.),Stop sign,Functioning,0,0,0,False,False,False,Clear,,False,YORK ST; MT HOPE ST,3/7/2019 2:27:28 PM,,
44511,15-232934,1446219960000,2015,10,30,15,46,0,Friday,538207.49094,4810551.44162,-80.527812,43.446898999999995,Non intersection,2,Non-reportable,Thru lane,unknown,unknown,Other,Unknown,Daylight,01 - Daylight,Municipal (excl. Twp. Rd.),No control,unknown,0,0,0,False,False,False,Clear,,False,INWOOD CRES; INWOOD DR ; 17 M,3/7/2019 2:27:27 PM,,
44512,15-233005,1446220800000,2015,10,30,16,0,0,Friday,543798.60948,4808013.14706,-80.45891999999999,43.423738,Non intersection,2,P.D. only,Thru lane,unknown,unknown,Rear end,Unknown,Daylight,01 - Daylight,Municipal (excl. Twp. Rd.),No control,unknown,0,0,0,False,False,False,Clear,,False,VANIER DR; VANIER DR ; At,3/7/2019 2:27:27 PM,,
44513,15-233073,1446231180000,2015,10,30,18,53,0,Friday,541068.0,4811108.0,0.0,0.0,At/near private drive,2,P.D. only,Thru lane,unknown,unknown,Turning movement,Unknown,Dark,07 - Dark,Municipal (excl. Twp. Rd.),No control,unknown,0,0,0,False,False,False,Clear,,False,SECOND AVE; SECOND AVE ; Near; 1 M,3/4/2020 10:19:13 AM,,
44514,15-233128,1446236460000,2015,10,30,20,21,0,Friday,541309.92875,4809727.11614,-80.48953399999999,43.439312,At intersection,1,Non-fatal injury,Within intersection,unknown,unknown,Turning movement,Unknown,"Dark, artificial","08 - Dark, artificial",Municipal (excl. Twp. Rd.),Stop sign,Functioning,0,0,0,False,True,False,Clear,,False,SPADINA RD E; MILL ST,3/7/2019 2:27:26 PM,,
44515,15-233493,1446278100000,2015,10,31,7,55,0,Saturday,542843.16984,4809872.40047,-80.47057699999999,43.440534,At intersection,2,P.D. only,Within intersection,unknown,unknown,Angle,Unknown,Daylight,01 - Daylight,Regional municipality,Stop sign,Functioning,0,0,0,False,False,False,Clear,,False,CHARLES ST E; SYDNEY ST S,3/4/2020 10:19:12 AM,,
44516,15-233594,1446286380000,2015,10,31,10,13,0,Saturday,544490.08562,4811765.79125,-80.45007199999999,43.457485999999996,Intersection related,2,P.D. only,Thru lane,unknown,unknown,Rear end,Unknown,Daylight,01 - Daylight,Municipal (excl. Twp. Rd.),Stop sign,Functioning,0,0,0,False,False,False,Clear,,False,HALLIWELL DR ; RIVER RD E; 8 M,3/4/2020 10:19:11 AM,,