OBJECTID,ACCIDENTNUM,ACCIDENTDATE,ACCIDENT_YEAR,ACCIDENT_MONTH,ACCIDENT_DAY,ACCIDENT_HOUR,ACCIDENT_MINUTE,ACCIDENT_SECOND,ACCIDENT_WEEKDAY,XCOORD,YCOORD,LONGITUDE,LATITUDE,ACCIDENTLOCATION,COLLISIONTYPE,CLASSIFICATIONOFACCIDENT,IMPACTLOCATION,INITIALDIRECTIONOFTRAVELONE,INITIALDIRECTIONOFTRAVELTWO,INITIALIMPACTTYPE,INTTRAFFICCONTROL,LIGHT,LIGHTFORREPORT,ROADJURISDICTION,TRAFFICCONTROL,TRAFFICCONTROLCONDITION,THRULANENO,NORTHBOUNDDISOBEYCOUNT,SOUTHBOUNDDISOBEYCOUNT,PEDESTRIANINVOLVED,CYCLISTINVOLVED,MOTORCYCLISTINVOLVED,ENVIRONMENTCONDITION1,ENVIRONMENTCONDITION2,SELFREPORTED,XMLIMPORTNOTES,LASTEDITEDDATE,CREATE_BY,CREATE_DATE
44517,15-233634,1446231300000,2015,10,30,18,55,0,Friday,545166.38342,4807474.07496,-80.44206799999999,43.418803,Non intersection,2,P.D. only,Left turn lane,unknown,unknown,Turning movement,Unknown,Dark,07 - Dark,Regional municipality,No control,unknown,0,0,0,False,False,False,Clear,,False,WILSON AVE; FAIRWAY RD S,3/7/2019 2:27:25 PM,,
44518,15-233770,1446190800000,2015,10,30,7,40,0,Friday,541116.50406,4810603.8735,-80.491858,43.447216999999995,At/near private drive,2,Non-reportable,Not on roadway - right side,unknown,unknown,SMV other,Unknown,Daylight,01 - Daylight,Municipal (excl. Twp. Rd.),No control,unknown,0,0,0,True,False,False,Clear,,False,QUEEN ST S; QUEEN ST S; Near; 0 M,3/4/2020 10:19:11 AM,,
44519,15-233908,1446315000000,2015,10,31,18,10,0,Saturday,543240.60559,4812117.16609,-80.465488,43.460723,Non intersection,2,P.D. only,Thru lane,unknown,unknown,SMV unattended vehicle,Unknown,Daylight,01 - Daylight,Municipal (excl. Twp. Rd.),No control,unknown,0,0,0,False,False,False,Clear,,False,LOIS ST; FREDERICK ST; 50 M,3/7/2019 2:27:24 PM,,
44520,15-234331,1446344880000,2015,11,1,2,28,0,Sunday,546660.91661,4802751.57354,-80.42401,43.37619,Non intersection,2,P.D. only,Other,unknown,unknown,SMV other,Unknown,Dark,07 - Dark,Municipal (excl. Twp. Rd.),No control,unknown,0,0,0,False,False,False,Rain,,False,ROBERT FERRIE DR; THOMAS SLEE DR; 2 M,3/4/2020 10:19:10 AM,,
44521,15-234447,1446330000000,2015,10,31,22,20,0,Saturday,536908.75333,4809310.99145,-80.54394599999999,43.435795,At intersection,2,P.D. only,Within intersection,unknown,unknown,Angle,Unknown,"Dark, artificial","08 - Dark, artificial",Municipal (excl. Twp. Rd.),Stop sign,Functioning,0,0,0,False,False,False,Rain,,False,GREENGABLE WAY; WESTFOREST TRAIL,3/7/2019 2:27:22 PM,,
44522,15-234628,1446327000000,2015,10,31,21,30,0,Saturday,536902.81882,4807925.03908,-80.544113,43.423316,At/near private drive,2,P.D. only,Thru lane,unknown,unknown,SMV unattended vehicle,Unknown,"Dark, artificial","08 - Dark, artificial",Municipal (excl. Twp. Rd.),No control,unknown,0,0,0,False,False,False,Rain,,False,CONNELLY DR; CONNELLY DR; Near,3/7/2019 2:27:22 PM,,
44523,15-234693,1446327900000,2015,10,31,21,45,0,Saturday,545863.56509,4808691.01894,-80.433354,43.429718,At intersection,2,P.D. only,Within intersection,unknown,unknown,Turning movement,Unknown,"Dark, artificial","08 - Dark, artificial",Municipal (excl. Twp. Rd.),Stop sign,Functioning,0,0,0,False,False,False,Rain,,False,MORGAN AVE; CENTREVILLE ST,3/7/2019 2:27:21 PM,,
44524,15-234723,1446392340000,2015,11,1,15,39,0,Sunday,545515.77027,4806084.48656,-80.437868,43.40627,Non intersection,1,Non-fatal injury,Off highway,unknown,unknown,SMV other,Unknown,Daylight,01 - Daylight,Municipal (excl. Twp. Rd.),No control,unknown,0,0,0,False,False,True,Clear,,False,WILSON AVE; 1094 WILSON AVE; 1 M,3/4/2020 10:19:09 AM,,
44525,15-234866,1446409260000,2015,11,1,20,21,0,Sunday,542095.67271,4804325.97276,-80.48024099999999,43.390636,Non intersection,2,P.D. only,Thru lane,unknown,unknown,SMV unattended vehicle,Unknown,Dark,07 - Dark,Municipal (excl. Twp. Rd.),Stop sign,Functioning,0,0,0,False,False,False,Clear,,False,BIANCA CRT; SORRENTO ST; Near; 14 M,3/7/2019 2:27:20 PM,,
44526,15-234969,1446427140000,2015,11,2,1,19,0,Monday,539244.72203,4805662.73967,-80.515345,43.402826999999995,Non intersection,2,P.D. only,Off highway,unknown,unknown,SMV other,Unknown,"Dark, artificial","08 - Dark, artificial",Municipal (excl. Twp. Rd.),No control,unknown,0,0,0,False,False,False,Clear,,False,ACTIVA AVE ; BRIDLEWREATH ST ; Near; 30 M,3/4/2020 10:19:09 AM,,
44527,15-235028,1446446400000,2015,11,2,6,40,0,Monday,543155.23275,4810414.81683,-80.466678,43.4454,Non intersection,2,P.D. only,Thru lane,unknown,unknown,SMV unattended vehicle,Unknown,Dawn,03 - Dawn,Municipal (excl. Twp. Rd.),No control,unknown,0,0,0,False,False,False,Clear,,False,MCKENZIE AVE; 37 MCKENZIE; Near; 7 M,3/7/2019 2:27:19 PM,,
44528,15-235193,1446377400000,2015,11,1,11,30,0,Sunday,546094.07357,4809119.51318,-80.43047,43.433561999999995,At/near private drive,2,P.D. only,Thru lane,unknown,unknown,SMV unattended vehicle,Unknown,"Dark, artificial","08 - Dark, artificial",Municipal (excl. Twp. Rd.),No control,unknown,0,0,0,False,False,False,Clear,,False,THALER AVE; THALER AVE ; At,3/7/2019 2:27:19 PM,,
44529,15-235374,1446471540000,2015,11,2,13,39,0,Monday,541068.0,4811108.0,0.0,0.0,At/near private drive,2,P.D. only,Right shoulder,unknown,unknown,SMV unattended vehicle,Unknown,Daylight,01 - Daylight,Municipal (excl. Twp. Rd.),No control,unknown,0,0,0,False,False,False,Clear,,False,PRIVATE DRIVE ; ST GEORGE ST ; At; 1 M,3/4/2020 10:19:08 AM,,
44530,15-235383,1446472740000,2015,11,2,13,59,0,Monday,541316.39171,4811102.20667,-80.48935,43.451693,Non intersection,2,Non-reportable,Thru lane,unknown,unknown,SMV unattended vehicle,Unknown,Daylight,01 - Daylight,Regional municipality,No control,unknown,0,0,0,False,False,False,Clear,,False,ONTARIO ST N; DUKE ST W; 80 M,3/4/2020 10:19:07 AM,,
44531,15-235889,1446531900000,2015,11,3,6,25,0,Tuesday,539469.68307,4811830.80742,-80.512121,43.458352999999995,At/near private drive,2,P.D. only,Thru lane,unknown,unknown,SMV unattended vehicle,Unknown,Dark,07 - Dark,Municipal (excl. Twp. Rd.),No control,unknown,0,0,0,False,False,False,Clear,,False,MARY ST; MARY ST ; At,3/7/2019 2:27:18 PM,,
44532,15-235914,1446498000000,2015,11,2,21,0,0,Monday,542055.21718,4809750.27027,-80.480323,43.439479,At/near private drive,2,P.D. only,Thru lane,unknown,unknown,SMV unattended vehicle,Unknown,Other,99 - Other,Municipal (excl. Twp. Rd.),No control,unknown,0,0,0,False,False,False,Clear,,False,KENT AVE; KENT AVE,3/7/2019 2:27:17 PM,,
44533,15-236089,1446548160000,2015,11,3,10,56,0,Tuesday,541333.62806,4810890.74022,-80.489153,43.449788,Intersection related,2,P.D. only,Thru lane,unknown,unknown,SMV unattended vehicle,Traffic signal,Daylight,01 - Daylight,Regional municipality,Traffic signal,Functioning,0,0,0,False,False,False,Clear,,False,QUEEN ST S; KING ST E,3/4/2020 10:19:07 AM,,
44534,15-236336,1446561000000,2015,11,3,14,30,0,Tuesday,540515.33345,4811538.03557,-80.499218,43.455661,At intersection,2,P.D. only,Within intersection,unknown,unknown,Angle,Unknown,Daylight,01 - Daylight,Regional municipality,Stop sign,Functioning,0,0,0,False,False,False,Clear,,False,WELLINGTON ST N; WATERLOO ST,3/7/2019 2:27:16 PM,,
44535,15-236490,1446576660000,2015,11,3,18,51,0,Tuesday,543215.40227,4804529.51016,-80.46640000000001,43.392405,At intersection,1,Non-fatal injury,Within intersection,unknown,unknown,Angle,Unknown,"Daylight, artificial","02 - Daylight, artificial",Regional municipality,Yield sign,Functioning,0,0,0,False,False,False,Clear,,False,HURON RD; STRASBURG RD; At,3/4/2020 10:19:06 AM,,
44536,15-236492,1446575400000,2015,11,3,18,30,0,Tuesday,545166.38342,4807474.07496,-80.44206799999999,43.418803,At/near private drive,2,P.D. only,Thru lane,unknown,unknown,Turning movement,Unknown,Dark,07 - Dark,Regional municipality,No control,unknown,0,0,0,False,False,False,Clear,,False,WILSON AVE; 385 FAIRWAY RD S; At,3/7/2019 2:27:16 PM,,
44537,15-237066,1446565800000,2015,11,3,15,50,0,Tuesday,545275.85349,4812497.26273,-80.440299,43.464025,At/near private drive,2,P.D. only,Thru lane,unknown,unknown,Turning movement,Unknown,Daylight,01 - Daylight,Municipal (excl. Twp. Rd.),No control,unknown,0,0,0,False,False,False,Clear,,False,KEEWATIN AVE; 35 KEEWATIN AVE; At,3/7/2019 2:27:15 PM,,
44538,15-237128,1446533400000,2015,11,3,6,50,0,Tuesday,545592.51131,4809370.43633,-80.436646,43.435852,At/near private drive,2,P.D. only,Thru lane,unknown,unknown,SMV unattended vehicle,Unknown,Daylight,01 - Daylight,Municipal (excl. Twp. Rd.),No control,unknown,0,0,0,False,False,False,Clear,,False,OBERMEYER DR; OBERMEYER DR ; At,3/7/2019 2:27:14 PM,,
44539,15-237216,1446642900000,2015,11,4,13,15,0,Wednesday,537912.27921,4806955.41649,-80.53170999999999,43.414535,At/near private drive,2,P.D. only,Thru lane,unknown,unknown,Other,Unknown,Daylight,01 - Daylight,Municipal (excl. Twp. Rd.),No control,unknown,0,0,0,False,False,False,Clear,,False,DEERWOOD CRES; DEERWOOD CRES ; At,3/7/2019 2:27:13 PM,,
44540,15-238530,1446799680000,2015,11,6,8,48,0,Friday,539841.86869,4803008.5712,-80.508164,43.378896999999995,At/near private drive,1,Non-fatal injury,Thru lane,unknown,unknown,Turning movement,Unknown,Daylight,01 - Daylight,Regional municipality,No control,unknown,0,0,0,False,False,False,Rain,,False,HURON RD; 1805 HURON RD; 25 M,3/7/2019 2:27:13 PM,,
44541,15-238541,1446800340000,2015,11,6,8,59,0,Friday,541068.0,4811108.0,0.0,0.0,Intersection related,2,P.D. only,Thru lane,unknown,unknown,Rear end,Unknown,Daylight,01 - Daylight,Municipal (excl. Twp. Rd.),No control,unknown,0,0,0,False,False,False,Rain,,False,CONESTOGA COLLEGE BLVD ; DOON VALLEY DR ; 10 M,3/4/2020 10:19:05 AM,,
44542,15-238755,1446814980000,2015,11,6,13,3,0,Friday,544514.51488,4808898.44096,-80.45000399999999,43.431667,Non intersection,2,P.D. only,Thru lane,unknown,unknown,Turning movement,Unknown,Daylight,01 - Daylight,Municipal (excl. Twp. Rd.),No control,unknown,0,0,0,False,False,False,Clear,,False,FRANKLIN ST S; CONNAUGHT ST ; 120 M,3/4/2020 10:19:05 AM,,
44543,15-238851,1446822360000,2015,11,6,15,6,0,Friday,547762.15306,4810621.13749,-80.409729,43.446978,Non intersection,2,P.D. only,Right shoulder,unknown,unknown,SMV unattended vehicle,Unknown,Daylight,01 - Daylight,Municipal (excl. Twp. Rd.),No control,unknown,0,0,0,False,False,False,Clear,,False,PEBBLECREEK DR; LANDGREN CRT ; Near; 50 M,3/7/2019 2:27:12 PM,,
44544,15-238895,1446771600000,2015,11,6,1,0,0,Friday,540099.8164,4807192.84564,-80.504673,43.416559,At/near private drive,2,P.D. only,Thru lane,unknown,unknown,SMV unattended vehicle,Unknown,Dark,07 - Dark,Municipal (excl. Twp. Rd.),No control,unknown,0,0,0,False,False,False,Rain,,False,PINEDALE DR; PINEDALE DR ; Near,3/7/2019 2:27:11 PM,,
44545,15-238996,1446833100000,2015,11,6,18,5,0,Friday,539112.79075,4811654.80477,-80.516545,43.456787,At intersection,1,Non-fatal injury,Within intersection,unknown,unknown,Turning movement,Unknown,"Dark, artificial","08 - Dark, artificial",Municipal (excl. Twp. Rd.),Traffic signal,Functioning,0,0,1,False,False,False,Clear,,False,PARK ST; UNION BLVD; At,3/7/2019 2:27:10 PM,,
44546,15-239106,1446844620000,2015,11,6,21,17,0,Friday,539387.12047,4810425.62351,-80.513243,43.445705,At/near private drive,2,P.D. only,Thru lane,unknown,unknown,Rear end,Unknown,"Dark, artificial","08 - Dark, artificial",Municipal (excl. Twp. Rd.),No control,unknown,0,0,0,False,False,False,Rain,,False,BELMONT AVE W; BELMONT AVE W; At; 25 M,3/7/2019 2:27:09 PM,,
44547,15-239370,1446827400000,2015,11,6,16,30,0,Friday,546439.31548,4809829.79302,-80.426144,43.439935999999996,At/near private drive,2,P.D. only,Other,unknown,unknown,Other,Unknown,Daylight,01 - Daylight,Municipal (excl. Twp. Rd.),No control,unknown,0,0,0,False,False,False,Clear,,False,TISDALE CRT; TISDALE CRT ; Near,3/7/2019 2:27:08 PM,,
44548,15-240050,1446970740000,2015,11,8,8,19,0,Sunday,544050.4612,4812197.15667,-80.455471,43.461396,Non intersection,2,P.D. only,Right shoulder,unknown,unknown,SMV unattended vehicle,Unknown,"Dark, artificial","08 - Dark, artificial",Municipal (excl. Twp. Rd.),No control,unknown,0,0,0,False,False,False,Clear,,False,PEACHWOOD CRT; MANCHESTER RD ; 20 M,3/4/2020 10:19:04 AM,,
44549,15-240127,1446978300000,2015,11,8,10,25,0,Sunday,541745.56983,4810654.60752,-80.48407999999999,43.447638999999995,Non intersection,2,P.D. only,Right shoulder,unknown,unknown,SMV unattended vehicle,Unknown,Daylight,01 - Daylight,Regional municipality,No control,unknown,0,0,0,False,False,False,Clear,,False,KING ST E; KING ST E; At,3/7/2019 2:27:07 PM,,
44550,15-240242,1446992940000,2015,11,8,14,29,0,Sunday,541690.747,4811511.66363,-80.484692,43.455359,At intersection,1,Non-fatal injury,Within intersection,unknown,unknown,Angle,Unknown,Daylight,01 - Daylight,Municipal (excl. Twp. Rd.),Stop sign,Functioning,0,0,0,False,False,False,Clear,,False,QUEEN ST N; ELLEN ST E; At; 0 M,3/4/2020 10:19:03 AM,,
44551,15-240672,1447058580000,2015,11,9,8,43,0,Monday,539003.74913,4805926.66589,-80.51830199999999,43.405215999999996,At intersection,1,Non-fatal injury,Within intersection,unknown,unknown,SMV other,Unknown,Daylight,01 - Daylight,Municipal (excl. Twp. Rd.),Stop sign,Functioning,0,0,0,True,False,False,Clear,,False,ACTIVA AVE; DAVID BERGEY DR ; At,3/4/2020 10:19:03 AM,,
44552,15-240688,1446937200000,2015,11,7,23,0,0,Saturday,541939.53807,4808935.58138,-80.481815,43.43215,At/near private drive,2,P.D. only,Thru lane,unknown,unknown,SMV unattended vehicle,Unknown,Other,99 - Other,Municipal (excl. Twp. Rd.),No control,unknown,0,0,0,False,False,False,Clear,,False,HOFFMAN ST; 40 HOFFMAN ST; At,3/7/2019 2:27:07 PM,,
44553,15-241020,1446994800000,2015,11,8,15,0,0,Sunday,547988.5366,4806198.67924,-80.40732,43.407143999999995,At/near private drive,2,P.D. only,Thru lane,unknown,unknown,SMV unattended vehicle,Unknown,Daylight,01 - Daylight,Municipal (excl. Twp. Rd.),No control,unknown,0,0,0,False,False,False,Clear,,False,DEER RIDGE DR; DEER RIDGE DR ; Near,3/7/2019 2:27:06 PM,,
44554,15-241087,1447093020000,2015,11,9,18,17,0,Monday,545051.55183,4810835.70899,-80.443209,43.449078,Non intersection,2,P.D. only,Thru lane,unknown,unknown,Rear end,Unknown,Dark,07 - Dark,Regional municipality,No control,unknown,0,0,0,False,False,False,Clear,,False,RIVER RD E; HOLBORN DR; Near; 10 M,3/7/2019 2:27:05 PM,,
44555,15-241497,1447146900000,2015,11,10,9,15,0,Tuesday,540620.42444,4807414.19334,-80.498226,43.418524,At intersection,2,P.D. only,Within intersection,unknown,unknown,SMV unattended vehicle,Unknown,Daylight,01 - Daylight,Municipal (excl. Twp. Rd.),Stop sign,Functioning,0,0,0,False,False,False,Clear,,False,CARTIER DR; KIMBERLY CRES ; At,3/4/2020 10:19:02 AM,,
44556,15-241693,1447156800000,2015,11,10,12,0,0,Tuesday,543932.34317,4809143.40223,-80.457177,43.433907,Non intersection,2,P.D. only,Thru lane,unknown,unknown,Sideswipe,Unknown,Daylight,01 - Daylight,Municipal (excl. Twp. Rd.),No control,unknown,0,0,0,False,False,False,Rain,,False,FIRST AVE; ECKERT ST; At,3/7/2019 2:27:04 PM,,
44557,15-241743,1447167540000,2015,11,10,14,59,0,Tuesday,544820.26003,4805064.62191,-80.446541,43.397129,Non intersection,2,P.D. only,Thru lane,unknown,unknown,Rear end,Unknown,Daylight,01 - Daylight,Municipal (excl. Twp. Rd.),Ped. crossover,Functioning,0,0,0,False,False,False,Rain,,False,DOON VILLAGE RD ; UPPER CANADA DR ; Near; 10 M,3/7/2019 2:27:02 PM,,
44558,15-241988,1447190280000,2015,11,10,21,18,0,Tuesday,538558.35604,4807874.99078,-80.523665,43.422782,At/near private drive,2,P.D. only,Not on roadway - left side,unknown,unknown,SMV other,Unknown,"Dark, artificial","08 - Dark, artificial",Municipal (excl. Twp. Rd.),No control,unknown,0,0,0,False,False,False,Rain,,False,ELM RIDGE DR ; ELM RIDGE DR ; At; 2 M,3/4/2020 10:19:01 AM,,
44559,15-242355,1447244340000,2015,11,11,12,19,0,Wednesday,545147.08542,4807188.18411,-80.44233,43.41623,Non intersection,2,P.D. only,Thru lane,unknown,unknown,Sideswipe,Unknown,Daylight,01 - Daylight,Regional municipality,No control,unknown,0,0,0,False,False,False,Clear,,False,WILSON AVE ; WILSON AVE; Near; 20 M,3/7/2019 2:27:02 PM,,
44560,15-242367,1446640440000,2015,11,4,12,34,0,Wednesday,537852.2695,4809079.55118,-80.532304,43.433664,At/near private drive,2,P.D. only,Thru lane,unknown,unknown,SMV unattended vehicle,Unknown,Daylight,01 - Daylight,Municipal (excl. Twp. Rd.),No control,unknown,0,0,0,False,False,False,Clear,,False,OPRINGTON DR; OPRINGTON DR ; Near,3/7/2019 2:27:01 PM,,
44561,15-242468,1447254300000,2015,11,11,15,5,0,Wednesday,539329.76127,4811560.55489,-80.51387,43.455926999999996,Non intersection,2,P.D. only,Thru lane,unknown,unknown,Sideswipe,Unknown,Daylight,01 - Daylight,Municipal (excl. Twp. Rd.),No control,unknown,0,0,0,False,False,False,Clear,,False,PARK ST; MT HOPE ST; 50 M,3/4/2020 10:19:01 AM,,
44562,15-242514,1447258200000,2015,11,11,16,10,0,Wednesday,541225.37971,4811867.08561,-80.490417,43.458585,At intersection,1,Non-fatal injury,Within intersection,unknown,unknown,Angle,Unknown,Daylight,01 - Daylight,Municipal (excl. Twp. Rd.),Traffic signal,Functioning,0,0,0,False,False,False,Clear,,False,MARGARET AVE; WELLINGTON ST N,3/7/2019 2:27:00 PM,,
44563,15-242529,1447246800000,2015,11,11,13,0,0,Wednesday,543987.54786,4807776.92669,-80.456605,43.421600000000005,At intersection,1,Non-fatal injury,Within intersection,unknown,unknown,Angle,Unknown,Daylight,01 - Daylight,Municipal (excl. Twp. Rd.),Stop sign,Functioning,0,0,0,False,True,False,Clear,,False,VANIER DR; SIEBERT AVE ; At,3/4/2020 10:19:00 AM,,
44564,15-242639,1447268040000,2015,11,11,18,54,0,Wednesday,545385.76336,4810182.46117,-80.439133,43.443176,Non intersection,2,Non-reportable,Thru lane,unknown,unknown,Sideswipe,Unknown,Dusk,05 - Dusk,Regional municipality,No control,unknown,0,0,0,False,False,False,Clear,,False,RIVER RD E; RENNIE DR ; Near; 15 M,3/7/2019 2:26:59 PM,,
44565,15-243129,1447328400000,2015,11,12,11,40,0,Thursday,544304.05198,4809222.0221,-80.452578,43.434593,At intersection,2,P.D. only,Within intersection,unknown,unknown,Turning movement,Unknown,Daylight,01 - Daylight,Municipal (excl. Twp. Rd.),Stop sign,Functioning,0,0,0,False,False,False,Strong wind,,False,KINGSWAY DR; FOURTH AVE,3/4/2020 10:18:59 AM,,
44566,15-243253,1447335900000,2015,11,12,13,45,0,Thursday,540654.12442,4810941.80536,-80.497547,43.450285,Intersection related,2,P.D. only,Not on roadway - right side,unknown,unknown,SMV other,Unknown,Daylight,01 - Daylight,Municipal (excl. Twp. Rd.),Stop sign,Functioning,0,0,0,False,False,False,Clear,,False, JOSEPH ST; FRANCIS ST S; At,3/4/2020 10:18:59 AM,,
44567,15-243328,1447344000000,2015,11,12,16,0,0,Thursday,543613.35683,4808244.73187,-80.46119,43.425833999999995,Non intersection,1,Non-fatal injury,Thru lane,unknown,unknown,Approaching,Unknown,Daylight,01 - Daylight,Municipal (excl. Twp. Rd.),No control,unknown,0,0,0,False,False,False,Rain,,False,VANIER DR; MASSEY AVE ; 7 M,3/4/2020 10:18:58 AM,,
44568,15-243361,1447346400000,2015,11,12,16,40,0,Thursday,539846.24844,4809756.40232,-80.507618,43.439654999999995,At/near private drive,2,P.D. only,Left turn lane,unknown,unknown,Turning movement,Unknown,Dark,07 - Dark,Municipal (excl. Twp. Rd.),No control,unknown,0,0,0,False,False,False,Rain,,False,BELMONT AVE W; HIGHLAND RD W; Near; 8 M,3/4/2020 10:18:57 AM,,
44569,15-243390,1447347600000,2015,11,12,17,0,0,Thursday,541068.0,4811108.0,0.0,0.0,At/near private drive,1,Non-fatal injury,Right turn lane,unknown,unknown,SMV other,Unknown,Dusk,05 - Dusk,Regional municipality,Ped. crossover,Functioning,0,0,0,True,False,False,Strong wind,,False,KINGSWAY DR; 2969 KINGSWAY DR; 1 M,3/4/2020 10:18:57 AM,,
44570,15-243408,1447350540000,2015,11,12,17,49,0,Thursday,540409.67404,4812130.91355,-80.50048,43.461005,At/near private drive,2,P.D. only,Thru lane,unknown,unknown,SMV unattended vehicle,Unknown,Dark,07 - Dark,Municipal (excl. Twp. Rd.),No control,unknown,0,0,0,False,False,False,Rain,,False,GUELPH ST ; 282 GUELPH ST; At; 2 M,3/4/2020 10:18:56 AM,,
44571,15-243827,1447407660000,2015,11,13,9,41,0,Friday,540789.03681,4809064.13133,-80.49602,43.433371,Non intersection,2,P.D. only,Thru lane,unknown,unknown,Rear end,Unknown,Daylight,01 - Daylight,Municipal (excl. Twp. Rd.),No control,unknown,0,0,0,False,False,False,Rain,,False,STIRLING AVE S; MAUSSER AVE ; 50 M,3/7/2019 2:26:59 PM,,
44572,15-244333,1447446600000,2015,11,13,20,30,0,Friday,545275.12037,4806434.26705,-80.440811,43.409434,At intersection,1,Non-fatal injury,Within intersection,unknown,unknown,Angle,Stop sign,"Dark, artificial","08 - Dark, artificial",Municipal (excl. Twp. Rd.),Stop sign,Functioning,0,0,0,False,False,False,Rain,,False,WILSON AVE ; WABANAKI DR,3/4/2020 10:18:54 AM,,
44573,15-244935,1447511340000,2015,11,14,14,29,0,Saturday,539747.1913,4805757.63677,-80.50913299999999,43.403655,Non intersection,2,P.D. only,Thru lane,unknown,unknown,SMV unattended vehicle,Unknown,Daylight,01 - Daylight,Municipal (excl. Twp. Rd.),Stop sign,Functioning,0,0,0,False,False,False,Rain,,False,MAX BECKER DR; LEMONBALM ST ; 40 M,3/7/2019 2:26:58 PM,,
44574,15-245172,1447535280000,2015,11,14,21,8,0,Saturday,545081.64956,4811235.4014,-80.442804,43.452675,At/near private drive,2,P.D. only,Right shoulder,unknown,unknown,SMV unattended vehicle,Unknown,Dark,07 - Dark,Municipal (excl. Twp. Rd.),No control,unknown,0,0,0,False,False,False,Clear,,False,BRECKENRIDGE DR ; 131 BRECKENRIDGE; 3 M,3/7/2019 2:26:57 PM,,
44575,15-246187,1447666200000,2015,11,16,9,30,0,Monday,542308.28671,4811038.72395,-80.477096,43.451066,At intersection,2,P.D. only,Within intersection,unknown,unknown,Angle,Unknown,Daylight,01 - Daylight,Municipal (excl. Twp. Rd.),Stop sign,Functioning,0,0,0,False,False,False,Clear,,False,SAMUEL ST; KRUG ST; At,3/7/2019 2:26:56 PM,,
44576,15-246216,1447672560000,2015,11,16,11,16,0,Monday,540926.14915,4812261.97366,-80.494086,43.462157,Other,2,P.D. only,Off highway,unknown,unknown,SMV unattended vehicle,Unknown,Daylight,01 - Daylight,Private property,No control,unknown,0,0,0,False,False,False,Clear,,False,PRIVATE DRIVE; BLUCHER ST,3/4/2020 10:18:54 AM,,
44577,15-246246,1447674660000,2015,11,16,11,51,0,Monday,540681.88592,4811007.49904,-80.497199,43.450874999999996,Non intersection,2,P.D. only,Not on roadway - left side,unknown,unknown,SMV other,Unknown,Daylight,01 - Daylight,Regional municipality,No control,unknown,0,0,0,False,False,False,Clear,,False,FRANCIS ST S; CHARLES ST W; 50 M,3/4/2020 10:18:53 AM,,
44578,15-246252,1447408800000,2015,11,13,10,0,0,Friday,541068.0,4811108.0,0.0,0.0,At/near private drive,2,P.D. only,Thru lane,unknown,unknown,SMV unattended vehicle,Unknown,Daylight,01 - Daylight,Municipal (excl. Twp. Rd.),No control,unknown,0,0,0,False,False,False,Clear,,False,PINEGLEN CRES; PINEGLEN CRES ; 1 M,3/4/2020 10:18:52 AM,,
44579,15-246275,1447601400000,2015,11,15,15,30,0,Sunday,543356.14402,4804318.28605,-80.46467899999999,43.390495,Non intersection,2,P.D. only,Thru lane,unknown,unknown,SMV unattended vehicle,Unknown,Daylight,01 - Daylight,Municipal (excl. Twp. Rd.),No control,unknown,0,0,0,False,False,False,Clear,,False,TEMPLEWOOD DR; 42 TEMPLEWOOD DR; Near,3/7/2019 2:26:56 PM,,
44580,15-246420,1447687980000,2015,11,16,15,33,0,Monday,539004.17287,4810459.8251,-80.517973,43.446033,Non intersection,2,P.D. only,Thru lane,unknown,unknown,Rear end,Unknown,Daylight,01 - Daylight,Municipal (excl. Twp. Rd.),No control,unknown,0,0,0,False,True,False,Clear,,False,GAGE AVE ; BELMONT AVE W; Near; 300 M,3/7/2019 2:26:55 PM,,
44581,15-246504,1447695180000,2015,11,16,17,33,0,Monday,545274.14879,4806434.26053,-80.440823,43.409434,At intersection,2,P.D. only,Within intersection,unknown,unknown,Turning movement,Stop sign,Dark,07 - Dark,Municipal (excl. Twp. Rd.),Stop sign,Functioning,0,0,0,False,False,False,Clear,,False,WABANAKI DR; WILSON AVE; At; 20 M,3/4/2020 10:18:52 AM,,
44582,15-246627,1447704300000,2015,11,16,20,5,0,Monday,541388.34952,4809634.63873,-80.48857199999999,43.438475,Intersection related,2,P.D. only,Thru lane,unknown,unknown,SMV unattended vehicle,Unknown,"Dark, artificial","08 - Dark, artificial",Municipal (excl. Twp. Rd.),Stop sign,Functioning,0,0,0,False,False,False,Clear,,False,WOODLAND AVE; MILL ST,3/4/2020 10:18:51 AM,,
44583,15-246836,1447438500000,2015,11,13,18,15,0,Friday,542186.67499,4810418.01576,-80.478647,43.445484,At/near private drive,2,P.D. only,Thru lane,unknown,unknown,SMV unattended vehicle,Unknown,Dark,07 - Dark,Municipal (excl. Twp. Rd.),No control,unknown,0,0,0,False,False,False,Rain,,False,PANDORA AVE N; KING ST E; Near,3/7/2019 2:26:54 PM,,
44584,15-247251,1447745700000,2015,11,17,7,35,0,Tuesday,542042.08139,4809897.12263,-80.480474,43.440802,Non intersection,2,P.D. only,Thru lane,unknown,unknown,Other,Unknown,"Dawn, artificial","04 - Dawn, artificial",Municipal (excl. Twp. Rd.),No control,unknown,0,0,0,False,False,False,Clear,,False,HURST AVE; 17 HURST AVE; Near,3/4/2020 10:18:50 AM,,