OBJECTID,ACCIDENTNUM,ACCIDENTDATE,ACCIDENT_YEAR,ACCIDENT_MONTH,ACCIDENT_DAY,ACCIDENT_HOUR,ACCIDENT_MINUTE,ACCIDENT_SECOND,ACCIDENT_WEEKDAY,XCOORD,YCOORD,LONGITUDE,LATITUDE,ACCIDENTLOCATION,COLLISIONTYPE,CLASSIFICATIONOFACCIDENT,IMPACTLOCATION,INITIALDIRECTIONOFTRAVELONE,INITIALDIRECTIONOFTRAVELTWO,INITIALIMPACTTYPE,INTTRAFFICCONTROL,LIGHT,LIGHTFORREPORT,ROADJURISDICTION,TRAFFICCONTROL,TRAFFICCONTROLCONDITION,THRULANENO,NORTHBOUNDDISOBEYCOUNT,SOUTHBOUNDDISOBEYCOUNT,PEDESTRIANINVOLVED,CYCLISTINVOLVED,MOTORCYCLISTINVOLVED,ENVIRONMENTCONDITION1,ENVIRONMENTCONDITION2,SELFREPORTED,XMLIMPORTNOTES,LASTEDITEDDATE,CREATE_BY,CREATE_DATE
44585,15-247253,1447779600000,2015,11,17,17,0,0,Tuesday,540351.3092,4811461.41872,-80.501251,43.45498,Intersection related,2,P.D. only,Thru lane,unknown,unknown,Rear end,Unknown,"Daylight, artificial","02 - Daylight, artificial",Regional municipality,Traffic signal,Functioning,0,0,0,False,False,False,Clear,,False,WELLINGTON ST N; MOORE AVE; At,3/7/2019 2:26:54 PM,,
44586,15-247265,1447782060000,2015,11,17,17,41,0,Tuesday,545277.22994,4806433.61483,-80.44078499999999,43.409428,At intersection,1,Non-fatal injury,Within intersection,unknown,unknown,Turning movement,Stop sign,"Dusk, artificial","06 - Dusk, artificial",Municipal (excl. Twp. Rd.),Stop sign,Functioning,0,0,0,False,False,False,Clear,,False,WILSON AVE; WABANAKI DR,3/7/2019 2:26:53 PM,,
44587,15-247590,1447527600000,2015,11,14,19,0,0,Saturday,539209.29161,4811477.22345,-80.515365,43.455183,Non intersection,2,P.D. only,Thru lane,unknown,unknown,SMV unattended vehicle,Unknown,"Dark, artificial","08 - Dark, artificial",Municipal (excl. Twp. Rd.),No control,unknown,0,0,0,False,False,False,Clear,,False,YORK ST; 84 YORK ST; Near,3/7/2019 2:26:52 PM,,
44588,15-247810,1447846920000,2015,11,18,11,42,0,Wednesday,540890.09933,4808788.20132,-80.49479199999999,43.430881,Non intersection,2,P.D. only,Thru lane,unknown,unknown,Sideswipe,Unknown,Daylight,01 - Daylight,Regional municipality,Traffic signal,Functioning,0,0,0,False,False,False,Clear,,False,HOMER WATSON BLVD ; STIRLING AVE S; 150 M,3/7/2019 2:26:51 PM,,
44589,15-248118,1447829100000,2015,11,18,6,45,0,Wednesday,545675.61926,4806550.02589,-80.43585499999999,43.410452,Non intersection,2,P.D. only,Thru lane,unknown,unknown,SMV other,Unknown,Dark,07 - Dark,Regional municipality,No control,unknown,0,0,0,False,False,False,Clear,,False,WABANAKI DR; WILSON AVE; Near,3/7/2019 2:26:51 PM,,
44590,15-248123,1447869000000,2015,11,18,17,50,0,Wednesday,536367.41657,4807625.60199,-80.550747,43.420646,At/near private drive,2,P.D. only,Thru lane,unknown,unknown,SMV unattended vehicle,Unknown,Dark,07 - Dark,Municipal (excl. Twp. Rd.),No control,unknown,0,0,0,False,False,False,Rain,,False,NEWBURY DR; 67 NEWBURY DR; Near; 5 M,3/4/2020 10:18:50 AM,,
44591,15-248133,1447870980000,2015,11,18,18,23,0,Wednesday,542034.50032,4812954.49324,-80.48033199999999,43.468331,At/near private drive,2,P.D. only,Thru lane,unknown,unknown,SMV unattended vehicle,Unknown,Daylight,01 - Daylight,Municipal (excl. Twp. Rd.),No control,unknown,0,0,0,False,False,False,Clear,,False,MAPLE AVE ; MAPLE AVE ; At; 1 M,3/4/2020 10:18:49 AM,,
44592,15-248288,1447886940000,2015,11,18,22,49,0,Wednesday,543337.55164,4805599.92006,-80.464807,43.402035999999995,At/near private drive,1,Non-fatal injury,Right shoulder,unknown,unknown,Rear end,Unknown,Dusk,05 - Dusk,Municipal (excl. Twp. Rd.),No control,unknown,0,0,0,False,False,False,Rain,,False,TRILLIUM DR; TRILLIUM DR ; At; 50 M,3/4/2020 10:18:48 AM,,
44593,15-248474,1447921320000,2015,11,19,8,22,0,Thursday,539080.10638,4811110.41583,-80.516988,43.451887,At/near private drive,2,P.D. only,Thru lane,unknown,unknown,Turning movement,Unknown,Daylight,01 - Daylight,Municipal (excl. Twp. Rd.),No control,unknown,0,0,0,False,False,False,Clear,,False,GLASGOW ST; BELMONT AVE W; At; 1 M,3/7/2019 2:26:50 PM,,
44594,15-248558,1447926000000,2015,11,19,9,40,0,Thursday,543185.0653,4804182.02927,-80.466802,43.389278,Intersection related,2,P.D. only,Thru lane,unknown,unknown,SMV other,Unknown,"Dark, artificial","08 - Dark, artificial",Municipal (excl. Twp. Rd.),Other,Functioning,0,0,0,False,False,False,Clear,,False,STRASBURG RD ; RUSH MEADOW ST ; 36 M,3/4/2020 10:18:48 AM,,
44595,15-248688,1447931400000,2015,11,19,11,10,0,Thursday,547127.84392,4808302.46333,-80.417768,43.426141,At/near private drive,2,P.D. only,Thru lane,unknown,unknown,SMV unattended vehicle,Unknown,Daylight,01 - Daylight,Municipal (excl. Twp. Rd.),No control,unknown,0,0,0,False,False,False,Clear,,False,MANOR DR; 23 MANOR DR; Near,3/7/2019 2:26:49 PM,,
44596,15-248833,1447942740000,2015,11,19,14,19,0,Thursday,538965.1555,4809159.8551,-80.518548,43.434329999999996,At/near private drive,2,P.D. only,Thru lane,unknown,unknown,Turning movement,Unknown,Daylight,01 - Daylight,Municipal (excl. Twp. Rd.),No control,unknown,0,0,0,False,False,False,Clear,,False,HIGHLAND CRES ; 550 HIGHLAND CRES; At; 5 M,3/4/2020 10:18:47 AM,,
44597,15-248835,1447943280000,2015,11,19,14,28,0,Thursday,540939.38618,4811214.85488,-80.494001,43.452728,At/near private drive,2,P.D. only,Thru lane,unknown,unknown,Other,Unknown,Daylight,01 - Daylight,Municipal (excl. Twp. Rd.),No control,unknown,0,0,0,False,False,False,Clear,,False,WATER ST N; 25 WATER ST N; At; 0 M,3/7/2019 2:26:49 PM,,
44598,15-249333,1448007900000,2015,11,20,8,25,0,Friday,544806.94905,4805154.49316,-80.446698,43.397939,At intersection,2,P.D. only,Within intersection,unknown,unknown,Turning movement,Unknown,Daylight,01 - Daylight,Municipal (excl. Twp. Rd.),Stop sign,Functioning,0,0,0,False,False,False,Clear,,False,DOON VILLAGE RD; FARRIER DR,3/4/2020 10:18:46 AM,,
44599,15-249364,1448011200000,2015,11,20,9,20,0,Friday,541068.0,4811108.0,0.0,0.0,Intersection related,2,P.D. only,Left turn lane,unknown,unknown,Sideswipe,Unknown,Daylight,01 - Daylight,Municipal (excl. Twp. Rd.),Traffic signal,Functioning,0,0,0,False,False,False,Clear,,False,GLASGOW ST; BELMONT AVE W; 2 M,3/4/2020 10:18:46 AM,,
44600,15-249397,1448013900000,2015,11,20,10,5,0,Friday,544755.20741,4808023.08978,-80.447102,43.423770999999995,At intersection,2,P.D. only,Within intersection,unknown,unknown,Turning movement,Unknown,Daylight,01 - Daylight,Municipal (excl. Twp. Rd.),Traffic signal,Functioning,0,0,0,False,False,False,Clear,,False,WILSON AVE; TRAYNOR AVE; At,3/4/2020 10:18:45 AM,,
44601,15-249428,1448009700000,2015,11,20,8,55,0,Friday,542066.91246,4811014.55667,-80.480081,43.450862,Non intersection,2,P.D. only,Thru lane,unknown,unknown,SMV unattended vehicle,Unknown,Daylight,01 - Daylight,Regional municipality,No control,unknown,0,0,0,False,False,False,Clear,,False,BRUBACHER ST; BRUBACHER ST ; 1 M,3/7/2019 2:26:48 PM,,
44602,15-249578,1448027100000,2015,11,20,13,45,0,Friday,542952.00293,4810611.31998,-80.469174,43.447181,At/near private drive,2,P.D. only,Thru lane,unknown,unknown,Turning movement,Unknown,Daylight,01 - Daylight,Municipal (excl. Twp. Rd.),No control,unknown,0,0,0,False,False,False,Clear,,False,EAST AVE; EAST AVE ; At,3/7/2019 2:26:47 PM,,
44603,15-249599,1448031960000,2015,11,20,15,6,0,Friday,541465.75315,4809536.82502,-80.487623,43.43759,At intersection,1,Non-fatal injury,Within intersection,unknown,unknown,Turning movement,Unknown,Daylight,01 - Daylight,Municipal (excl. Twp. Rd.),Traffic signal,Functioning,0,0,0,False,False,False,Clear,,False,STIRLING AVE S; MILL ST,3/4/2020 10:18:44 AM,,
44604,15-249697,1448038440000,2015,11,20,16,54,0,Friday,545498.18104,4804596.8114,-80.438209,43.392876,At/near private drive,2,P.D. only,Thru lane,unknown,unknown,SMV unattended vehicle,Unknown,Daylight,01 - Daylight,Municipal (excl. Twp. Rd.),No control,unknown,0,0,0,False,False,False,Clear,,False,FRONT OF; BECHTEL DR; 40 M,3/7/2019 2:26:47 PM,,
44605,15-250185,1448104620000,2015,11,21,11,17,0,Saturday,542843.17619,4809871.40095,-80.47057699999999,43.440525,At intersection,2,P.D. only,Within intersection,unknown,unknown,Angle,Unknown,Daylight,01 - Daylight,Regional municipality,Stop sign,Functioning,0,0,0,False,False,False,Clear,,False,SYDNEY ST S; CHARLES ST E,3/4/2020 10:18:43 AM,,
44606,15-250495,1448140980000,2015,11,21,21,23,0,Saturday,541797.88661,4810621.39111,-80.483436,43.447337,Intersection related,2,P.D. only,Thru lane,unknown,unknown,Rear end,Unknown,"Dark, artificial","08 - Dark, artificial",Regional municipality,Traffic signal,Functioning,0,0,0,False,False,False,Snow,,False,KING ST E; CEDAR ST N; 20 M,3/4/2020 10:18:42 AM,,
44607,15-250519,1448143200000,2015,11,21,22,0,0,Saturday,539569.23896,4811423.46336,-80.51092,43.454679999999996,At intersection,2,P.D. only,Within intersection,unknown,unknown,Angle,Unknown,"Daylight, artificial","02 - Daylight, artificial",Municipal (excl. Twp. Rd.),Stop sign,Functioning,0,0,0,False,False,False,Snow,,False,PARK ST; GREEN ST; At,3/4/2020 10:18:42 AM,,
44608,15-250619,1448155080000,2015,11,22,1,18,0,Sunday,539123.10876,4811020.15054,-80.516463,43.451071999999996,Non intersection,2,P.D. only,Off highway,unknown,unknown,SMV other,Unknown,"Dark, artificial","08 - Dark, artificial",Regional municipality,No control,unknown,0,0,0,False,False,False,Clear,,False,BELMONT AVE W; GAGE AVE ; 150 M,3/7/2019 2:26:46 PM,,
44609,15-250705,1448168160000,2015,11,22,4,56,0,Sunday,545850.25525,4809755.7927,-80.43342899999999,43.439305999999995,At intersection,2,P.D. only,Within intersection,unknown,unknown,SMV other,Unknown,"Dark, artificial","08 - Dark, artificial",Regional municipality,Traffic signal,Functioning,0,0,0,False,False,False,Snow,,False,OLD CHICOPEE DR; RIVER RD E,3/4/2020 10:18:41 AM,,
44610,15-250829,1448146800000,2015,11,21,23,0,0,Saturday,542728.47829,4806616.13282,-80.47224899999999,43.411221,Non intersection,2,P.D. only,Thru lane,unknown,unknown,SMV unattended vehicle,Unknown,Dark,07 - Dark,Municipal (excl. Twp. Rd.),No control,unknown,0,0,0,False,False,False,Snow,,False,CENTURY HILL DR; CENTURY HILL DR,3/7/2019 2:26:45 PM,,
44611,15-250837,1448190480000,2015,11,22,11,8,0,Sunday,541068.0,4811108.0,0.0,0.0,At/near private drive,1,Non-fatal injury,Thru lane,unknown,unknown,Rear end,Unknown,Daylight,01 - Daylight,Regional municipality,No control,unknown,0,0,0,False,False,False,Clear,,False,DOON VILLAGE RD ; DOON VILLAGE RD ; 3 M,3/4/2020 10:18:40 AM,,
44612,15-251625,1448266800000,2015,11,23,8,20,0,Monday,541068.0,4811108.0,0.0,0.0,Non intersection,2,P.D. only,Right turn channel,unknown,unknown,Rear end,Unknown,Daylight,01 - Daylight,Regional municipality,Yield sign,Functioning,0,0,0,False,False,False,Clear,,False,OLD HURON RD ; HURON RD,3/4/2020 10:18:40 AM,,
44613,15-251688,1448289840000,2015,11,23,14,44,0,Monday,545619.16764,4803795.32108,-80.436782,43.385652,At/near private drive,2,P.D. only,Thru lane,unknown,unknown,Turning movement,Unknown,Daylight,01 - Daylight,Regional municipality,No control,unknown,0,0,0,False,False,False,Clear,,False,WOODFIELD ST; WOODFIELD ST ; 1 M,3/4/2020 10:18:39 AM,,
44614,15-251750,1448289000000,2015,11,23,14,30,0,Monday,545238.97315,4805061.74971,-80.44137099999999,43.397078,At/near private drive,2,Non-reportable,Thru lane,unknown,unknown,SMV unattended vehicle,Unknown,Daylight,01 - Daylight,Municipal (excl. Twp. Rd.),No control,unknown,0,0,0,False,False,False,Clear,,False,LOWER CANADA CRES; 10 LOWER CANADA CRES; At,3/7/2019 2:26:45 PM,,
44615,15-251760,1448295600000,2015,11,23,16,20,0,Monday,540095.35062,4810857.49487,-80.504459,43.449556,Underpass or tunnel,2,P.D. only,Thru lane,unknown,unknown,SMV other,Unknown,Daylight,01 - Daylight,Municipal (excl. Twp. Rd.),No control,unknown,0,0,0,False,False,False,Clear,,False,PARK ST; CHERRY ST; At; 30 M,3/4/2020 10:18:38 AM,,
44616,15-251912,1448213400000,2015,11,22,17,30,0,Sunday,544785.69541,4809015.18514,-80.44664399999999,43.432702,Intersection related,2,P.D. only,Thru lane,unknown,unknown,SMV other,Unknown,"Dark, artificial","08 - Dark, artificial",Municipal (excl. Twp. Rd.),Stop sign,Functioning,0,0,0,False,False,False,Snow,,False,KINGSWAY DR; NINTH AVE,3/7/2019 2:26:44 PM,,
44617,15-252144,1448354340000,2015,11,24,8,39,0,Tuesday,539871.97634,4810633.38129,-80.50723599999999,43.44755,Intersection related,2,P.D. only,Thru lane,unknown,unknown,Rear end,Unknown,Daylight,01 - Daylight,Municipal (excl. Twp. Rd.),Stop sign,Functioning,0,0,0,False,False,False,Clear,,False,CHERRY ST ; STRANGE ST ; 6.6 M,3/7/2019 2:26:43 PM,,
44618,15-252581,1448350800000,2015,11,24,7,40,0,Tuesday,540423.06288,4812137.65754,-80.500314,43.461065,At/near private drive,2,P.D. only,Thru lane,unknown,unknown,Other,Unknown,Daylight,01 - Daylight,Municipal (excl. Twp. Rd.),No control,unknown,0,0,0,False,False,False,Clear,,False,GUELPH ST; 291 GUELPH ST; At,3/7/2019 2:26:42 PM,,
44619,15-252629,1448392500000,2015,11,24,19,15,0,Tuesday,542714.11703,4810047.17013,-80.472158,43.442115,At/near private drive,2,P.D. only,Left turn lane,unknown,unknown,Turning movement,Unknown,"Dark, artificial","08 - Dark, artificial",Regional municipality,No control,unknown,0,0,0,False,False,False,Clear,,False,KING ST E; KING ST E,3/4/2020 10:18:37 AM,,
44620,15-252911,1448377200000,2015,11,24,15,0,0,Tuesday,540938.48473,4811216.73745,-80.494012,43.452745,Non intersection,2,P.D. only,Thru lane,unknown,unknown,Other,Unknown,Daylight,01 - Daylight,Regional municipality,No control,unknown,0,0,0,False,False,False,Clear,,False,WATER ST N; DUKE ST W; Near,3/4/2020 10:18:36 AM,,
44621,15-252915,1448445120000,2015,11,25,9,52,0,Wednesday,541184.34454,4810691.4708,-80.491013,43.448001999999995,At intersection,1,Non-fatal injury,Within intersection,unknown,unknown,SMV other,Unknown,Daylight,01 - Daylight,Regional municipality,Traffic signal,Functioning,0,0,0,True,False,False,Clear,,False,QUEEN ST S; JOSEPH ST; At,3/7/2019 2:26:42 PM,,
44622,15-252993,1448391600000,2015,11,24,19,0,0,Tuesday,540760.99929,4810769.86146,-80.496239,43.448730999999995,At/near private drive,2,P.D. only,Thru lane,unknown,unknown,SMV unattended vehicle,Unknown,Daylight,01 - Daylight,Municipal (excl. Twp. Rd.),No control,unknown,0,0,0,False,False,False,Clear,,False,WATER ST S; WATER ST S; At,3/4/2020 10:18:36 AM,,
44623,15-253048,1448452200000,2015,11,25,11,50,0,Wednesday,539916.10243,4811052.56512,-80.50666,43.451322,At railway crossing,2,P.D. only,Thru lane,unknown,unknown,Rear end,Unknown,Daylight,01 - Daylight,Municipal (excl. Twp. Rd.),Other,Functioning,0,0,0,False,False,False,Clear,,False,PARK ST; DOMINION ST; Near,3/4/2020 10:18:35 AM,,
44624,15-253166,1448465700000,2015,11,25,15,35,0,Wednesday,539523.88045,4806141.48267,-80.51186299999999,43.407123,Non intersection,2,P.D. only,Thru lane,unknown,unknown,Rear end,Unknown,Daylight,01 - Daylight,Municipal (excl. Twp. Rd.),School guard,Functioning,0,0,0,False,False,False,Clear,,False,ACTIVA AVE; ACTIVA AVE ; At,3/4/2020 10:18:34 AM,,
44625,15-253614,1448536920000,2015,11,26,11,22,0,Thursday,539079.29793,4811110.30008,-80.516998,43.451885999999995,Non intersection,2,P.D. only,Thru lane,unknown,unknown,SMV unattended vehicle,Unknown,Daylight,01 - Daylight,Municipal (excl. Twp. Rd.),Traffic signal,Functioning,0,0,0,False,False,False,Clear,,False,GLASGOW ST; BELMONT AVE W; 10 M,3/4/2020 10:18:34 AM,,
44626,15-253678,1448542860000,2015,11,26,13,1,0,Thursday,545160.24542,4807242.026,-80.442163,43.416714,At intersection,2,P.D. only,Within intersection,unknown,unknown,Turning movement,Stop sign,Daylight,01 - Daylight,Regional municipality,Stop sign,Functioning,0,0,0,False,False,False,Clear,,False,WILSON AVE ; WEBSTER; 3 M,3/7/2019 2:26:41 PM,,
44627,15-253789,1448521200000,2015,11,26,7,0,0,Thursday,545694.84279,4805492.18337,-80.435706,43.400926,Non intersection,2,P.D. only,Thru lane,unknown,unknown,SMV other,Unknown,Dawn,03 - Dawn,Municipal (excl. Twp. Rd.),No control,unknown,0,0,0,False,False,False,Clear,,False,HURON RD; HOMER WATSON BLVD; Near,3/4/2020 10:18:33 AM,,
44628,15-254446,1448626500000,2015,11,27,12,15,0,Friday,548583.94425,4806623.8643,-80.399929,43.410934,At/near private drive,2,P.D. only,Thru lane,unknown,unknown,Rear end,Unknown,Daylight,01 - Daylight,Municipal (excl. Twp. Rd.),No control,unknown,0,0,0,False,False,False,Rain,,False,DEER RIDGE DR; KING ST E; Near; 10 M,3/7/2019 2:26:40 PM,,
44629,15-254531,1448633340000,2015,11,27,14,9,0,Friday,541709.09088,4810678.37101,-80.484529,43.447855,At intersection,2,P.D. only,Right shoulder,unknown,unknown,SMV other,Unknown,Daylight,01 - Daylight,Regional municipality,Stop sign,Functioning,0,0,0,False,False,False,Clear,,False,KING ST E; EBY ST N; At,3/7/2019 2:26:40 PM,,
44630,15-254619,1448637600000,2015,11,27,15,20,0,Friday,540123.02516,4809851.00157,-80.50419099999999,43.440492,At/near private drive,2,P.D. only,Thru lane,unknown,unknown,Sideswipe,Unknown,Daylight,01 - Daylight,Municipal (excl. Twp. Rd.),No control,unknown,0,0,0,False,False,False,Other,,False,PATRICIA AVE; 80 PATRICIA AVE; Near,3/4/2020 10:18:32 AM,,
44631,15-254707,1448642280000,2015,11,27,16,38,0,Friday,541952.98174,4810521.28851,-80.481527,43.446427,Non intersection,2,P.D. only,Not on roadway - right side,unknown,unknown,SMV unattended vehicle,Unknown,Daylight,01 - Daylight,Regional municipality,No control,unknown,0,0,0,False,False,False,Rain,,False,KING ST E; KING ST E; Near,3/4/2020 10:18:32 AM,,
44632,15-254712,1448568000000,2015,11,26,20,0,0,Thursday,544216.93178,4809017.3188,-80.453671,43.432755,At/near private drive,2,P.D. only,Thru lane,unknown,unknown,SMV unattended vehicle,Unknown,"Dark, artificial","08 - Dark, artificial",Municipal (excl. Twp. Rd.),No control,unknown,0,0,0,False,False,False,Clear,,False,FOURTH AVE; 52 FOURTH AV,3/4/2020 10:18:31 AM,,
44633,15-254795,1448648100000,2015,11,27,18,15,0,Friday,545034.63015,4807867.79669,-80.443663,43.422356,Intersection related,2,P.D. only,Left turn lane,unknown,unknown,Rear end,Unknown,"Dark, artificial","08 - Dark, artificial",Municipal (excl. Twp. Rd.),Traffic signal,Functioning,0,0,0,False,False,False,Rain,,False,KINGSWAY DR; WILSON AVE; At,3/4/2020 10:18:30 AM,,
44634,15-254813,1448611200000,2015,11,27,8,0,0,Friday,541674.79028,4805474.39375,-80.48535,43.401,Non intersection,2,P.D. only,Thru lane,unknown,unknown,Rear end,Unknown,Daylight,01 - Daylight,Municipal (excl. Twp. Rd.),No control,unknown,0,0,0,False,False,False,Rain,,False,TRILLIUM DR; TRILLIUM DR ; Near,3/4/2020 10:18:30 AM,,
44635,15-255073,1448690400000,2015,11,28,6,0,0,Saturday,539216.70794,4805676.01518,-80.51568999999999,43.402947999999995,Non intersection,1,Non-fatal injury,Not on roadway - left side,unknown,unknown,SMV other,Unknown,"Dawn, artificial","04 - Dawn, artificial",Municipal (excl. Twp. Rd.),No control,unknown,0,0,0,False,False,False,Clear,,False,ACTIVA AVE ; BRIDLEWREATH ST; 2 M,3/4/2020 10:18:29 AM,,
44636,15-255095,1448697000000,2015,11,28,7,50,0,Saturday,544168.73836,4812184.49241,-80.45401,43.461275,Intersection related,1,Non-fatal injury,Not on roadway - right side,unknown,unknown,SMV other,Unknown,Daylight,01 - Daylight,Municipal (excl. Twp. Rd.),No control,unknown,0,0,0,False,False,False,Clear,,False,MANCHESTER RD; PEACHWOOD AVE ; 19 M,3/4/2020 10:18:28 AM,,
44637,15-255303,1448718360000,2015,11,28,13,46,0,Saturday,542058.99758,4808910.44794,-80.480341,43.431917,Non intersection,1,Non-fatal injury,Thru lane,unknown,unknown,SMV unattended vehicle,Unknown,Daylight,01 - Daylight,Municipal (excl. Twp. Rd.),No control,unknown,0,0,0,False,False,False,Clear,,False,HOFFMAN ST; 20 HOFFMAN ST; Near; 5 M,3/7/2019 2:26:39 PM,,
44638,15-255366,1448725140000,2015,11,28,15,39,0,Saturday,544123.84631,4807669.42057,-80.45492999999999,43.420624,At/near private drive,2,P.D. only,Thru lane,unknown,unknown,Turning movement,Unknown,Daylight,01 - Daylight,Municipal (excl. Twp. Rd.),No control,unknown,0,0,0,False,False,False,Clear,,False,TRAYNOR AVE ; 341 TRAYNOR AVE; At; 3 M,3/4/2020 10:18:28 AM,,
44639,15-255423,1448732160000,2015,11,28,17,36,0,Saturday,539080.51028,4811110.52923,-80.516983,43.451888,At intersection,2,P.D. only,Within intersection,unknown,unknown,Sideswipe,Unknown,"Daylight, artificial","02 - Daylight, artificial",Municipal (excl. Twp. Rd.),Traffic signal,Functioning,0,0,0,False,False,False,Clear,,False,GLASGOW ST ; BELMONT AVE W; 0 M,3/4/2020 10:18:27 AM,,
44640,15-255751,1448768340000,2015,11,29,3,39,0,Sunday,539069.70764,4808771.3034,-80.51728399999999,43.430825999999996,Non intersection,2,P.D. only,Not on roadway - right side,unknown,unknown,SMV other,Unknown,Dark,07 - Dark,Municipal (excl. Twp. Rd.),No control,unknown,0,0,0,False,False,False,Clear,,False,QUEENS BLVD ; KELLY DR ; 8 M,3/4/2020 10:18:26 AM,,
44641,15-255816,1448631000000,2015,11,27,13,30,0,Friday,545276.09866,4806433.27405,-80.440799,43.409425,At intersection,2,P.D. only,Right turn channel,unknown,unknown,Rear end,Stop sign,Daylight,01 - Daylight,Municipal (excl. Twp. Rd.),Stop sign,Functioning,0,0,0,False,False,False,Clear,,False,WILSON AVE; WABANAKI DR; At,3/4/2020 10:18:26 AM,,
44642,15-256171,1448823960000,2015,11,29,19,6,0,Sunday,536916.56924,4808267.29042,-80.54392,43.426397,Non intersection,2,P.D. only,Right shoulder,unknown,unknown,SMV unattended vehicle,Unknown,Dark,07 - Dark,Municipal (excl. Twp. Rd.),No control,unknown,0,0,0,False,False,False,Clear,,False,BANKSIDE DR; WESTHEIGHTS DR ; 40 M,3/4/2020 10:18:25 AM,,
44643,15-256389,1448867700000,2015,11,30,7,15,0,Monday,540126.18872,4810828.6914,-80.50408,43.449295,Underpass or tunnel,2,P.D. only,Thru lane,unknown,unknown,SMV other,Unknown,Dawn,03 - Dawn,Municipal (excl. Twp. Rd.),Other,Functioning,0,0,1,False,False,False,Clear,,False,PARK ST; CN RAIL; At; 1 M,3/4/2020 10:18:24 AM,,
44644,15-256688,1448892780000,2015,11,30,14,13,0,Monday,541442.41397,4810753.13661,-80.487819,43.448543,Non intersection,2,P.D. only,Thru lane,unknown,unknown,SMV other,Unknown,Daylight,01 - Daylight,Regional municipality,No control,unknown,0,0,0,False,False,False,Clear,,False,HALLS LANE E; 17 BENTON ST ; Near; 15 M,3/4/2020 10:18:24 AM,,
44645,15-256854,1448904960000,2015,11,30,17,36,0,Monday,543081.43553,4812047.39914,-80.467461,43.460104,Non intersection,2,P.D. only,Thru lane,unknown,unknown,Rear end,Unknown,"Dark, artificial","08 - Dark, artificial",Regional municipality,No control,unknown,0,0,0,False,False,False,Clear,,False,FREDERICK ST ; 586 FREDERICK ST; 1 M,3/4/2020 10:18:23 AM,,
44646,15-257279,1448841600000,2015,11,30,0,0,0,Monday,538950.01073,4806146.36574,-80.51894999999999,43.407197,Non intersection,2,P.D. only,Thru lane,unknown,unknown,SMV unattended vehicle,Unknown,Dark,07 - Dark,Municipal (excl. Twp. Rd.),No control,unknown,0,0,0,False,False,False,Clear,,False,DAVID BERGEY DR; DAVID BERGEY DR,3/4/2020 10:18:22 AM,,
44647,15-257329,1448959500000,2015,12,1,8,45,0,Tuesday,539571.75636,4806041.03149,-80.511279,43.406216,Non intersection,2,P.D. only,Thru lane,unknown,unknown,SMV unattended vehicle,Unknown,Daylight,01 - Daylight,Regional municipality,No control,unknown,0,0,0,False,False,False,Clear,,False,BRIDLEWREATH ST; BRIDLEWREATH ST,3/4/2020 10:18:22 AM,,
44648,15-257543,1448884800000,2015,11,30,12,0,0,Monday,542901.38387,4814429.64569,-80.469499,43.481564,Non intersection,2,P.D. only,Right shoulder,unknown,unknown,SMV unattended vehicle,Unknown,Daylight,01 - Daylight,Municipal (excl. Twp. Rd.),No control,unknown,0,0,0,False,False,False,Clear,,False,STANLEY AVE; STANLEY AVE ; Near,3/4/2020 10:18:21 AM,,
44649,15-257569,1448982000000,2015,12,1,15,0,0,Tuesday,543496.81779,4809571.3876,-80.462524,43.437785999999996,At intersection,2,P.D. only,Within intersection,unknown,unknown,Turning movement,Unknown,Daylight,01 - Daylight,Municipal (excl. Twp. Rd.),Stop sign,Functioning,0,0,0,False,False,False,Rain,,False,FLORAL CRES; DOON RD; At,3/4/2020 10:18:20 AM,,
44650,15-257661,1448986500000,2015,12,1,16,15,0,Tuesday,542843.16984,4809872.40047,-80.47057699999999,43.440534,At intersection,2,P.D. only,Within intersection,unknown,unknown,Angle,Unknown,Daylight,01 - Daylight,Regional municipality,Stop sign,Functioning,0,0,0,False,False,False,Rain,,False,CHARLES ST E; SYDNEY ST S; At,3/4/2020 10:18:20 AM,,
44651,15-257750,1449010200000,2015,12,1,22,50,0,Tuesday,545656.33786,4807975.70674,-80.435974,43.42329,At/near private drive,2,P.D. only,Off highway,unknown,unknown,SMV other,Unknown,Dark,07 - Dark,Private property,No control,unknown,0,0,0,False,False,False,Clear,,False,FAIRWAY RD S; FAIRWAY RD S; At; 50 M,3/4/2020 10:18:19 AM,,
44652,15-258002,1449049800000,2015,12,2,9,50,0,Wednesday,538840.04692,4810379.35797,-80.52000699999999,43.445316999999996,Non intersection,2,P.D. only,Thru lane,unknown,unknown,Rear end,Unknown,Daylight,01 - Daylight,Municipal (excl. Twp. Rd.),No control,unknown,0,0,0,False,False,False,Clear,,False,GAGE AVE; WESTMOUNT RD W; 100 M,3/4/2020 10:18:18 AM,,
44653,15-258348,1449070740000,2015,12,2,15,39,0,Wednesday,540051.2605,4811332.68591,-80.504969,43.453837,Non intersection,1,Non-fatal injury,Thru lane,unknown,unknown,SMV other,Unknown,Daylight,01 - Daylight,Municipal (excl. Twp. Rd.),No control,unknown,0,0,0,True,False,False,Clear,,False,WALTER ST; AGNES ST; 60 M,3/4/2020 10:18:18 AM,,