OBJECTID,ACCIDENTNUM,ACCIDENTDATE,ACCIDENT_YEAR,ACCIDENT_MONTH,ACCIDENT_DAY,ACCIDENT_HOUR,ACCIDENT_MINUTE,ACCIDENT_SECOND,ACCIDENT_WEEKDAY,XCOORD,YCOORD,LONGITUDE,LATITUDE,ACCIDENTLOCATION,COLLISIONTYPE,CLASSIFICATIONOFACCIDENT,IMPACTLOCATION,INITIALDIRECTIONOFTRAVELONE,INITIALDIRECTIONOFTRAVELTWO,INITIALIMPACTTYPE,INTTRAFFICCONTROL,LIGHT,LIGHTFORREPORT,ROADJURISDICTION,TRAFFICCONTROL,TRAFFICCONTROLCONDITION,THRULANENO,NORTHBOUNDDISOBEYCOUNT,SOUTHBOUNDDISOBEYCOUNT,PEDESTRIANINVOLVED,CYCLISTINVOLVED,MOTORCYCLISTINVOLVED,ENVIRONMENTCONDITION1,ENVIRONMENTCONDITION2,SELFREPORTED,XMLIMPORTNOTES,LASTEDITEDDATE,CREATE_BY,CREATE_DATE
44654,15-258511,1449085020000,2015,12,2,19,37,0,Wednesday,538628.05227,4811280.28769,-80.52256299999999,43.45344,At intersection,2,P.D. only,Within intersection,unknown,unknown,SMV other,Unknown,"Dark, artificial","08 - Dark, artificial",Municipal (excl. Twp. Rd.),Stop sign,Functioning,0,0,0,False,False,False,Clear,,False,DUNBAR RD; UNION BLVD,3/4/2020 10:18:17 AM,,
44655,15-258561,1449091440000,2015,12,2,21,24,0,Wednesday,543886.5864,4808264.38464,-80.457813,43.425995,Non intersection,2,P.D. only,Other,unknown,unknown,SMV unattended vehicle,Unknown,"Dark, artificial","08 - Dark, artificial",Municipal (excl. Twp. Rd.),No control,unknown,0,0,0,False,False,False,Clear,,False,CLARK AVE; BROADMOOR AVE ; 10 M,3/4/2020 10:18:16 AM,,
44656,15-259132,1449153120000,2015,12,3,14,32,0,Thursday,540793.56233,4809118.80073,-80.49596,43.433862999999995,Non intersection,2,P.D. only,Thru lane,unknown,unknown,Sideswipe,Unknown,Daylight,01 - Daylight,Municipal (excl. Twp. Rd.),Stop sign,Functioning,0,0,0,False,False,False,Rain,,False,STIRLING AVE S; MAUSSER AVE; 20 M,3/4/2020 10:18:16 AM,,
44657,15-259208,1449154200000,2015,12,3,14,50,0,Thursday,541697.38035,4804136.92093,-80.485173,43.388956,At/near private drive,2,P.D. only,Thru lane,unknown,unknown,SMV unattended vehicle,Unknown,Daylight,01 - Daylight,Municipal (excl. Twp. Rd.),No control,unknown,0,0,0,False,False,False,Other,,False,PARKVALE DR; 401 PARKVALE DR; Near,3/4/2020 10:18:15 AM,,
44658,15-259324,1449168180000,2015,12,3,18,43,0,Thursday,538056.96829,4808202.10427,-80.529836,43.425753,Intersection related,2,P.D. only,Thru lane,unknown,unknown,Turning movement,Unknown,"Dusk, artificial","06 - Dusk, artificial",Municipal (excl. Twp. Rd.),Stop sign,Functioning,0,0,0,False,False,False,Rain,,False,WESTHEIGHTS DR; TRAILVIEW DR,3/7/2019 2:26:38 PM,,
44659,15-259327,1448656200000,2015,11,27,20,30,0,Friday,538679.80135,4806826.27718,-80.522239,43.413333,At/near private drive,2,P.D. only,Thru lane,unknown,unknown,SMV unattended vehicle,Unknown,"Dark, artificial","08 - Dark, artificial",Municipal (excl. Twp. Rd.),No control,unknown,0,0,0,False,False,False,Rain,,False,WINDFLOWER DR; 97 WINDFLOWER DR; At,3/4/2020 10:18:14 AM,,
44660,15-259402,1449172980000,2015,12,3,20,3,0,Thursday,547221.43991,4808946.94659,-80.416556,43.431937999999995,Non intersection,2,P.D. only,Thru lane,unknown,unknown,Other,Unknown,Dark,07 - Dark,Municipal (excl. Twp. Rd.),Stop sign,Functioning,0,0,0,False,False,False,Clear,,False,QUINTE CRES; QUINTE CRT; 34 M,3/4/2020 10:18:14 AM,,
44661,15-259649,1448917200000,2015,11,30,21,0,0,Monday,538408.0396,4809138.88979,-80.52543299999999,43.434169999999995,At/near private drive,2,P.D. only,Thru lane,unknown,unknown,SMV unattended vehicle,Unknown,"Dark, artificial","08 - Dark, artificial",Municipal (excl. Twp. Rd.),No control,unknown,0,0,0,False,False,False,Clear,,False,CAPRICE CRT; 22 CAPRICE CRT; At,3/4/2020 10:18:13 AM,,
44662,15-260084,1449251460000,2015,12,4,17,51,0,Friday,537843.23829,4809145.69252,-80.532411,43.434259999999995,Non intersection,2,P.D. only,Thru lane,unknown,unknown,SMV unattended vehicle,Unknown,"Dusk, artificial","06 - Dusk, artificial",Municipal (excl. Twp. Rd.),No control,unknown,0,0,0,False,False,False,Clear,,False,OPRINGTON DR; BENESFORT DR ; 30 M,3/7/2019 2:26:37 PM,,
44663,15-260275,1449269760000,2015,12,4,22,56,0,Friday,541684.56292,4805452.35302,-80.485231,43.400801,Non intersection,1,Non-fatal injury,Not on roadway - right side,unknown,unknown,SMV other,Unknown,Dark,07 - Dark,Municipal (excl. Twp. Rd.),No control,unknown,0,0,0,False,False,False,Clear,,False,TRILLIUM DR ; 801 TRILLIUM DR; 275 M,3/4/2020 10:18:12 AM,,
44664,15-260538,1449309240000,2015,12,5,9,54,0,Saturday,543075.83075,4812797.47684,-80.467471,43.466857999999995,At intersection,2,P.D. only,Within intersection,unknown,unknown,Turning movement,Unknown,Daylight,01 - Daylight,Municipal (excl. Twp. Rd.),Stop sign,Functioning,0,0,0,False,False,False,Clear,,False,RIVERBEND DR; WELLINGTON ST N; At,3/4/2020 10:18:12 AM,,
44665,15-260822,1449339900000,2015,12,5,18,25,0,Saturday,538356.37338,4808161.93008,-80.52614,43.425376,Non intersection,2,P.D. only,Thru lane,unknown,unknown,SMV unattended vehicle,Unknown,Dark,07 - Dark,Municipal (excl. Twp. Rd.),No control,unknown,0,0,0,False,False,False,Clear,,False,ELM RIDGE DR; HILLBROOK CRES; Near; 5 M,3/4/2020 10:18:11 AM,,
44666,15-261897,1449490920000,2015,12,7,12,22,0,Monday,539177.58243,4810905.4077,-80.51579799999999,43.450036,Non intersection,2,P.D. only,Thru lane,unknown,unknown,Rear end,Unknown,Daylight,01 - Daylight,Regional municipality,No control,unknown,0,0,0,False,False,False,Clear,,False,BELMONT AVE W; 558 BELMONT AVE W; 5 M,3/4/2020 10:18:10 AM,,
44667,15-262160,1449505800000,2015,12,7,16,30,0,Monday,541068.0,4811108.0,0.0,0.0,Intersection related,2,P.D. only,Within intersection,unknown,unknown,Turning movement,Unknown,Daylight,01 - Daylight,Municipal (excl. Twp. Rd.),Stop sign,Functioning,0,0,0,False,False,False,Clear,,False,WILSON AVE; WABANAKI DR; At,3/4/2020 10:18:10 AM,,
44668,15-262279,1449522300000,2015,12,7,21,5,0,Monday,541068.0,4811108.0,0.0,0.0,Non intersection,2,P.D. only,Thru lane,unknown,unknown,SMV unattended vehicle,Unknown,Dark,07 - Dark,Municipal (excl. Twp. Rd.),No control,unknown,0,0,0,False,False,False,Clear,,False,BOND ST ; BOND ST ; 1 M,3/4/2020 10:18:09 AM,,
44669,15-262368,1449528480000,2015,12,7,22,48,0,Monday,541494.94726,4810474.02916,-80.487191,43.446027,Non intersection,2,P.D. only,Right shoulder,unknown,unknown,SMV other,Unknown,"Dark, artificial","08 - Dark, artificial",Municipal (excl. Twp. Rd.),No control,unknown,0,0,0,False,False,False,Clear,,False,PETER ST; CHURCH ST ; Near; 90 M,3/4/2020 10:18:08 AM,,
44670,15-262489,1449564180000,2015,12,8,8,43,0,Tuesday,536563.93431,4809558.44345,-80.54818999999999,43.43804,Non intersection,2,P.D. only,Not on roadway - right side,unknown,unknown,SMV other,Unknown,Daylight,01 - Daylight,Municipal (excl. Twp. Rd.),No control,unknown,0,0,0,False,False,False,Clear,,False,RESURRECTION DR ; NORTHMANOR CRES ; 10 M,3/4/2020 10:18:07 AM,,
44671,15-262551,1449517500000,2015,12,7,19,45,0,Monday,541068.0,4811108.0,0.0,0.0,At/near private drive,2,P.D. only,Thru lane,unknown,unknown,SMV unattended vehicle,Unknown,"Dark, artificial","08 - Dark, artificial",Municipal (excl. Twp. Rd.),No control,unknown,0,0,0,False,False,False,Clear,,False,SWEET WILLIAM ST; SWEET WILLIAM ST ; At,3/4/2020 10:18:07 AM,,
44672,15-262691,1449579660000,2015,12,8,13,1,0,Tuesday,545035.61043,4807866.47049,-80.443651,43.422343999999995,At intersection,1,Non-fatal injury,Within intersection,unknown,unknown,SMV other,Unknown,Daylight,01 - Daylight,Municipal (excl. Twp. Rd.),Traffic signal,Functioning,0,0,0,True,False,False,Clear,,False,WILSON AV; KINGSWAY DR ; At,3/4/2020 10:18:06 AM,,
44673,15-262917,1449595500000,2015,12,8,17,25,0,Tuesday,540324.24722,4810669.94509,-80.501644,43.447855,Non intersection,1,Non-fatal injury,Thru lane,unknown,unknown,Rear end,Unknown,Dark,07 - Dark,Regional municipality,No control,unknown,0,0,0,False,False,False,Clear,,False,PARK ST; VICTORIA ST S; 100 M,3/4/2020 10:18:05 AM,,
44674,15-263034,1449608520000,2015,12,8,21,2,0,Tuesday,541068.0,4811108.0,0.0,0.0,Non intersection,2,P.D. only,Not on roadway - right side,unknown,unknown,SMV unattended vehicle,Unknown,"Dark, artificial","08 - Dark, artificial",Municipal (excl. Twp. Rd.),No control,unknown,0,0,0,False,False,False,Clear,,False,RED CLOVER CRES; RED CLOVER CRT ; 30 M,3/4/2020 10:18:05 AM,,
44675,15-263364,1449656820000,2015,12,9,10,27,0,Wednesday,541768.32044,4809280.8079,-80.483904,43.435268,At/near private drive,2,P.D. only,Thru lane,unknown,unknown,Rear end,Unknown,Daylight,01 - Daylight,Municipal (excl. Twp. Rd.),No control,unknown,0,0,0,False,False,False,Clear,,False,MILL ST; 343 MILL ST; At; 1 M,3/4/2020 10:18:04 AM,,
44676,15-263375,1448446200000,2015,11,25,10,10,0,Wednesday,541068.0,4811108.0,0.0,0.0,Non intersection,2,P.D. only,Thru lane,unknown,unknown,Other,Unknown,Daylight,01 - Daylight,Municipal (excl. Twp. Rd.),No control,unknown,0,0,0,False,False,False,Clear,,False,FRANCIS ST S; CHARLES ST W,3/4/2020 10:18:03 AM,,
44677,15-264343,1449685500000,2015,12,9,18,25,0,Wednesday,541150.86108,4810649.063,-80.49143,43.447621999999996,At/near private drive,1,Non-fatal injury,Thru lane,unknown,unknown,Rear end,Unknown,Dark,07 - Dark,Regional municipality,No control,unknown,0,0,0,False,False,False,Rain,,False,QUEEN ST S; ST GEORGE ST ; Near,3/4/2020 10:18:03 AM,,
44678,15-264439,1449700200000,2015,12,9,22,30,0,Wednesday,541068.0,4811108.0,0.0,0.0,Non intersection,2,P.D. only,Right shoulder,unknown,unknown,SMV unattended vehicle,Unknown,Dark,07 - Dark,Municipal (excl. Twp. Rd.),Stop sign,Functioning,0,0,0,False,False,False,Rain,,False,BIEHN DR; BLACK WALNUT DR; At,3/4/2020 10:18:02 AM,,
44679,15-264531,1449776640000,2015,12,10,19,44,0,Thursday,542651.13715,4807349.31304,-80.473147,43.417826999999996,At intersection,1,Non-fatal injury,Within intersection,unknown,unknown,SMV other,Unknown,"Dark, artificial","08 - Dark, artificial",Municipal (excl. Twp. Rd.),Traffic signal,Functioning,0,0,0,True,False,False,Clear,,False,BLOCK LINE RD ; KINGSWOOD DR ; At,3/4/2020 10:18:01 AM,,
44680,15-264992,1449835380000,2015,12,11,12,3,0,Friday,541363.44273,4811187.79049,-80.488762,43.452461,Non intersection,2,P.D. only,Thru lane,unknown,unknown,Sideswipe,Unknown,Daylight,01 - Daylight,Municipal (excl. Twp. Rd.),Stop sign,Functioning,0,0,0,False,False,False,Clear,,False,ONTARIO ST N; WEBER ST W; 20 M,3/4/2020 10:18:01 AM,,
44681,15-265303,1449858600000,2015,12,11,18,30,0,Friday,541068.0,4811108.0,0.0,0.0,At/near private drive,2,P.D. only,Thru lane,unknown,unknown,Turning movement,Unknown,Dark,07 - Dark,Municipal (excl. Twp. Rd.),No control,unknown,0,0,0,False,False,False,Clear,,False,WILSON AVE ; WILSON AVE; At,3/4/2020 10:18:00 AM,,
44682,15-265761,1449786600000,2015,12,10,22,30,0,Thursday,541068.0,4811108.0,0.0,0.0,At/near private drive,2,P.D. only,Thru lane,unknown,unknown,Turning movement,Unknown,"Dark, artificial","08 - Dark, artificial",Municipal (excl. Twp. Rd.),No control,unknown,0,0,0,False,False,False,Clear,,False,WEST ACRES CRES; 7 WEST ACRES CRES; At,3/4/2020 10:17:59 AM,,
44683,15-266642,1450022580000,2015,12,13,16,3,0,Sunday,543989.50295,4807775.05139,-80.456581,43.421583,At intersection,1,Non-fatal injury,Within intersection,unknown,unknown,Angle,Unknown,Daylight,01 - Daylight,Municipal (excl. Twp. Rd.),Stop sign,Functioning,0,0,0,False,False,False,Rain,,False,VANIER DR ; SIEBERT AVE,3/4/2020 10:17:59 AM,,
44684,15-266954,1449873000000,2015,12,11,22,30,0,Friday,536439.07125,4809166.9467,-80.549759,43.434521,At/near private drive,2,P.D. only,Thru lane,unknown,unknown,SMV unattended vehicle,Unknown,"Dark, artificial","08 - Dark, artificial",Municipal (excl. Twp. Rd.),No control,unknown,0,0,0,False,False,False,Clear,,False,WINDWARD PL; 38 WINDWARD PL; At,3/4/2020 10:17:58 AM,,
44685,15-267092,1450094040000,2015,12,14,11,54,0,Monday,541264.52974,4811009.2637,-80.489998,43.450859,At intersection,2,P.D. only,Within intersection,unknown,unknown,Other,Unknown,Daylight,01 - Daylight,Municipal (excl. Twp. Rd.),Stop sign,Functioning,0,0,0,False,False,False,Clear,,False,ONTARIO ST N; GOUDIES LANE ; 0 M,3/4/2020 10:17:57 AM,,
44686,15-267199,1450054800000,2015,12,14,1,0,0,Monday,547354.73818,4808936.66381,-80.41490999999999,43.431837,Non intersection,1,Non-fatal injury,Left shoulder,unknown,unknown,SMV other,Unknown,"Dark, artificial","08 - Dark, artificial",Municipal (excl. Twp. Rd.),No control,unknown,0,0,0,False,False,False,"Fog, mist, smoke, dust",,False,MORRISON RD ; GRAND RIVER BLVD ; 10 M,3/7/2019 2:26:37 PM,,
44687,15-267393,1450108620000,2015,12,14,15,57,0,Monday,544560.24582,4811738.93347,-80.449207,43.45724,Intersection related,1,Non-fatal injury,Thru lane,unknown,unknown,Rear end,Unknown,Dusk,05 - Dusk,Regional municipality,Traffic signal,Functioning,0,0,0,False,False,False,Rain,,False,RIVER RD E; LORRAINE AVE,3/4/2020 10:17:57 AM,,
44688,15-267799,1450170780000,2015,12,15,9,13,0,Tuesday,540148.29687,4810119.03126,-80.50385899999999,43.442904,Intersection related,1,Non-fatal injury,Thru lane,unknown,unknown,Rear end,Unknown,Daylight,01 - Daylight,Municipal (excl. Twp. Rd.),No control,unknown,0,0,0,False,False,False,Clear,,False,WEST AVE ; HOMEWOOD AVE ; At,3/4/2020 10:17:56 AM,,
44689,15-267848,1450173480000,2015,12,15,9,58,0,Tuesday,547735.35643,4803663.56279,-80.410668,43.384333999999996,At/near private drive,2,P.D. only,Thru lane,unknown,unknown,Turning movement,Unknown,Daylight,01 - Daylight,Regional municipality,No control,unknown,0,0,0,False,False,False,Clear,,False,CONESTOGA COLLEGE BLVD;  CONESTOGA COLLEGE BLVD; Near; 50 M,3/4/2020 10:17:55 AM,,
44690,15-267901,1450177800000,2015,12,15,11,10,0,Tuesday,541232.28848,4810949.31534,-80.49040099999999,43.450320999999995,Non intersection,1,Non-fatal injury,Thru lane,unknown,unknown,Sideswipe,Unknown,Daylight,01 - Daylight,Municipal (excl. Twp. Rd.),Traffic signal,Functioning,0,0,0,False,False,False,Clear,,False,KING ST W; ONTARIO ST S; 21 M,3/4/2020 10:17:55 AM,,
44691,15-268041,1450166400000,2015,12,15,8,0,0,Tuesday,541630.88003,4810554.60932,-80.485505,43.446745,Non intersection,2,Non-reportable,Thru lane,unknown,unknown,SMV unattended vehicle,Unknown,Daylight,01 - Daylight,Regional municipality,No control,unknown,0,0,0,False,False,False,Clear,,False,EBY ST S; CHARLES ST E,3/4/2020 10:17:54 AM,,
44692,15-268194,1450164600000,2015,12,15,7,30,0,Tuesday,545042.35082,4812539.01204,-80.443182,43.464414999999995,At/near private drive,2,P.D. only,Thru lane,unknown,unknown,Other,Unknown,Dawn,03 - Dawn,Municipal (excl. Twp. Rd.),No control,unknown,0,0,0,False,False,False,Clear,,False,HERITAGE DR; 232 HERITAGE DR; At; 1 M,3/4/2020 10:17:53 AM,,
44693,15-268568,1450256400000,2015,12,16,9,0,0,Wednesday,543381.35575,4808535.43879,-80.464033,43.428464999999996,Non intersection,2,Non-reportable,Thru lane,unknown,unknown,Rear end,Unknown,Daylight,01 - Daylight,Municipal (excl. Twp. Rd.),No control,unknown,0,0,0,False,False,False,"Fog, mist, smoke, dust",,False,VANIER DR; WALTON AVE; Near,3/4/2020 10:17:53 AM,,
44694,15-268746,1450275720000,2015,12,16,14,22,0,Wednesday,541343.38192,4809062.17561,-80.489171,43.433323,At intersection,2,P.D. only,Within intersection,unknown,unknown,Angle,Unknown,Daylight,01 - Daylight,Municipal (excl. Twp. Rd.),Stop sign,Functioning,0,0,0,False,False,False,Rain,,False,HIGHLAND RD E; HEIMAN ST,3/4/2020 10:17:52 AM,,
44695,15-269377,1450360620000,2015,12,17,13,57,0,Thursday,545793.93096,4808623.02011,-80.43422,43.42911,Intersection related,1,Non-fatal injury,Left turn lane,unknown,unknown,Turning movement,Unknown,Daylight,01 - Daylight,Regional municipality,Stop sign,Functioning,0,0,0,False,False,False,Clear,,False,MORGAN AVE; KING ST E; At; 2 M,3/4/2020 10:17:51 AM,,
44696,15-269480,1450368540000,2015,12,17,16,9,0,Thursday,541068.0,4811108.0,0.0,0.0,At intersection,2,P.D. only,Within intersection,unknown,unknown,Turning movement,Unknown,Dusk,05 - Dusk,Regional municipality,Stop sign,Functioning,0,0,0,False,False,False,Clear,,False,BLOCK LINE RD; LENNOX LEWIS WAY,3/4/2020 10:17:51 AM,,
44697,15-269533,1450373280000,2015,12,17,17,28,0,Thursday,542510.9039,4810190.04379,-80.47465799999999,43.443413,At/near private drive,2,P.D. only,Not on roadway - right side,unknown,unknown,SMV other,Unknown,"Dusk, artificial","06 - Dusk, artificial",Municipal (excl. Twp. Rd.),No control,unknown,0,0,0,False,False,False,Clear,,False,DANE ST ; 10 DANE ST; 10 M,3/4/2020 10:17:50 AM,,
44698,15-269821,1450422420000,2015,12,18,7,7,0,Friday,545433.51983,4808342.59496,-80.438696,43.426607,At intersection,1,Non-fatal injury,Within intersection,unknown,unknown,SMV other,Unknown,Dawn,03 - Dawn,Municipal (excl. Twp. Rd.),Stop sign,Functioning,0,0,0,True,False,False,Clear,,False,KINGSWAY DR; CEDARWOODS CRES; At,3/4/2020 10:17:49 AM,,
44699,15-270045,1450365060000,2015,12,17,15,11,0,Thursday,543869.47393,4805578.92167,-80.45823999999999,43.401816,At/near private drive,2,P.D. only,Thru lane,unknown,unknown,Turning movement,Unknown,Daylight,01 - Daylight,Municipal (excl. Twp. Rd.),No control,unknown,0,0,0,False,False,False,Clear,,False,BEASLEY DR; BEASLEY DR ; At,3/4/2020 10:17:49 AM,,
44700,15-270308,1450466460000,2015,12,18,19,21,0,Friday,546086.30372,4809462.97564,-80.430537,43.436654999999995,Non intersection,1,Non-fatal injury,Thru lane,unknown,unknown,Rear end,Unknown,"Dark, artificial","08 - Dark, artificial",Regional municipality,No control,unknown,0,0,0,False,False,False,Clear,,False,RIVER RD E; KINZIE AVE; 55 M,3/4/2020 10:17:48 AM,,
44701,15-270454,1450479600000,2015,12,18,23,0,0,Friday,542529.66546,4809422.1716,-80.474486,43.436498,Intersection related,1,Non-fatal injury,Not on roadway - right side,unknown,unknown,SMV other,Unknown,"Dark, artificial","08 - Dark, artificial",Municipal (excl. Twp. Rd.),Stop sign,Functioning,0,0,0,False,False,False,Snow,,False,SYDNEY ST S; BEDFORD RD ; Near; 1 M,3/4/2020 10:17:47 AM,,
44702,15-270510,1450482900000,2015,12,18,23,55,0,Friday,545850.25525,4809755.7927,-80.43342899999999,43.439305999999995,Intersection related,2,P.D. only,Not on roadway - right side,unknown,unknown,SMV other,Unknown,Dark,07 - Dark,Regional municipality,Traffic signal,Functioning,0,0,0,False,False,False,Snow,,False,OLD CHICOPEE DR ; RIVER RD E; At,3/4/2020 10:17:47 AM,,
44703,15-270515,1450484040000,2015,12,19,0,14,0,Saturday,541231.24683,4810947.64305,-80.490414,43.450306,At intersection,2,P.D. only,Thru lane,unknown,unknown,Rear end,Unknown,"Dark, artificial","08 - Dark, artificial",Regional municipality,Traffic signal,Functioning,0,0,0,False,False,False,Snow,,False,KING ST W; ONTARIO ST N,3/4/2020 10:17:46 AM,,
44704,15-270567,1450489440000,2015,12,19,1,44,0,Saturday,541068.0,4811108.0,0.0,0.0,Non intersection,2,P.D. only,Not on roadway - right side,unknown,unknown,SMV other,Unknown,"Dark, artificial","08 - Dark, artificial",Municipal (excl. Twp. Rd.),No control,unknown,0,0,0,False,False,False,Clear,,False,JUBILEE DR; THERESA ST; 100 M,3/4/2020 10:17:45 AM,,
44705,15-270596,1450493940000,2015,12,19,2,59,0,Saturday,541105.92343,4812457.75913,-80.491849,43.46391,Non intersection,2,P.D. only,Not on roadway - right side,unknown,unknown,SMV other,Unknown,"Dark, artificial","08 - Dark, artificial",Regional municipality,No control,unknown,0,0,0,False,False,False,Snow,,False,GUELPH ST ; 528 GUELPH ST ; At; 3 M,3/4/2020 10:17:45 AM,,
44706,15-270626,1450501140000,2015,12,19,4,59,0,Saturday,543136.62455,4806540.76393,-80.467214,43.410519,Intersection related,2,P.D. only,Thru lane,unknown,unknown,SMV other,Unknown,"Dark, artificial","08 - Dark, artificial",Municipal (excl. Twp. Rd.),Stop sign,Functioning,0,0,0,False,False,False,Clear,,False,COUNTRY HILL DR ; CENTURY HILL DR; At,3/4/2020 10:17:44 AM,,
44707,15-270689,1450480500000,2015,12,18,23,15,0,Friday,539359.72166,4807743.23562,-80.513775,43.421554,Non intersection,2,P.D. only,Thru lane,unknown,unknown,Sideswipe,Unknown,"Dark, artificial","08 - Dark, artificial",Municipal (excl. Twp. Rd.),No control,unknown,0,0,0,False,False,False,Snow,,False,GREENBROOK DR; GREENBROOK DR ; At; 5 M,3/4/2020 10:17:43 AM,,
44708,15-270691,1450474200000,2015,12,18,21,30,0,Friday,541068.0,4811108.0,0.0,0.0,Intersection related,2,P.D. only,Thru lane,unknown,unknown,Sideswipe,Unknown,Dark,07 - Dark,Municipal (excl. Twp. Rd.),No control,unknown,0,0,0,False,False,False,Snow,,False,WILSON AVE; WABANAKI DR; Near,3/4/2020 10:17:43 AM,,
44709,15-270809,1450524600000,2015,12,19,11,30,0,Saturday,544233.86838,4804084.30735,-80.453861,43.388337,Non intersection,2,P.D. only,Thru lane,unknown,unknown,Turning movement,Unknown,Daylight,01 - Daylight,Municipal (excl. Twp. Rd.),No control,unknown,0,0,0,False,False,False,Clear,,False,ROBERTSON CRES ; ROBERTSON CRES; At,3/4/2020 10:17:42 AM,,
44710,15-270820,1450527240000,2015,12,19,12,14,0,Saturday,541141.12467,4809008.62908,-80.491674,43.432852,Non intersection,2,P.D. only,Not on roadway - left side,unknown,unknown,SMV other,Unknown,Daylight,01 - Daylight,Municipal (excl. Twp. Rd.),No control,unknown,0,0,0,False,False,False,Snow,,False,LORNE AVE; GOTTSCHEER CRT ; 30 M,3/4/2020 10:17:41 AM,,
44711,15-270872,1450476900000,2015,12,18,22,15,0,Friday,542109.37314,4807128.45331,-80.479856,43.415869,Intersection related,2,P.D. only,Thru lane,unknown,unknown,Rear end,Unknown,"Dark, artificial","08 - Dark, artificial",Municipal (excl. Twp. Rd.),Traffic signal,Functioning,0,0,0,False,False,False,Snow,,False,BLOCK LINE RD; STRASBURG RD; Near,3/4/2020 10:17:41 AM,,
44712,15-270892,1450530000000,2015,12,19,13,0,0,Saturday,543869.10528,4805062.26333,-80.458286,43.397164,Intersection related,2,P.D. only,Right shoulder,unknown,unknown,SMV unattended vehicle,Unknown,Daylight,01 - Daylight,Municipal (excl. Twp. Rd.),No control,unknown,0,0,0,False,False,False,Snow,,False,MAXWELL DR; OLD HURRON RD; Near,3/4/2020 10:17:40 AM,,
44713,15-270902,1450534500000,2015,12,19,14,15,0,Saturday,537091.84664,4806744.61951,-80.54185799999999,43.412678,At/near private drive,2,P.D. only,Thru lane,unknown,unknown,Angle,Unknown,Daylight,01 - Daylight,Municipal (excl. Twp. Rd.),No control,unknown,0,0,0,False,False,False,Clear,,False,CEDAR CREST ST; CEDAR CREST ST ; Near,3/4/2020 10:17:39 AM,,
44714,15-270932,1450482300000,2015,12,18,23,45,0,Friday,541068.0,4811108.0,0.0,0.0,Intersection related,2,P.D. only,Thru lane,unknown,unknown,Rear end,Unknown,"Dark, artificial","08 - Dark, artificial",Municipal (excl. Twp. Rd.),Stop sign,Functioning,0,0,0,False,False,False,Clear,,False,STRASBURG RD; OLD COUNTRY DR; At,3/4/2020 10:17:39 AM,,
44715,15-270955,1450542960000,2015,12,19,16,36,0,Saturday,541068.0,4811108.0,0.0,0.0,At/near private drive,2,P.D. only,Thru lane,unknown,unknown,Turning movement,Unknown,Dark,07 - Dark,Municipal (excl. Twp. Rd.),Stop sign,Functioning,0,0,0,False,False,False,Snow,,False,GATEWAY PARK DR ; KING ST E; 6 M,3/4/2020 10:17:38 AM,,
44716,15-270999,1450550040000,2015,12,19,18,34,0,Saturday,544048.39668,4808884.49684,-80.455764,43.431568999999996,Intersection related,2,P.D. only,Not on roadway - right side,unknown,unknown,SMV other,Unknown,"Dark, artificial","08 - Dark, artificial",Municipal (excl. Twp. Rd.),No control,unknown,0,0,0,False,False,False,Snow,,False,CONNAUGHT ST ; THIRD AVE; At,3/4/2020 10:17:37 AM,,
44717,15-271091,1450561440000,2015,12,19,21,44,0,Saturday,541068.0,4811108.0,0.0,0.0,Non intersection,2,P.D. only,Other,unknown,unknown,SMV unattended vehicle,Unknown,"Dark, artificial","08 - Dark, artificial",Municipal (excl. Twp. Rd.),No control,unknown,0,0,0,False,False,False,Clear,,False,MONTANA CRES ; MONTANA CRES.; At; 1 M,3/4/2020 10:17:37 AM,,
44718,15-271253,1450581720000,2015,12,20,3,22,0,Sunday,541011.08647,4810215.07209,-80.49319,43.443722,Intersection related,1,Non-fatal injury,Not on roadway - left side,unknown,unknown,SMV other,Unknown,"Dark, artificial","08 - Dark, artificial",Municipal (excl. Twp. Rd.),No control,unknown,0,0,0,False,False,False,Clear,,False,BENTON ST; BRUDER AVE ; At; 1.5 M,3/4/2020 10:17:36 AM,,
44719,15-271420,1450517400000,2015,12,19,9,30,0,Saturday,545876.97344,4803595.37966,-80.433616,43.383835999999995,Non intersection,2,P.D. only,Off highway,unknown,unknown,SMV other,Unknown,Daylight,01 - Daylight,Municipal (excl. Twp. Rd.),No control,unknown,0,0,0,False,False,False,Snow,,False,FISCHER CRT; PINE VALLEY DR ; 100 M,3/4/2020 10:17:35 AM,,
44720,15-271503,1450422900000,2015,12,18,7,15,0,Friday,544291.89311,4808781.13801,-80.452764,43.430623999999995,At/near private drive,2,P.D. only,Right shoulder,unknown,unknown,SMV unattended vehicle,Unknown,Dark,07 - Dark,Municipal (excl. Twp. Rd.),No control,unknown,0,0,0,False,False,False,Clear,,False,CONNAUGHT ST; CONNAUGHT ST ; At,3/4/2020 10:17:35 AM,,
44721,15-271694,1450648500000,2015,12,20,21,55,0,Sunday,546198.96896,4803653.43758,-80.429636,43.384339,At/near private drive,2,P.D. only,Not on roadway - right side,unknown,unknown,SMV other,Unknown,"Dark, artificial","08 - Dark, artificial",Municipal (excl. Twp. Rd.),No control,unknown,0,0,0,False,False,False,Clear,,False,DOON MILLS DR ; 74 DOON MILLS DR; 0 M,3/4/2020 10:17:34 AM,,