OBJECTID,ACCIDENTNUM,ACCIDENTDATE,ACCIDENT_YEAR,ACCIDENT_MONTH,ACCIDENT_DAY,ACCIDENT_HOUR,ACCIDENT_MINUTE,ACCIDENT_SECOND,ACCIDENT_WEEKDAY,XCOORD,YCOORD,LONGITUDE,LATITUDE,ACCIDENTLOCATION,COLLISIONTYPE,CLASSIFICATIONOFACCIDENT,IMPACTLOCATION,INITIALDIRECTIONOFTRAVELONE,INITIALDIRECTIONOFTRAVELTWO,INITIALIMPACTTYPE,INTTRAFFICCONTROL,LIGHT,LIGHTFORREPORT,ROADJURISDICTION,TRAFFICCONTROL,TRAFFICCONTROLCONDITION,THRULANENO,NORTHBOUNDDISOBEYCOUNT,SOUTHBOUNDDISOBEYCOUNT,PEDESTRIANINVOLVED,CYCLISTINVOLVED,MOTORCYCLISTINVOLVED,ENVIRONMENTCONDITION1,ENVIRONMENTCONDITION2,SELFREPORTED,XMLIMPORTNOTES,LASTEDITEDDATE,CREATE_BY,CREATE_DATE
44722,15-271863,1450688880000,2015,12,21,9,8,0,Monday,545329.92458,4806448.0733,-80.440133,43.409555,Non intersection,2,P.D. only,Thru lane,unknown,unknown,Sideswipe,Unknown,Daylight,01 - Daylight,Municipal (excl. Twp. Rd.),No control,unknown,0,0,0,False,False,False,Rain,,False,WABANAKI DR; WILSON AVE ; 100 M,3/4/2020 10:17:33 AM,,
44723,15-272011,1450703700000,2015,12,21,13,15,0,Monday,545850.25525,4809755.7927,-80.43342899999999,43.439305999999995,At intersection,2,P.D. only,Within intersection,unknown,unknown,Rear end,Unknown,Daylight,01 - Daylight,Municipal (excl. Twp. Rd.),Traffic signal,Functioning,0,0,0,False,False,False,Rain,,False,RIVER RD E; OLD CHICOPEE DR; At,3/4/2020 10:17:33 AM,,
44724,15-272151,1450716000000,2015,12,21,16,40,0,Monday,542481.07861,4806636.67239,-80.475303,43.41142,Intersection related,2,P.D. only,Thru lane,unknown,unknown,Rear end,Unknown,"Dark, artificial","08 - Dark, artificial",Municipal (excl. Twp. Rd.),No control,unknown,0,0,0,False,False,False,Rain,,False,STRASBURG RD; OLD COUNTRY DRIVE; Near; 50 M,3/4/2020 10:17:32 AM,,
44725,15-272153,1450714800000,2015,12,21,16,20,0,Monday,543203.72507,4804493.78495,-80.46654699999999,43.392084,At intersection,2,P.D. only,Within intersection,unknown,unknown,Rear end,Unknown,"Dusk, artificial","06 - Dusk, artificial",Regional municipality,Yield sign,Functioning,0,0,0,False,False,False,Rain,,False,STRASBURG RD ; HURON RD,3/4/2020 10:17:31 AM,,
44726,15-272188,1450623600000,2015,12,20,15,0,0,Sunday,541068.0,4811108.0,0.0,0.0,Non intersection,2,P.D. only,Right shoulder,unknown,unknown,SMV unattended vehicle,Unknown,Daylight,01 - Daylight,Municipal (excl. Twp. Rd.),No control,unknown,0,0,0,False,False,False,Clear,,False,RALGREEN CRES; RALGREEN CRES ; At,3/4/2020 10:17:31 AM,,
44727,15-272190,1450548000000,2015,12,19,18,0,0,Saturday,541068.0,4811108.0,0.0,0.0,Non intersection,2,P.D. only,Thru lane,unknown,unknown,SMV unattended vehicle,Unknown,Dark,07 - Dark,Municipal (excl. Twp. Rd.),No control,unknown,0,0,0,False,False,False,Clear,,False,MANOR DR; MANOR DR; Near,3/4/2020 10:17:30 AM,,
44728,15-272202,1450719600000,2015,12,21,17,40,0,Monday,541581.60083,4803998.15929,-80.48661299999999,43.387713,Non intersection,2,P.D. only,Not on roadway - right side,unknown,unknown,SMV other,Unknown,Dark,07 - Dark,Municipal (excl. Twp. Rd.),No control,unknown,0,0,0,False,False,False,Rain,,False,SEABROOK DR; 19 SEABROOK DR; At; 2 M,3/4/2020 10:17:29 AM,,
44729,15-272356,1450736640000,2015,12,21,22,24,0,Monday,543072.27406,4805497.15719,-80.468091,43.401126,At intersection,2,P.D. only,Within intersection,unknown,unknown,Angle,Unknown,Dark,07 - Dark,Municipal (excl. Twp. Rd.),Stop sign,Functioning,0,0,0,False,False,False,Rain,,False,TRILLIUM DR; STRASBURG RD,3/4/2020 10:17:29 AM,,
44730,15-272581,1450777740000,2015,12,22,9,49,0,Tuesday,541342.57086,4810659.56513,-80.48906,43.447706,At intersection,1,Non-fatal injury,Within intersection,unknown,unknown,Angle,Unknown,Daylight,01 - Daylight,Regional municipality,Stop sign,Functioning,0,0,0,False,False,False,"Fog, mist, smoke, dust",,False,BENTON ST; CHURCH ST,3/4/2020 10:17:28 AM,,
44731,15-272660,1450784640000,2015,12,22,11,44,0,Tuesday,545270.88419,4807765.75704,-80.440753,43.421423,At/near private drive,2,P.D. only,Thru lane,unknown,unknown,Turning movement,Unknown,Daylight,01 - Daylight,Regional municipality,No control,unknown,0,0,0,False,False,False,Clear,,False,WILSON AVE ; FAIRWAY RD S; 40 M,3/4/2020 10:17:27 AM,,
44732,15-272750,1450780200000,2015,12,22,10,30,0,Tuesday,542944.36242,4811340.61435,-80.469211,43.453748,At intersection,2,P.D. only,Thru lane,unknown,unknown,Angle,Unknown,Daylight,01 - Daylight,Municipal (excl. Twp. Rd.),Stop sign,Functioning,0,0,0,False,False,False,Rain,,False,KRUG ST; DUMFRIES AVE; At,3/4/2020 10:17:27 AM,,
44733,15-272979,1450812420000,2015,12,22,19,27,0,Tuesday,542351.1089,4805710.49665,-80.47698,43.403088,Non intersection,2,P.D. only,Right shoulder,unknown,unknown,SMV other,Unknown,"Dusk, artificial","06 - Dusk, artificial",Municipal (excl. Twp. Rd.),No control,unknown,0,0,0,False,False,False,Clear,,False,MCINTYRE DR ; TRILLIUM DR ; 1 K,3/4/2020 10:17:26 AM,,
44734,15-273025,1450452600000,2015,12,18,15,30,0,Friday,540173.47102,4809411.50036,-80.5036,43.436532,Intersection related,1,Non-fatal injury,Thru lane,unknown,unknown,Rear end,Unknown,Daylight,01 - Daylight,Regional municipality,Traffic signal,Functioning,0,0,0,False,False,False,Clear,,False,BELMONT AVE E; QUEENS BLVD; At,3/4/2020 10:17:26 AM,,
44735,15-273533,1450879200000,2015,12,23,14,0,0,Wednesday,543897.49826,4810964.70127,-80.457461,43.450308,Non intersection,2,P.D. only,Thru lane,unknown,unknown,Other,Unknown,Daylight,01 - Daylight,Municipal (excl. Twp. Rd.),No control,unknown,0,0,0,False,False,False,Clear,,False,MANCHESTER RD; MANCHESTER RD ; Near,3/4/2020 10:17:25 AM,,
44736,15-273630,1450893600000,2015,12,23,18,0,0,Wednesday,539525.82601,4811458.97032,-80.511454,43.455002,At intersection,2,P.D. only,Within intersection,unknown,unknown,Sideswipe,Unknown,"Daylight, artificial","02 - Daylight, artificial",Municipal (excl. Twp. Rd.),No control,unknown,0,0,0,False,False,False,Clear,,False,PARK ST; GILDNER ST ; At,3/4/2020 10:17:24 AM,,
44737,15-274193,1450972140000,2015,12,24,15,49,0,Thursday,545256.50203,4807761.66234,-80.44093099999999,43.421386999999996,At/near private drive,2,P.D. only,Thru lane,unknown,unknown,Turning movement,Unknown,Daylight,01 - Daylight,Municipal (excl. Twp. Rd.),No control,unknown,0,0,0,False,False,False,Clear,,False,WILSON AVE; FAIRWAY RD S; Near; 30 M,3/4/2020 10:17:24 AM,,
44738,15-274452,1451021100000,2015,12,25,5,25,0,Friday,541068.0,4811108.0,0.0,0.0,Non intersection,1,Non-fatal injury,Not on roadway - right side,unknown,unknown,SMV other,Unknown,"Dawn, artificial","04 - Dawn, artificial",Regional municipality,No control,unknown,0,0,0,False,False,False,Clear,,False,STIRLING AVE S; STIRLING AVE S; 1 M,3/4/2020 10:17:23 AM,,
44739,15-274528,1450935000000,2015,12,24,5,30,0,Thursday,537349.26555,4809589.29067,-80.538484,43.438279,Other,2,P.D. only,Off highway,unknown,unknown,SMV unattended vehicle,Unknown,Dark,07 - Dark,Private property,No control,unknown,0,0,0,False,False,False,Clear,,False,PRIVATE DRIVE; STOKE DR,3/4/2020 10:17:22 AM,,
44740,15-274980,1450890900000,2015,12,23,17,15,0,Wednesday,541068.0,4811108.0,0.0,0.0,At/near private drive,2,P.D. only,Thru lane,unknown,unknown,Sideswipe,Unknown,Daylight,01 - Daylight,Municipal (excl. Twp. Rd.),No control,unknown,0,0,0,False,False,False,Clear,,False,KINGSWAY DR; 2960 KINGSWAY DR; At,3/4/2020 10:17:22 AM,,
44741,15-274981,1450962600000,2015,12,24,13,10,0,Thursday,541068.0,4811108.0,0.0,0.0,Intersection related,2,P.D. only,Thru lane,unknown,unknown,Sideswipe,Unknown,Daylight,01 - Daylight,Municipal (excl. Twp. Rd.),Stop sign,Functioning,0,0,0,False,False,False,Clear,,False,MOUNTAIN LAUREL CRES; BERRY MOSS ST; At,3/4/2020 10:17:21 AM,,
44742,15-275279,1451168460000,2015,12,26,22,21,0,Saturday,541874.72016,4810744.81306,-80.482477,43.448443999999995,At intersection,2,P.D. only,Within intersection,unknown,unknown,Angle,Unknown,Dark,07 - Dark,Municipal (excl. Twp. Rd.),Stop sign,Functioning,0,0,0,False,False,False,Rain,,False,CEDAR ST N; DUKE ST E; At,3/4/2020 10:17:20 AM,,
44743,15-275362,1451178960000,2015,12,27,1,16,0,Sunday,541068.0,4811108.0,0.0,0.0,At/near private drive,2,P.D. only,Thru lane,unknown,unknown,SMV unattended vehicle,Unknown,Dark,07 - Dark,Municipal (excl. Twp. Rd.),No control,unknown,0,0,0,False,False,False,Rain,,False,YARROW CRT; 3 YARROW CRT; Near; 5 M,3/4/2020 10:17:20 AM,,
44744,15-275530,1450980000000,2015,12,24,18,0,0,Thursday,541068.0,4811108.0,0.0,0.0,At/near private drive,2,P.D. only,Thru lane,unknown,unknown,SMV unattended vehicle,Unknown,"Dark, artificial","08 - Dark, artificial",Municipal (excl. Twp. Rd.),No control,unknown,0,0,0,False,False,False,Clear,,False,NORTHMANOR CRES; 208 NORTHMANOR CRES; Near,3/4/2020 10:17:19 AM,,
44745,15-275571,1451160000000,2015,12,26,20,0,0,Saturday,539515.46684,4805559.14481,-80.51200899999999,43.40188,Non intersection,2,P.D. only,Thru lane,unknown,unknown,SMV unattended vehicle,Unknown,Dark,07 - Dark,Municipal (excl. Twp. Rd.),No control,unknown,0,0,0,False,False,False,Clear,,False,PERIWINKLE ST; 156 PERIWINKLE ST; At; 2 M,3/4/2020 10:17:18 AM,,
44746,15-276138,1450554300000,2015,12,19,19,45,0,Saturday,542291.01138,4803927.7084,-80.47785999999999,43.387039,At/near private drive,2,P.D. only,Thru lane,unknown,unknown,Other,Unknown,Dark,07 - Dark,Municipal (excl. Twp. Rd.),No control,unknown,0,0,0,False,False,False,Clear,,False,MAITLAND ST; MAITLAND ST ; Near,3/4/2020 10:17:18 AM,,
44747,15-276193,1451311560000,2015,12,28,14,6,0,Monday,544755.20741,4808023.08978,-80.447102,43.423770999999995,At intersection,2,P.D. only,Within intersection,unknown,unknown,Angle,Unknown,Daylight,01 - Daylight,Municipal (excl. Twp. Rd.),Traffic signal,Functioning,0,0,1,False,False,False,Clear,,False,TRAYNOR AVE ; WILSON AVE ; At,3/4/2020 10:17:17 AM,,
44748,15-276454,1451339040000,2015,12,28,21,44,0,Monday,545611.40903,4807939.97412,-80.436532,43.422971,At/near private drive,2,P.D. only,Thru lane,unknown,unknown,SMV other,Unknown,"Dusk, artificial","06 - Dusk, artificial",Regional municipality,No control,unknown,0,0,0,False,False,False,Snow,,False,FAIRWAY RD S; 200 FAIRWAY RD S; 10 M,3/4/2020 10:17:16 AM,,
44749,15-276594,1451326500000,2015,12,28,18,15,0,Monday,541068.0,4811108.0,0.0,0.0,Intersection related,2,P.D. only,Left turn lane,unknown,unknown,Turning movement,Unknown,Dark,07 - Dark,Municipal (excl. Twp. Rd.),Stop sign,Functioning,0,0,0,False,False,False,Snow,,False,LENNOX LEWIS WAY; BLOCK LINE RD; At,3/4/2020 10:17:16 AM,,
44750,15-276620,1451327400000,2015,12,28,18,30,0,Monday,541068.0,4811108.0,0.0,0.0,Non intersection,2,P.D. only,Thru lane,unknown,unknown,Rear end,Unknown,Daylight,01 - Daylight,Regional municipality,No control,unknown,0,0,0,False,False,False,Snow,,False,KING ST E; OTTAWA ST N; Near,3/4/2020 10:17:15 AM,,
44751,15-277072,1451379600000,2015,12,29,9,0,0,Tuesday,541068.0,4811108.0,0.0,0.0,At/near private drive,2,P.D. only,Thru lane,unknown,unknown,SMV unattended vehicle,Unknown,Daylight,01 - Daylight,Municipal (excl. Twp. Rd.),No control,unknown,0,0,0,False,False,False,Clear,,False,PATHFINDER CRES; PATHFINDER CRES ; Near,3/4/2020 10:17:14 AM,,
44752,15-277094,1451419200000,2015,12,29,20,0,0,Tuesday,541068.0,4811108.0,0.0,0.0,At/near private drive,2,P.D. only,Thru lane,unknown,unknown,SMV unattended vehicle,Unknown,"Dark, artificial","08 - Dark, artificial",Municipal (excl. Twp. Rd.),No control,unknown,0,0,0,False,False,False,Clear,,False,ROLLING MEADOWS DR; 30 ROLLING MEADOWS DR,3/4/2020 10:17:14 AM,,
44753,15-277447,1451481600000,2015,12,30,13,20,0,Wednesday,544742.40339,4810001.79455,-80.447098,43.441587999999996,At intersection,2,P.D. only,Within intersection,unknown,unknown,Turning movement,Stop sign,Daylight,01 - Daylight,Municipal (excl. Twp. Rd.),Stop sign,Functioning,0,0,0,False,False,False,Rain,,False,FRANKLIN ST N; KENNETH AVE,3/4/2020 10:17:13 AM,,
44754,15-277896,1451556000000,2015,12,31,10,0,0,Thursday,541068.0,4811108.0,0.0,0.0,At/near private drive,2,P.D. only,Thru lane,unknown,unknown,Turning movement,Unknown,Daylight,01 - Daylight,Municipal (excl. Twp. Rd.),No control,unknown,0,0,0,False,False,False,Clear,,False,BELMONT AVE W; 535 BELMONT AV W; 2 M,3/4/2020 10:17:12 AM,,
44755,15-277936,1451487600000,2015,12,30,15,0,0,Wednesday,540420.65219,4809584.56662,-80.50053299999999,43.438077,At/near private drive,2,P.D. only,Thru lane,unknown,unknown,Turning movement,Unknown,Daylight,01 - Daylight,Municipal (excl. Twp. Rd.),Ped. crossover,Functioning,0,0,0,False,False,False,Clear,,False,QUEENS BLVD; QUEENS BLVD,3/4/2020 10:17:12 AM,,
44756,15-278126,1451577360000,2015,12,31,15,56,0,Thursday,544931.9514,4808212.95847,-80.444903,43.42547,At/near private drive,2,P.D. only,Thru lane,unknown,unknown,Turning movement,Unknown,Daylight,01 - Daylight,Regional municipality,Stop sign,Functioning,0,0,0,False,False,False,Clear,,False,GREENFIELD AVE; 518 GRENFIELD AVE; Near; 3 M,3/4/2020 10:17:11 AM,,
44757,16-000325,1451651460000,2016,1,1,12,31,0,Friday,536335.84687,4808962.81654,-80.551048,43.432688,Non intersection,2,P.D. only,Thru lane,unknown,unknown,SMV unattended vehicle,Unknown,Daylight,01 - Daylight,Municipal (excl. Twp. Rd.),No control,unknown,0,0,0,False,False,False,Snow,,False,HUCK CRES; 294 HUCK CR; At; 0 M,3/4/2020 10:17:10 AM,,
44758,16-000330,1451610000000,2016,1,1,1,0,0,Friday,539812.23533,4805644.29432,-80.508338,43.402631,At/near private drive,2,P.D. only,Thru lane,unknown,unknown,SMV unattended vehicle,Unknown,"Dark, artificial","08 - Dark, artificial",Municipal (excl. Twp. Rd.),No control,unknown,0,0,0,False,False,False,Clear,,False,COPPER LEAF CRES; COPPER LEAF CRES,3/4/2020 10:17:10 AM,,
44759,16-000393,1451652600000,2016,1,1,12,50,0,Friday,538935.48118,4807836.61942,-80.519009,43.422416999999996,Non intersection,2,P.D. only,Right shoulder,unknown,unknown,SMV other,Unknown,Daylight,01 - Daylight,Municipal (excl. Twp. Rd.),No control,unknown,0,0,0,False,False,False,Snow,,False,FOREST GLEN CRES; FORESTWOOD DR; 200 M,3/4/2020 10:17:09 AM,,
44760,16-000423,1451661900000,2016,1,1,15,25,0,Friday,538616.61878,4808812.00789,-80.522879,43.431216,Non intersection,1,Non-fatal injury,Thru lane,unknown,unknown,Sideswipe,Unknown,Daylight,01 - Daylight,Municipal (excl. Twp. Rd.),No control,unknown,0,0,0,False,False,False,Clear,,False,OVERLEA DR; OVERLEA CRES ; 20 M,3/4/2020 10:17:08 AM,,
44761,16-000511,1451672400000,2016,1,1,18,20,0,Friday,541068.0,4811108.0,0.0,0.0,Non intersection,1,Non-fatal injury,Not on roadway - right side,unknown,unknown,SMV other,Unknown,"Dark, artificial","08 - Dark, artificial",Municipal (excl. Twp. Rd.),No control,unknown,0,0,0,False,False,False,Snow,,False,BIRCH AVE; 55 BIRCH AVE ; At; 5 M,3/4/2020 10:17:08 AM,,
44762,16-000523,1451674200000,2016,1,1,18,50,0,Friday,537591.19453,4808596.2002,-80.535563,43.429325,Non intersection,2,P.D. only,Thru lane,unknown,unknown,SMV unattended vehicle,Unknown,Dark,07 - Dark,Regional municipality,No control,unknown,0,0,0,False,False,False,Snow,,False,BANKSIDE DR; BANKSIDE CRES ; Near; 15 M,3/4/2020 10:17:07 AM,,
44763,16-000912,1451678400000,2016,1,1,20,0,0,Friday,541068.0,4811108.0,0.0,0.0,Intersection related,1,Non-fatal injury,Thru lane,unknown,unknown,Rear end,Unknown,"Dark, artificial","08 - Dark, artificial",Municipal (excl. Twp. Rd.),Traffic signal,Functioning,0,0,0,False,False,False,Snow,,False,FRANKLIN ST S; KINGSWAY DR; Near,3/4/2020 10:17:06 AM,,
44764,16-001240,1451777640000,2016,1,2,23,34,0,Saturday,541068.0,4811108.0,0.0,0.0,Non intersection,2,P.D. only,Not on roadway - left side,unknown,unknown,SMV other,Unknown,Dark,07 - Dark,Municipal (excl. Twp. Rd.),No control,unknown,0,0,0,False,False,False,Snow,,False,OLYMPIC DR; PATTADON AV; 50 M,3/4/2020 10:17:05 AM,,
44765,16-001272,1451781600000,2016,1,3,0,40,0,Sunday,541068.0,4811108.0,0.0,0.0,At/near private drive,2,P.D. only,Thru lane,unknown,unknown,SMV unattended vehicle,Unknown,"Dark, artificial","08 - Dark, artificial",Municipal (excl. Twp. Rd.),No control,unknown,0,0,0,False,False,False,Clear,,False,GRULKE ST ; 156 GRULKE ST; At; 1 M,3/4/2020 10:17:05 AM,,
44766,16-001681,1451838900000,2016,1,3,16,35,0,Sunday,544760.64457,4811447.05693,-80.446754,43.4546,Intersection related,1,Non-fatal injury,Thru lane,unknown,unknown,Rear end,Unknown,Daylight,01 - Daylight,Regional municipality,Traffic signal,Functioning,0,0,0,False,False,False,Clear,,False,RIVER RD E; HICKSON DR; 25 M,3/4/2020 10:17:04 AM,,
44767,16-002048,1451898540000,2016,1,4,9,9,0,Monday,541068.0,4811108.0,0.0,0.0,Non intersection,2,Non-reportable,Right shoulder,unknown,unknown,SMV unattended vehicle,Unknown,Daylight,01 - Daylight,Municipal (excl. Twp. Rd.),No control,unknown,0,0,0,False,False,False,Clear,,False,ONTARIO ST N; DUKE ST W; Near; 10 M,3/4/2020 10:17:03 AM,,
44768,16-002214,1451913060000,2016,1,4,13,11,0,Monday,541231.24072,4810948.64256,-80.490414,43.450314999999996,At intersection,2,P.D. only,Within intersection,unknown,unknown,Rear end,Unknown,Daylight,01 - Daylight,Municipal (excl. Twp. Rd.),Traffic signal,Functioning,0,0,0,False,False,False,Clear,,False,ONTARIO ST N; KING ST W; At,3/4/2020 10:17:03 AM,,
44769,16-002221,1451913300000,2016,1,4,13,15,0,Monday,543799.87537,4812589.12782,-80.45853699999999,43.46494,At intersection,2,P.D. only,Within intersection,unknown,unknown,Turning movement,Unknown,Daylight,01 - Daylight,Municipal (excl. Twp. Rd.),No control,unknown,0,0,0,False,False,False,Clear,,False,FREDERICK ST; AVON RD; At,3/4/2020 10:17:02 AM,,
44770,16-002245,1451154300000,2015,12,26,18,25,0,Saturday,541068.0,4811108.0,0.0,0.0,At/near private drive,2,P.D. only,Right shoulder,unknown,unknown,SMV unattended vehicle,Unknown,"Dark, artificial","08 - Dark, artificial",Municipal (excl. Twp. Rd.),No control,unknown,0,0,0,False,False,False,Clear,,False,FAIRBANK PL; 204 RITTENHOUSE RD; At,3/4/2020 10:17:01 AM,,
44771,16-002347,1451922060000,2016,1,4,15,41,0,Monday,541068.0,4811108.0,0.0,0.0,At/near private drive,2,P.D. only,Thru lane,unknown,unknown,Turning movement,Unknown,Daylight,01 - Daylight,Municipal (excl. Twp. Rd.),Stop sign,Functioning,0,0,0,False,False,False,Clear,,False,WILSON AVE ; 200 FAIRWAY RD S; 5 M,3/4/2020 10:17:01 AM,,
44772,16-002427,1451931300000,2016,1,4,18,15,0,Monday,540793.56771,4809117.91227,-80.49596,43.433855,Intersection related,1,Non-fatal injury,Off highway,unknown,unknown,SMV other,Unknown,"Dark, artificial","08 - Dark, artificial",Municipal (excl. Twp. Rd.),Stop sign,Functioning,0,0,0,False,False,False,Clear,,False,MAUSSER AVE ; STIRLING AVE S ; At,3/4/2020 10:16:59 AM,,
44773,16-002726,1451982300000,2016,1,5,8,25,0,Tuesday,541855.96389,4807586.11396,-80.482951,43.420004,Non intersection,2,P.D. only,Thru lane,unknown,unknown,SMV unattended vehicle,Unknown,Daylight,01 - Daylight,Municipal (excl. Twp. Rd.),No control,unknown,0,0,0,False,False,False,Clear,,False,LUCERNE DR; LUCERNE DR ; Near; 2 M,3/4/2020 10:16:59 AM,,
44774,16-003180,1452020580000,2016,1,5,19,3,0,Tuesday,541905.62895,4810549.75893,-80.48210999999999,43.446686,At intersection,2,P.D. only,Within intersection,unknown,unknown,Turning movement,Unknown,"Dark, artificial","08 - Dark, artificial",Regional municipality,Stop sign,Functioning,0,0,0,False,False,False,Clear,,False,MADISON AVE N; KING ST E; At; 10 M,3/4/2020 10:16:58 AM,,
44775,16-003490,1452066960000,2016,1,6,7,56,0,Wednesday,540155.25333,4811287.76955,-80.503687,43.453427,At intersection,1,Non-fatal injury,Within intersection,unknown,unknown,SMV other,Unknown,Daylight,01 - Daylight,Municipal (excl. Twp. Rd.),Stop sign,Functioning,0,0,0,True,False,False,Clear,,False,WALTER ST; WELLINGTON ST S; At,3/4/2020 10:16:57 AM,,
44776,16-003498,1451827800000,2016,1,3,13,30,0,Sunday,542808.00871,4811509.56055,-80.470883,43.455276999999995,At/near private drive,2,P.D. only,Right shoulder,unknown,unknown,SMV unattended vehicle,Unknown,Daylight,01 - Daylight,Municipal (excl. Twp. Rd.),No control,unknown,0,0,0,False,False,False,Clear,,False,DUMFRIES AVE; DUMFRIES AVE ; Near,3/4/2020 10:16:57 AM,,
44777,16-003652,1452078240000,2016,1,6,11,4,0,Wednesday,541068.0,4811108.0,0.0,0.0,At intersection,1,Non-fatal injury,Within intersection,unknown,unknown,Turning movement,Unknown,Daylight,01 - Daylight,Municipal (excl. Twp. Rd.),Stop sign,Functioning,0,0,0,False,False,False,Clear,,False,GLASGOW ST ; YORK ST,3/4/2020 10:16:56 AM,,
44778,16-003816,1452089160000,2016,1,6,14,6,0,Wednesday,540552.44955,4805590.05962,-80.499201,43.402103,Non intersection,2,P.D. only,Off highway,unknown,unknown,SMV unattended vehicle,Unknown,Daylight,01 - Daylight,Municipal (excl. Twp. Rd.),No control,unknown,0,0,0,False,False,False,Clear,,False,HELENA FEASBY ST; HARDING ST ; 33 M,3/4/2020 10:16:55 AM,,
44779,16-003838,1452091200000,2016,1,6,14,40,0,Wednesday,541068.0,4811108.0,0.0,0.0,At intersection,2,P.D. only,Within intersection,unknown,unknown,Rear end,Unknown,Daylight,01 - Daylight,Municipal (excl. Twp. Rd.),No control,unknown,0,0,0,False,False,False,Clear,,False,FRANKLIN ST N; DALEWOOD DR ; At,3/4/2020 10:16:55 AM,,
44780,16-004061,1452025200000,2016,1,5,20,20,0,Tuesday,541068.0,4811108.0,0.0,0.0,At/near private drive,2,P.D. only,Thru lane,unknown,unknown,Other,Unknown,"Dark, artificial","08 - Dark, artificial",Municipal (excl. Twp. Rd.),No control,unknown,0,0,0,False,False,False,Clear,,False,WILDERNESS DR; 115 WILDERNESS DR; At,3/4/2020 10:16:54 AM,,
44781,16-004424,1452156600000,2016,1,7,8,50,0,Thursday,541068.0,4811108.0,0.0,0.0,At/near private drive,2,P.D. only,Thru lane,unknown,unknown,SMV unattended vehicle,Unknown,Daylight,01 - Daylight,Municipal (excl. Twp. Rd.),No control,unknown,0,0,0,False,False,False,Clear,,False,VILLAGE RD; 254 VILLAGE RD; 9 M,3/4/2020 10:16:53 AM,,
44782,16-004486,1452114900000,2016,1,6,21,15,0,Wednesday,538118.00483,4809533.50836,-80.528989,43.437737999999996,Non intersection,2,P.D. only,Right shoulder,unknown,unknown,SMV unattended vehicle,Unknown,"Dark, artificial","08 - Dark, artificial",Municipal (excl. Twp. Rd.),No control,unknown,0,0,0,False,False,False,Clear,,False,FENWICK CRT; FENWICK CRT ; Near,3/4/2020 10:16:53 AM,,
44783,16-005182,1452243900000,2016,1,8,9,5,0,Friday,541068.0,4811108.0,0.0,0.0,At intersection,2,P.D. only,Within intersection,unknown,unknown,Angle,Unknown,Daylight,01 - Daylight,Municipal (excl. Twp. Rd.),Stop sign,Functioning,0,0,1,False,False,False,Clear,,False,LOUISA ST; ST LEGER ST,3/4/2020 10:16:52 AM,,
44784,16-005315,1452254400000,2016,1,8,12,0,0,Friday,541068.0,4811108.0,0.0,0.0,At/near private drive,2,P.D. only,Thru lane,unknown,unknown,Rear end,Unknown,Daylight,01 - Daylight,Municipal (excl. Twp. Rd.),No control,unknown,0,0,0,False,False,False,Clear,,False,MAX BECKER DR ; 219 MAX BECKER DR; At; 5 M,3/4/2020 10:16:51 AM,,
44785,16-005410,1452255300000,2016,1,8,12,15,0,Friday,546774.22807,4804112.74768,-80.422495,43.388439,At intersection,2,P.D. only,Within intersection,unknown,unknown,Turning movement,Unknown,Daylight,01 - Daylight,Municipal (excl. Twp. Rd.),No control,unknown,0,0,0,False,False,False,Clear,,False,DOON SOUTH RD; DOON VILLAGE RD; At,3/4/2020 10:16:51 AM,,
44786,16-005481,1452157200000,2016,1,7,9,0,0,Thursday,539960.79736,4808411.57785,-80.506301,43.42754,Non intersection,2,P.D. only,Thru lane,unknown,unknown,Rear end,Unknown,Daylight,01 - Daylight,Municipal (excl. Twp. Rd.),No control,unknown,0,0,0,False,False,False,Clear,,False,VILLAGE RD; WESTMOUNT RD E; Near,3/4/2020 10:16:50 AM,,
44787,16-005512,1452267900000,2016,1,8,15,45,0,Friday,541068.0,4811108.0,0.0,0.0,At intersection,2,P.D. only,Within intersection,unknown,unknown,Turning movement,Unknown,Daylight,01 - Daylight,Municipal (excl. Twp. Rd.),Stop sign,Functioning,0,0,0,False,False,False,Clear,,False,RIVER RD E; HALLIWELL DR; At,3/4/2020 10:16:49 AM,,
44788,16-005599,1452278760000,2016,1,8,18,46,0,Friday,541068.0,4811108.0,0.0,0.0,Non intersection,1,Non-fatal injury,Thru lane,unknown,unknown,Approaching,Unknown,Dark,07 - Dark,Municipal (excl. Twp. Rd.),No control,unknown,0,0,0,False,False,False,Rain,,False,GUELPH ST ; CLIFTON RD ; 50 M,3/4/2020 10:16:49 AM,,
44789,16-006181,1451053800000,2015,12,25,14,30,0,Friday,541068.0,4811108.0,0.0,0.0,At/near private drive,2,P.D. only,Right shoulder,unknown,unknown,SMV unattended vehicle,Unknown,Daylight,01 - Daylight,Municipal (excl. Twp. Rd.),No control,unknown,0,0,0,False,False,False,Clear,,False,SUGAR MAPLE ST; SUGAR MAPLE ST ; Near,3/4/2020 10:16:48 AM,,
44790,16-006355,1452363300000,2016,1,9,18,15,0,Saturday,542108.38365,4807131.33472,-80.479868,43.415895,At intersection,1,Non-fatal injury,Within intersection,unknown,unknown,SMV other,Unknown,"Dark, artificial","08 - Dark, artificial",Regional municipality,Traffic signal,Functioning,0,0,0,True,False,False,"Fog, mist, smoke, dust",,False,STRASBURG RD ; BLOCK LINE RD,3/4/2020 10:16:47 AM,,