OBJECTID,ACCIDENTNUM,ACCIDENTDATE,ACCIDENT_YEAR,ACCIDENT_MONTH,ACCIDENT_DAY,ACCIDENT_HOUR,ACCIDENT_MINUTE,ACCIDENT_SECOND,ACCIDENT_WEEKDAY,XCOORD,YCOORD,LONGITUDE,LATITUDE,ACCIDENTLOCATION,COLLISIONTYPE,CLASSIFICATIONOFACCIDENT,IMPACTLOCATION,INITIALDIRECTIONOFTRAVELONE,INITIALDIRECTIONOFTRAVELTWO,INITIALIMPACTTYPE,INTTRAFFICCONTROL,LIGHT,LIGHTFORREPORT,ROADJURISDICTION,TRAFFICCONTROL,TRAFFICCONTROLCONDITION,THRULANENO,NORTHBOUNDDISOBEYCOUNT,SOUTHBOUNDDISOBEYCOUNT,PEDESTRIANINVOLVED,CYCLISTINVOLVED,MOTORCYCLISTINVOLVED,ENVIRONMENTCONDITION1,ENVIRONMENTCONDITION2,SELFREPORTED,XMLIMPORTNOTES,LASTEDITEDDATE,CREATE_BY,CREATE_DATE
44791,16-006790,1452389700000,2016,1,10,1,35,0,Sunday,541068.0,4811108.0,0.0,0.0,Non intersection,2,P.D. only,Thru lane,unknown,unknown,SMV other,Unknown,Dark,07 - Dark,Municipal (excl. Twp. Rd.),No control,unknown,0,0,0,False,False,False,Clear,,False,WABANAKI DR; WILSON AVE; Near,3/4/2020 10:16:46 AM,,
44792,16-006959,1452373200000,2016,1,9,21,0,0,Saturday,541068.0,4811108.0,0.0,0.0,At/near private drive,2,P.D. only,Right shoulder,unknown,unknown,SMV unattended vehicle,Unknown,Dark,07 - Dark,Municipal (excl. Twp. Rd.),No control,unknown,0,0,0,False,False,False,Rain,,False,RAUCH CRT; RAUCH CRT ; Near,3/4/2020 10:16:46 AM,,
44793,16-006969,1452432540000,2016,1,10,13,29,0,Sunday,545367.66911,4808264.51953,-80.439516,43.425908,At/near private drive,1,Non-fatal injury,Thru lane,unknown,unknown,Turning movement,Unknown,Daylight,01 - Daylight,Municipal (excl. Twp. Rd.),No control,unknown,0,0,0,False,False,False,Snow,,False,KINGSWAY DR; KINGSWAY DR ; 3 M,3/4/2020 10:16:45 AM,,
44794,16-007028,1452438000000,2016,1,10,15,0,0,Sunday,541068.0,4811108.0,0.0,0.0,Intersection related,2,P.D. only,Thru lane,unknown,unknown,Rear end,Unknown,Daylight,01 - Daylight,Municipal (excl. Twp. Rd.),Traffic signal,Functioning,0,0,0,False,False,False,Snow,,False,MILL ST ; STIRLING AVE S; At,3/4/2020 10:16:44 AM,,
44795,16-007031,1452438780000,2016,1,10,15,13,0,Sunday,539107.7591,4808797.51209,-80.516812,43.431059999999995,Non intersection,2,P.D. only,Not on roadway - left side,unknown,unknown,SMV other,Unknown,Daylight,01 - Daylight,Municipal (excl. Twp. Rd.),No control,unknown,0,0,0,False,False,False,Snow,,False,QUEENS BLVD ; KELLY DR ; 100 M,3/4/2020 10:16:44 AM,,
44796,16-007057,1452441600000,2016,1,10,16,0,0,Sunday,541068.0,4811108.0,0.0,0.0,Non intersection,1,Non-fatal injury,Thru lane,unknown,unknown,Rear end,Unknown,Daylight,01 - Daylight,Municipal (excl. Twp. Rd.),No control,unknown,0,0,0,False,False,False,Snow,,False,QUEENS BLVD ; FISCHER HALLMAN RD ; 100 M,3/4/2020 10:16:43 AM,,
44797,16-007065,1452442140000,2016,1,10,16,9,0,Sunday,541068.0,4811108.0,0.0,0.0,At intersection,2,P.D. only,Within intersection,unknown,unknown,Angle,Unknown,Daylight,01 - Daylight,Municipal (excl. Twp. Rd.),Traffic signal,Functioning,0,0,0,False,False,False,Snow,,False,QUEENS BLVD ; BELMONT AVE E,3/4/2020 10:16:42 AM,,
44798,16-007122,1452445200000,2016,1,10,17,0,0,Sunday,540510.92403,4806032.7192,-80.499681,43.406090999999996,At intersection,2,Non-reportable,Within intersection,unknown,unknown,Rear end,Unknown,Dark,07 - Dark,Municipal (excl. Twp. Rd.),Yield sign,Functioning,0,0,0,False,False,False,Snow,,False,MAX BECKER DR ; 1172 FISCHER HALLMAN RD; At,3/4/2020 10:16:42 AM,,
44799,16-007193,1452445800000,2016,1,10,17,10,0,Sunday,540511.8147,4806032.72455,-80.49967,43.406090999999996,At intersection,2,P.D. only,Within intersection,unknown,unknown,Rear end,Unknown,Dark,07 - Dark,Municipal (excl. Twp. Rd.),Yield sign,Functioning,0,0,0,False,False,False,Snow,,False,MAX BECKER DR; 1172 FISCHER HALLMAN RD; At,3/4/2020 10:16:41 AM,,
44800,16-007224,1452445080000,2016,1,10,16,58,0,Sunday,540511.80337,4806034.61251,-80.49967,43.406107999999996,At intersection,2,P.D. only,Right shoulder,unknown,unknown,SMV other,Unknown,Dark,07 - Dark,Municipal (excl. Twp. Rd.),Yield sign,Functioning,0,0,0,False,False,False,Snow,,False,MAX BECKER DR; 1172 FISCHER HALLMAN RD; At,3/4/2020 10:16:40 AM,,
44801,16-007429,1452435600000,2016,1,10,14,20,0,Sunday,541068.0,4811108.0,0.0,0.0,Non intersection,2,P.D. only,Thru lane,unknown,unknown,SMV unattended vehicle,Unknown,Daylight,01 - Daylight,Municipal (excl. Twp. Rd.),No control,unknown,0,0,0,False,False,False,Snow,,False,AUTUMN RIDGE TRAIL; AUTUMN RIDGE TRAIL,3/4/2020 10:16:40 AM,,
44802,16-007495,1452503400000,2016,1,11,9,10,0,Monday,541068.0,4811108.0,0.0,0.0,Overpass or bridge,2,P.D. only,Thru lane,unknown,unknown,SMV other,Unknown,Daylight,01 - Daylight,Municipal (excl. Twp. Rd.),No control,unknown,0,0,0,False,False,False,Clear,,False,PARK ST; CN RAIL  ; At; 0 M,3/4/2020 10:16:39 AM,,
44803,16-007518,1452460500000,2016,1,10,21,15,0,Sunday,541068.0,4811108.0,0.0,0.0,At intersection,2,Non-reportable,Thru lane,unknown,unknown,Rear end,Unknown,"Dark, artificial","08 - Dark, artificial",Municipal (excl. Twp. Rd.),Yield sign,Functioning,0,0,0,False,False,False,Clear,,False,DOON SOUTH DR; DOON MILLS DR; At,3/4/2020 10:16:38 AM,,
44804,16-007556,1452508080000,2016,1,11,10,28,0,Monday,541649.73958,4810881.13557,-80.485247,43.449684,At/near private drive,2,P.D. only,Thru lane,unknown,unknown,Other,Unknown,Daylight,01 - Daylight,Municipal (excl. Twp. Rd.),No control,unknown,0,0,0,False,False,False,Clear,,False,SCOTT ST; DUKE ST E; 20 M,3/4/2020 10:16:38 AM,,
44805,16-007559,1452503400000,2016,1,11,9,10,0,Monday,541068.0,4811108.0,0.0,0.0,At intersection,2,P.D. only,Within intersection,unknown,unknown,Angle,Unknown,Daylight,01 - Daylight,Municipal (excl. Twp. Rd.),Stop sign,Functioning,0,0,0,False,False,False,Clear,,False,CONNAUGHT ST; EIGHTH AVE,3/4/2020 10:16:37 AM,,
44806,16-007614,1452507000000,2016,1,11,10,10,0,Monday,539316.83546,4810614.01692,-80.51409799999999,43.447404999999996,Intersection related,2,P.D. only,Not on roadway - right side,unknown,unknown,SMV other,Unknown,Daylight,01 - Daylight,Municipal (excl. Twp. Rd.),Traffic signal,Functioning,0,0,0,False,False,False,Clear,,False,GAGE AVE ; BELMONT AVE W; 10.5 M,3/4/2020 10:16:36 AM,,
44807,16-007617,1452513360000,2016,1,11,11,56,0,Monday,538889.14725,4808656.31184,-80.51952299999999,43.4298,At intersection,1,Non-fatal injury,Within intersection,unknown,unknown,Turning movement,Unknown,Daylight,01 - Daylight,Municipal (excl. Twp. Rd.),No control,unknown,0,0,0,False,False,False,Drifting Snow,,False,QUEENS BLVD; EAGEN DR; At,3/4/2020 10:16:36 AM,,
44808,16-007679,1452441600000,2016,1,10,16,0,0,Sunday,541068.0,4811108.0,0.0,0.0,At/near private drive,2,P.D. only,Thru lane,unknown,unknown,Angle,Unknown,Daylight,01 - Daylight,Municipal (excl. Twp. Rd.),Yield sign,Functioning,0,0,0,False,False,False,Snow,,False,MAX BECKER DR; FISCHER HALLMAN RD ; Near,3/4/2020 10:16:35 AM,,
44809,16-007685,1452517800000,2016,1,11,13,10,0,Monday,541058.86539,4811033.10769,-80.492538,43.451085,Intersection related,2,P.D. only,Thru lane,unknown,unknown,Turning movement,Unknown,Daylight,01 - Daylight,Municipal (excl. Twp. Rd.),Traffic signal,Functioning,0,0,0,False,False,False,Clear,,False,KING ST W; GAUKEL ST,3/4/2020 10:16:34 AM,,
44810,16-007748,1452448800000,2016,1,10,18,0,0,Sunday,541068.0,4811108.0,0.0,0.0,Intersection related,2,P.D. only,Thru lane,unknown,unknown,Approaching,Unknown,Daylight,01 - Daylight,Municipal (excl. Twp. Rd.),Stop sign,Functioning,0,0,0,False,False,False,Snow,,False,CARWOOD AVE; CARWOOD CRES; Near,3/4/2020 10:16:34 AM,,
44811,16-007806,1452484800000,2016,1,11,4,0,0,Monday,541068.0,4811108.0,0.0,0.0,Non intersection,2,P.D. only,Thru lane,unknown,unknown,SMV unattended vehicle,Unknown,Dusk,05 - Dusk,Municipal (excl. Twp. Rd.),No control,unknown,0,0,0,False,False,False,Snow,,False,BIRCH AVE; 35 BIRCH AVE; At; 3 M,3/4/2020 10:16:33 AM,,
44812,16-007833,1452510000000,2016,1,11,11,0,0,Monday,545125.00586,4810644.95105,-80.442317,43.447356,At/near private drive,1,Non-fatal injury,Thru lane,unknown,unknown,Angle,Unknown,Daylight,01 - Daylight,Regional municipality,No control,unknown,0,0,0,False,False,False,Clear,,False,RIVER RD E; 10 CONWAY DR; Near,3/4/2020 10:16:32 AM,,
44813,16-008174,1452584700000,2016,1,12,7,45,0,Tuesday,541068.0,4811108.0,0.0,0.0,At/near private drive,2,P.D. only,Thru lane,unknown,unknown,Other,Unknown,Daylight,01 - Daylight,Municipal (excl. Twp. Rd.),No control,unknown,0,0,0,False,False,False,Snow,,False,WELLINGTON ST N; 535 WELLINGTON ST N  ; 1 M,3/4/2020 10:16:32 AM,,
44814,16-008184,1452585600000,2016,1,12,8,0,0,Tuesday,543069.87614,4804958.94105,-80.46816299999999,43.39628,At/near private drive,1,Non-fatal injury,Thru lane,unknown,unknown,Approaching,Unknown,Daylight,01 - Daylight,Municipal (excl. Twp. Rd.),No control,unknown,0,0,0,False,False,False,Snow,,False,STRASBURG RD; 1825 STRASBURG RD; 1 M,3/4/2020 10:16:31 AM,,
44815,16-008266,1452586020000,2016,1,12,8,7,0,Tuesday,540491.66671,4807838.67099,-80.499785,43.422353,Non intersection,2,P.D. only,Not on roadway - right side,unknown,unknown,SMV other,Unknown,Daylight,01 - Daylight,Municipal (excl. Twp. Rd.),No control,unknown,0,0,0,False,False,False,Snow,,False,CHANDLER DR; MOWAT BLVD; 14 M,3/4/2020 10:16:30 AM,,
44816,16-008357,1452601500000,2016,1,12,12,25,0,Tuesday,541068.0,4811108.0,0.0,0.0,At intersection,2,P.D. only,Within intersection,unknown,unknown,SMV other,Unknown,Daylight,01 - Daylight,Regional municipality,Yield sign,Functioning,0,0,0,False,False,False,Snow,,False,BLOCK LINE RD; FALLOWFIELD DR; Near,3/4/2020 10:16:30 AM,,
44817,16-008424,1452609720000,2016,1,12,14,42,0,Tuesday,541068.0,4811108.0,0.0,0.0,At/near private drive,2,P.D. only,Thru lane,unknown,unknown,SMV unattended vehicle,Unknown,Daylight,01 - Daylight,Municipal (excl. Twp. Rd.),No control,unknown,0,0,0,False,False,False,Snow,,False,SAMUEL ST ; 257 FREDERICK ST ; At; 1 M,3/4/2020 10:16:29 AM,,
44818,16-008440,1452610860000,2016,1,12,15,1,0,Tuesday,541068.0,4811108.0,0.0,0.0,At intersection,2,P.D. only,Within intersection,unknown,unknown,Turning movement,Unknown,Daylight,01 - Daylight,Municipal (excl. Twp. Rd.),Stop sign,Functioning,0,0,0,False,False,False,Strong wind,,False,CONESTOGA COLLEGE BLVD; DOON VALLEY DR; At; 3 M,3/4/2020 10:16:28 AM,,
44819,16-008477,1452602700000,2016,1,12,12,45,0,Tuesday,541068.0,4811108.0,0.0,0.0,Non intersection,2,P.D. only,Thru lane,unknown,unknown,Sideswipe,Unknown,Daylight,01 - Daylight,Municipal (excl. Twp. Rd.),No control,unknown,0,0,0,False,False,False,Snow,,False,TRUSSLER RD; COSTAIN CRT; Near,3/4/2020 10:16:28 AM,,
44820,16-008481,1452615360000,2016,1,12,16,16,0,Tuesday,541068.0,4811108.0,0.0,0.0,Non intersection,2,P.D. only,Not on roadway - right side,unknown,unknown,SMV other,Unknown,Dusk,05 - Dusk,Municipal (excl. Twp. Rd.),No control,unknown,0,0,0,False,False,False,Drifting Snow,,False,ZELLER DR; SUSAN CRES ; 15 M,3/4/2020 10:16:27 AM,,
44821,16-008534,1452620400000,2016,1,12,17,40,0,Tuesday,541068.0,4811108.0,0.0,0.0,Non intersection,2,P.D. only,Not on roadway - right side,unknown,unknown,SMV other,Unknown,"Dark, artificial","08 - Dark, artificial",Municipal (excl. Twp. Rd.),No control,unknown,0,0,0,False,False,False,Snow,,False,DRIFTWOOD DR ; ROYAL ORCHARD DR; 7 M,3/4/2020 10:16:26 AM,,
44822,16-008574,1452621600000,2016,1,12,18,0,0,Tuesday,541068.0,4811108.0,0.0,0.0,Non intersection,1,Non-fatal injury,Not on roadway - right side,unknown,unknown,SMV other,Unknown,Dusk,05 - Dusk,Municipal (excl. Twp. Rd.),No control,unknown,0,0,0,False,False,False,Snow,,False,TRAYNOR AVE; REYBURN AVE; 30 M,3/4/2020 10:16:26 AM,,
44823,16-008642,1452635280000,2016,1,12,21,48,0,Tuesday,541068.0,4811108.0,0.0,0.0,Non intersection,2,P.D. only,Left shoulder,unknown,unknown,SMV other,Unknown,Dark,07 - Dark,Municipal (excl. Twp. Rd.),Stop sign,Functioning,0,0,0,False,False,False,Drifting Snow,,False,ERINBROOK DR ; KILLARNEY CRES ; At; 25 M,3/4/2020 10:16:25 AM,,
44824,16-008898,1452681000000,2016,1,13,10,30,0,Wednesday,541068.0,4811108.0,0.0,0.0,Non intersection,1,Non-fatal injury,Thru lane,unknown,unknown,Approaching,Unknown,Daylight,01 - Daylight,Municipal (excl. Twp. Rd.),No control,unknown,0,0,0,False,False,False,Snow,,False,MONTCALM DR ; OLD YORK CRES ; Near; 20 M,3/4/2020 10:16:24 AM,,
44825,16-008994,1452688320000,2016,1,13,12,32,0,Wednesday,545274.14879,4806434.26053,-80.440823,43.409434,At intersection,2,P.D. only,Within intersection,unknown,unknown,Turning movement,Stop sign,Daylight,01 - Daylight,Municipal (excl. Twp. Rd.),Stop sign,Functioning,0,0,0,False,False,False,Snow,,False,WABANAKI DR; WILSON AVE,3/4/2020 10:16:24 AM,,
44826,16-009049,1452535800000,2016,1,11,18,10,0,Monday,541068.0,4811108.0,0.0,0.0,At intersection,2,P.D. only,Within intersection,unknown,unknown,Angle,Unknown,"Dark, artificial","08 - Dark, artificial",Municipal (excl. Twp. Rd.),Stop sign,Functioning,0,0,0,False,False,False,Snow,,False,MAX BECKER DR; BRIDLEWREATH ST; At,3/4/2020 10:16:23 AM,,
44827,16-009059,1452627900000,2016,1,12,19,45,0,Tuesday,541068.0,4811108.0,0.0,0.0,Non intersection,2,P.D. only,Thru lane,unknown,unknown,Other,Unknown,"Dark, artificial","08 - Dark, artificial",Municipal (excl. Twp. Rd.),No control,unknown,0,0,0,False,False,False,Snow,,False,HALLS LANE W; WATER ST S; Near,3/4/2020 10:16:22 AM,,
44828,16-009111,1452673200000,2016,1,13,8,20,0,Wednesday,541068.0,4811108.0,0.0,0.0,At/near private drive,2,P.D. only,Thru lane,unknown,unknown,Angle,Unknown,Daylight,01 - Daylight,Municipal (excl. Twp. Rd.),No control,unknown,0,0,0,False,False,False,Drifting Snow,,False,FEATHERSTONE ST; 62 FEATHERSTONE ST; At; 0 K,3/4/2020 10:16:22 AM,,
44829,16-009191,1452696000000,2016,1,13,14,40,0,Wednesday,541068.0,4811108.0,0.0,0.0,Intersection related,2,P.D. only,Thru lane,unknown,unknown,Other,Unknown,Daylight,01 - Daylight,Municipal (excl. Twp. Rd.),Stop sign,Functioning,0,0,0,False,False,False,Clear,,False,STIRLING AVE S; STIRLING LANE,3/4/2020 10:16:21 AM,,
44830,16-009193,1452706020000,2016,1,13,17,27,0,Wednesday,542914.80206,4812996.36103,-80.46944599999999,43.468658,At/near private drive,2,P.D. only,Thru lane,unknown,unknown,Turning movement,Unknown,Dusk,05 - Dusk,Municipal (excl. Twp. Rd.),No control,unknown,0,0,0,False,False,False,Clear,,False,RIVERBEND DR; 221 RIVERBEND DR; At; 1 M,3/4/2020 10:16:20 AM,,
44831,16-009569,1452763260000,2016,1,14,9,21,0,Thursday,541449.78162,4812107.4669,-80.487625,43.460736999999995,At intersection,2,P.D. only,Within intersection,unknown,unknown,Angle,Unknown,Daylight,01 - Daylight,Municipal (excl. Twp. Rd.),Stop sign,Functioning,0,0,0,False,False,False,Clear,,False,ST LEGER ST; LOUISA ST; At,3/4/2020 10:16:20 AM,,
44832,16-009951,1452798000000,2016,1,14,19,0,0,Thursday,541068.0,4811108.0,0.0,0.0,At intersection,2,P.D. only,Within intersection,unknown,unknown,Turning movement,Unknown,"Daylight, artificial","02 - Daylight, artificial",Regional municipality,Traffic signal,Functioning,0,0,0,False,False,False,Snow,,False,BELMONT AVE W; UNION BLVD; 5 M,3/4/2020 10:16:19 AM,,
44833,16-010260,1452784500000,2016,1,14,15,15,0,Thursday,541068.0,4811108.0,0.0,0.0,Non intersection,2,P.D. only,Thru lane,unknown,unknown,SMV unattended vehicle,Unknown,Daylight,01 - Daylight,Municipal (excl. Twp. Rd.),No control,unknown,0,0,0,False,False,False,Clear,,False,ASHLEY CRT; 24 ASHLEY CRT; At,3/4/2020 10:16:18 AM,,
44834,16-010282,1452844020000,2016,1,15,7,47,0,Friday,541068.0,4811108.0,0.0,0.0,Non intersection,2,P.D. only,Not on roadway - right side,unknown,unknown,SMV other,Unknown,Daylight,01 - Daylight,Municipal (excl. Twp. Rd.),No control,unknown,0,0,0,False,False,False,Clear,,False,FIRST AVE; FIRST AVE ; 35 M,3/4/2020 10:16:18 AM,,
44835,16-010482,1452675000000,2016,1,13,8,50,0,Wednesday,541068.0,4811108.0,0.0,0.0,Non intersection,2,P.D. only,Thru lane,unknown,unknown,Sideswipe,Unknown,Daylight,01 - Daylight,Municipal (excl. Twp. Rd.),No control,unknown,0,0,0,False,False,False,Snow,,False,HANSON AVE; HANSON AVE ; Near,3/4/2020 10:16:17 AM,,
44836,16-010611,1452858900000,2016,1,15,11,55,0,Friday,541602.63356,4810739.13019,-80.48584,43.448408,Non intersection,2,P.D. only,Right shoulder,unknown,unknown,SMV other,Unknown,Daylight,01 - Daylight,Regional municipality,No control,unknown,0,0,0,False,False,False,Clear,,False,KING ST E; SCOTT ST ; 30 M,3/4/2020 10:16:16 AM,,
44837,16-011125,1452936060000,2016,1,16,9,21,0,Saturday,541068.0,4811108.0,0.0,0.0,Intersection related,2,P.D. only,Not on roadway - right side,unknown,unknown,SMV other,Unknown,Daylight,01 - Daylight,Municipal (excl. Twp. Rd.),Stop sign,Functioning,0,0,0,False,False,False,Snow,,False,LICHTY CRES; CARSON DR; At,3/4/2020 10:16:16 AM,,
44838,16-011160,1452940320000,2016,1,16,10,32,0,Saturday,541068.0,4811108.0,0.0,0.0,Non intersection,2,P.D. only,Not on roadway - right side,unknown,unknown,SMV other,Unknown,Daylight,01 - Daylight,Municipal (excl. Twp. Rd.),No control,unknown,0,0,0,False,False,False,Snow,,False,LANCASTER ST W; LANCASTER ST W; At; 0 M,3/4/2020 10:16:15 AM,,
44839,16-011274,1452891600000,2016,1,15,21,0,0,Friday,541068.0,4811108.0,0.0,0.0,Non intersection,2,P.D. only,Right shoulder,unknown,unknown,SMV unattended vehicle,Unknown,"Dark, artificial","08 - Dark, artificial",Municipal (excl. Twp. Rd.),No control,unknown,0,0,0,False,False,False,Clear,,False,WAGON ST; 2 WAGON ST; At,3/4/2020 10:16:14 AM,,
44840,16-012006,1452969900000,2016,1,16,18,45,0,Saturday,541068.0,4811108.0,0.0,0.0,At/near private drive,2,Non-reportable,Thru lane,unknown,unknown,SMV unattended vehicle,Unknown,Dark,07 - Dark,Municipal (excl. Twp. Rd.),No control,unknown,0,0,0,False,False,False,Clear,,False,SELKIRK DR; SELKIRK DR ; At,3/4/2020 10:16:14 AM,,
44841,16-012033,1453045260000,2016,1,17,15,41,0,Sunday,539967.08637,4810491.45307,-80.50607099999999,43.446267,Non intersection,2,P.D. only,Not on roadway - left side,unknown,unknown,SMV unattended vehicle,Unknown,Daylight,01 - Daylight,Municipal (excl. Twp. Rd.),No control,unknown,0,0,0,False,False,False,Clear,,False,STRANGE ST; 11 STRANGE ST; 1 M,3/4/2020 10:16:13 AM,,
44842,16-012113,1453051500000,2016,1,17,17,25,0,Sunday,541068.0,4811108.0,0.0,0.0,Intersection related,2,P.D. only,Thru lane,unknown,unknown,SMV unattended vehicle,Unknown,Dark,07 - Dark,Municipal (excl. Twp. Rd.),No control,unknown,0,0,0,False,False,False,Snow,,False,BROOKMEAD ST; ZELLER DR; 10 M,3/4/2020 10:16:12 AM,,
44843,16-012476,1452984300000,2016,1,16,22,45,0,Saturday,541068.0,4811108.0,0.0,0.0,Non intersection,2,P.D. only,Thru lane,unknown,unknown,SMV unattended vehicle,Unknown,"Dark, artificial","08 - Dark, artificial",Municipal (excl. Twp. Rd.),No control,unknown,0,0,0,False,False,False,Clear,,False,WESTMEADOW DR; SUNNY MEADOW CRT; Near,3/4/2020 10:16:12 AM,,
44844,16-012551,1453113000000,2016,1,18,10,30,0,Monday,541068.0,4811108.0,0.0,0.0,At intersection,2,P.D. only,Within intersection,unknown,unknown,Angle,Unknown,Daylight,01 - Daylight,Municipal (excl. Twp. Rd.),Stop sign,Functioning,0,0,0,False,False,False,Snow,,False,JOSEPH ST; DAVID ST; At,3/4/2020 10:16:11 AM,,
44845,16-012587,1452990600000,2016,1,17,0,30,0,Sunday,541068.0,4811108.0,0.0,0.0,At/near private drive,2,P.D. only,Thru lane,unknown,unknown,Turning movement,Unknown,Dark,07 - Dark,Municipal (excl. Twp. Rd.),No control,unknown,0,0,0,False,False,False,Clear,,False,QUEENS BLVD; QUEENS BLVD ; At,3/4/2020 10:16:10 AM,,
44846,16-012605,1453124460000,2016,1,18,13,41,0,Monday,541068.0,4811108.0,0.0,0.0,At intersection,2,P.D. only,Within intersection,unknown,unknown,Angle,Unknown,Daylight,01 - Daylight,Regional municipality,Traffic signal,Functioning,0,0,1,False,False,False,Snow,,False,DUKE ST W; WATER ST N; At,3/4/2020 10:16:10 AM,,
44847,16-012736,1453134600000,2016,1,18,16,30,0,Monday,541068.0,4811108.0,0.0,0.0,Non intersection,2,P.D. only,Thru lane,unknown,unknown,Rear end,Unknown,Daylight,01 - Daylight,Regional municipality,No control,unknown,0,0,0,False,False,False,Snow,,False,KING ST E; KING ST E; At,3/4/2020 10:16:09 AM,,
44848,16-012745,1453138860000,2016,1,18,17,41,0,Monday,545035.58893,4807869.69114,-80.443651,43.422373,Intersection related,2,P.D. only,Left turn lane,unknown,unknown,Rear end,Unknown,"Daylight, artificial","02 - Daylight, artificial",Municipal (excl. Twp. Rd.),Traffic signal,Functioning,0,0,0,False,False,False,Snow,,False,KINGSWAY DR ; WILSON AVE ; 10 M,3/4/2020 10:16:08 AM,,
44849,16-012772,1453141860000,2016,1,18,18,31,0,Monday,544623.81419,4808343.07677,-80.44869899999999,43.42666,At/near private drive,2,P.D. only,Right shoulder,unknown,unknown,SMV unattended vehicle,Unknown,Daylight,01 - Daylight,Regional municipality,No control,unknown,0,0,0,False,False,False,Snow,,False,GREENFIELD AVE; GREENFIELD AVE ; 20 M,3/4/2020 10:16:07 AM,,
44850,16-012792,1453143600000,2016,1,18,19,0,0,Monday,545944.58305,4804147.3693,-80.432735,43.388802,Non intersection,2,P.D. only,Not on roadway - right side,unknown,unknown,SMV other,Unknown,"Dark, artificial","08 - Dark, artificial",Municipal (excl. Twp. Rd.),No control,unknown,0,0,0,False,False,False,Snow,,False,DOON VILLAGE RD; TILT DR; 125 M,3/4/2020 10:16:07 AM,,
44851,16-012805,1453033800000,2016,1,17,12,30,0,Sunday,541068.0,4811108.0,0.0,0.0,Other,2,P.D. only,Off highway,unknown,unknown,SMV unattended vehicle,Unknown,Daylight,01 - Daylight,Private property,No control,unknown,0,0,0,False,False,False,Snow,,False,IN DRIVEWAY; RAUCH CRT; At,3/4/2020 10:16:06 AM,,
44852,16-013054,1453191420000,2016,1,19,8,17,0,Tuesday,541068.0,4811108.0,0.0,0.0,At intersection,1,Non-fatal injury,Within intersection,unknown,unknown,Angle,Unknown,Daylight,01 - Daylight,Municipal (excl. Twp. Rd.),Stop sign,Functioning,0,0,0,False,False,False,Clear,,False,BIRCHCLIFF AVE; FOREST HILL DR; At,3/4/2020 10:16:05 AM,,
44853,16-013182,1453200000000,2016,1,19,10,40,0,Tuesday,541068.0,4811108.0,0.0,0.0,At/near private drive,2,Non-reportable,Right shoulder,unknown,unknown,SMV unattended vehicle,Unknown,Daylight,01 - Daylight,Municipal (excl. Twp. Rd.),No control,unknown,0,0,0,False,False,False,Clear,,False,SAMUEL ST ; SAMUEL ST ; At,3/4/2020 10:16:04 AM,,
44854,16-013234,1453122000000,2016,1,18,13,0,0,Monday,541068.0,4811108.0,0.0,0.0,Other,2,P.D. only,Off highway,unknown,unknown,SMV unattended vehicle,Unknown,Daylight,01 - Daylight,Private property,No control,unknown,0,0,0,False,False,False,Snow,,False,PARKING LOT; ROSSFORD CRES; Near,3/4/2020 10:16:04 AM,,
44855,16-014518,1453327200000,2016,1,20,22,0,0,Wednesday,541068.0,4811108.0,0.0,0.0,Non intersection,2,P.D. only,Thru lane,unknown,unknown,SMV unattended vehicle,Unknown,Dark,07 - Dark,Municipal (excl. Twp. Rd.),No control,unknown,0,0,0,False,False,False,Clear,,False,KINZIE AVE; KINZIE AVE,3/4/2020 10:16:03 AM,,
44856,16-014583,1453368960000,2016,1,21,9,36,0,Thursday,542582.10937,4810127.07694,-80.473783,43.442842,Intersection related,1,Non-fatal injury,Thru lane,unknown,unknown,Rear end,Unknown,Daylight,01 - Daylight,Regional municipality,Traffic signal,Functioning,0,0,0,False,False,False,Snow,,False,KING ST E; BORDEN AVE S; Near; 6 M,3/4/2020 10:16:02 AM,,
44857,16-014753,1453383540000,2016,1,21,13,39,0,Thursday,541068.0,4811108.0,0.0,0.0,At intersection,1,Non-fatal injury,Within intersection,unknown,unknown,Angle,Unknown,Daylight,01 - Daylight,Municipal (excl. Twp. Rd.),Stop sign,Functioning,0,0,0,False,False,False,Clear,,False,HANSON AVE; ARDELT AVE; At,3/4/2020 10:16:02 AM,,
44858,16-014843,1453390980000,2016,1,21,15,43,0,Thursday,542469.9883,4807215.34153,-80.47539499999999,43.416630999999995,Non intersection,1,Non-fatal injury,Thru lane,unknown,unknown,Turning movement,Unknown,Daylight,01 - Daylight,Regional municipality,No control,unknown,0,0,0,False,False,False,Clear,,False,BLOCK LINE RD; COURTLAND AVE E; 35 M,3/4/2020 10:16:01 AM,,
44859,16-014995,1448808300000,2015,11,29,14,45,0,Sunday,544902.81073,4810413.1244,-80.445082,43.445282,Intersection related,2,P.D. only,Not on roadway - right side,unknown,unknown,SMV other,Unknown,Daylight,01 - Daylight,Municipal (excl. Twp. Rd.),No control,unknown,0,0,0,False,False,False,Clear,,False,BRADLEY DR; BRADLEY PL; Near; 13 M,3/4/2020 10:16:00 AM,,
44860,16-015260,1453450200000,2016,1,22,8,10,0,Friday,541068.0,4811108.0,0.0,0.0,At/near private drive,1,Non-fatal injury,Thru lane,unknown,unknown,Turning movement,Unknown,Daylight,01 - Daylight,Regional municipality,No control,unknown,0,0,0,False,False,False,Clear,,False,STRASBURG RD; 1825 STRASBURG RD; Near; 6 M,3/4/2020 10:16:00 AM,,
44861,16-015420,1453048200000,2016,1,17,16,30,0,Sunday,541068.0,4811108.0,0.0,0.0,At/near private drive,2,P.D. only,Right shoulder,unknown,unknown,Turning movement,Unknown,Daylight,01 - Daylight,Municipal (excl. Twp. Rd.),No control,unknown,0,0,0,False,False,False,Snow,,False,PENROSE AVE; PENROSE AVE ; At,3/4/2020 10:15:59 AM,,
44862,16-015730,1453451100000,2016,1,22,8,25,0,Friday,541068.0,4811108.0,0.0,0.0,At/near private drive,2,P.D. only,Right shoulder,unknown,unknown,SMV unattended vehicle,Unknown,Daylight,01 - Daylight,Municipal (excl. Twp. Rd.),No control,unknown,0,0,0,False,False,False,Clear,,False,BERRY MOSS ST; BERRY MOSS ST ; Near,3/4/2020 10:15:58 AM,,