OBJECTID,ACCIDENTNUM,ACCIDENTDATE,ACCIDENT_YEAR,ACCIDENT_MONTH,ACCIDENT_DAY,ACCIDENT_HOUR,ACCIDENT_MINUTE,ACCIDENT_SECOND,ACCIDENT_WEEKDAY,XCOORD,YCOORD,LONGITUDE,LATITUDE,ACCIDENTLOCATION,COLLISIONTYPE,CLASSIFICATIONOFACCIDENT,IMPACTLOCATION,INITIALDIRECTIONOFTRAVELONE,INITIALDIRECTIONOFTRAVELTWO,INITIALIMPACTTYPE,INTTRAFFICCONTROL,LIGHT,LIGHTFORREPORT,ROADJURISDICTION,TRAFFICCONTROL,TRAFFICCONTROLCONDITION,THRULANENO,NORTHBOUNDDISOBEYCOUNT,SOUTHBOUNDDISOBEYCOUNT,PEDESTRIANINVOLVED,CYCLISTINVOLVED,MOTORCYCLISTINVOLVED,ENVIRONMENTCONDITION1,ENVIRONMENTCONDITION2,SELFREPORTED,XMLIMPORTNOTES,LASTEDITEDDATE,CREATE_BY,CREATE_DATE
44863,16-015731,1453488360000,2016,1,22,18,46,0,Friday,541068.0,4811108.0,0.0,0.0,At intersection,2,P.D. only,Within intersection,unknown,unknown,Rear end,Unknown,"Dark, artificial","08 - Dark, artificial",Municipal (excl. Twp. Rd.),Stop sign,Functioning,0,0,0,False,False,False,Clear,,False,DOON VILLAGE RD ; UPPER CANADA DR ; At,3/4/2020 10:15:58 AM,,
44864,16-015739,1452292200000,2016,1,8,22,30,0,Friday,541068.0,4811108.0,0.0,0.0,At/near private drive,2,P.D. only,Right shoulder,unknown,unknown,SMV unattended vehicle,Unknown,Dark,07 - Dark,Municipal (excl. Twp. Rd.),No control,unknown,0,0,0,False,False,False,Rain,,False,SAMUEL ST; SAMUEL ST ; At,3/4/2020 10:15:57 AM,,
44865,16-016249,1453552080000,2016,1,23,12,28,0,Saturday,541068.0,4811108.0,0.0,0.0,At/near private drive,2,P.D. only,Thru lane,unknown,unknown,Turning movement,Unknown,Daylight,01 - Daylight,Municipal (excl. Twp. Rd.),No control,unknown,0,0,0,False,False,False,Clear,,False,CEDAR ST N; 376 KING ST E; Near; 1 M,3/4/2020 10:15:56 AM,,
44866,16-016360,1453554000000,2016,1,23,13,0,0,Saturday,541068.0,4811108.0,0.0,0.0,Intersection related,2,P.D. only,Thru lane,unknown,unknown,Rear end,Unknown,Daylight,01 - Daylight,Municipal (excl. Twp. Rd.),Traffic signal,Functioning,0,0,0,False,False,False,Clear,,False,KINGSWAY DR; EIGHTH AVE; 25 M,3/4/2020 10:15:56 AM,,
44867,16-016966,1453566600000,2016,1,23,16,30,0,Saturday,541068.0,4811108.0,0.0,0.0,Non intersection,2,P.D. only,Thru lane,unknown,unknown,SMV unattended vehicle,Unknown,Daylight,01 - Daylight,Municipal (excl. Twp. Rd.),No control,unknown,0,0,0,False,False,False,Clear,,False,VERONICA DR; VERONICA DR,3/4/2020 10:15:55 AM,,
44868,16-017774,1453725000000,2016,1,25,12,30,0,Monday,541068.0,4811108.0,0.0,0.0,Non intersection,2,Non-reportable,Thru lane,unknown,unknown,Rear end,Unknown,Daylight,01 - Daylight,Regional municipality,No control,unknown,0,0,0,False,False,False,Clear,,False,ONTARIO ST N; DUKE ST W,3/4/2020 10:15:54 AM,,
44869,16-017802,1453735800000,2016,1,25,15,30,0,Monday,538581.47196,4809084.23831,-80.52329399999999,43.433668999999995,Other,1,Non-fatal injury,Other,unknown,unknown,SMV other,Unknown,Daylight,01 - Daylight,Private property,No control,unknown,0,0,0,True,False,False,Clear,,False,HIGHLAND CRES; 2 M,3/4/2020 10:15:54 AM,,
44870,16-017828,1453654800000,2016,1,24,17,0,0,Sunday,541068.0,4811108.0,0.0,0.0,At/near private drive,2,P.D. only,Thru lane,unknown,unknown,SMV unattended vehicle,Unknown,Daylight,01 - Daylight,Municipal (excl. Twp. Rd.),No control,unknown,0,0,0,False,False,False,Clear,,False,APPLE RIDGE DR; 61 APPLE RIDGE DR; At,3/4/2020 10:15:53 AM,,
44871,16-018222,1453795860000,2016,1,26,8,11,0,Tuesday,543071.17162,4804908.19453,-80.46815099999999,43.395823,At/near private drive,2,P.D. only,Thru lane,unknown,unknown,Turning movement,Unknown,Daylight,01 - Daylight,Municipal (excl. Twp. Rd.),No control,unknown,0,0,0,False,False,False,Clear,,False,STRASBURG RD; STRASBURG RD ; 5 M,3/4/2020 10:15:52 AM,,
44872,16-018473,1453750200000,2016,1,25,19,30,0,Monday,541068.0,4811108.0,0.0,0.0,Non intersection,2,P.D. only,Thru lane,unknown,unknown,SMV unattended vehicle,Unknown,Dark,07 - Dark,Municipal (excl. Twp. Rd.),No control,unknown,0,0,0,False,False,False,Clear,,False,JACK AVE; BELMONT AVE W; Near,3/4/2020 10:15:52 AM,,
44873,16-018641,1453827600000,2016,1,26,17,0,0,Tuesday,540780.34016,4806672.71726,-80.49630599999999,43.411839,Non intersection,2,P.D. only,Not on roadway - right side,unknown,unknown,SMV other,Unknown,Daylight,01 - Daylight,Municipal (excl. Twp. Rd.),No control,unknown,0,0,0,False,False,False,Clear,,False,BLOCK LINE RD ; WESTMOUNT RD E; 500 M,3/4/2020 10:15:51 AM,,
44874,16-019000,1453882800000,2016,1,27,8,20,0,Wednesday,541068.0,4811108.0,0.0,0.0,At intersection,2,P.D. only,Within intersection,unknown,unknown,Turning movement,Unknown,Daylight,01 - Daylight,Municipal (excl. Twp. Rd.),Stop sign,Functioning,0,0,0,False,False,False,Snow,,False,CLAREMONT AVE ; BELMONT LANE E; At,3/4/2020 10:15:50 AM,,
44875,16-019255,1453905060000,2016,1,27,14,31,0,Wednesday,541068.0,4811108.0,0.0,0.0,Intersection related,2,P.D. only,Not on roadway - left side,unknown,unknown,SMV other,Unknown,Daylight,01 - Daylight,Municipal (excl. Twp. Rd.),No control,unknown,0,0,0,False,False,False,Clear,,False,MARKWOOD DR; ROSSFORD CRES,3/4/2020 10:15:50 AM,,
44876,16-019318,1453909920000,2016,1,27,15,52,0,Wednesday,544488.61985,4810651.71644,-80.450181,43.447455,At/near private drive,2,P.D. only,Thru lane,unknown,unknown,Turning movement,Unknown,Dusk,05 - Dusk,Regional municipality,No control,unknown,0,0,0,False,False,False,Clear,,False,FRANKLIN ST N; 505 FRANKLIN ST. N; Near; 1 M,3/4/2020 10:15:49 AM,,
44877,16-019729,1453967700000,2016,1,28,7,55,0,Thursday,541733.44914,4809932.85519,-80.484285,43.441140999999995,Intersection related,2,P.D. only,Thru lane,unknown,unknown,Sideswipe,Unknown,Daylight,01 - Daylight,Regional municipality,No control,unknown,0,0,0,False,False,False,Clear,,False,STIRLING AVE S; COURTLAND AVE E; Near; 55 M,3/4/2020 10:15:48 AM,,
44878,16-019968,1453988160000,2016,1,28,13,36,0,Thursday,541068.0,4811108.0,0.0,0.0,At/near private drive,2,P.D. only,Thru lane,unknown,unknown,Turning movement,Unknown,Daylight,01 - Daylight,Municipal (excl. Twp. Rd.),No control,unknown,0,0,0,False,False,False,Clear,,False,CEDAR ST N; 376 KING ST E; At; 2 M,3/4/2020 10:15:48 AM,,
44879,16-020019,1453908600000,2016,1,27,15,30,0,Wednesday,541068.0,4811108.0,0.0,0.0,Other,2,P.D. only,Off highway,unknown,unknown,SMV unattended vehicle,Unknown,Daylight,01 - Daylight,Private property,No control,unknown,0,0,0,False,False,False,Clear,,False,PRIVATE DRIVEWAY; ACTIVA AVE ; At,3/4/2020 10:15:47 AM,,
44880,16-020108,1453992900000,2016,1,28,14,55,0,Thursday,541068.0,4811108.0,0.0,0.0,Non intersection,2,P.D. only,Thru lane,unknown,unknown,Sideswipe,Unknown,Daylight,01 - Daylight,Regional municipality,No control,unknown,0,0,0,False,False,False,Snow,,False,HURON RD; BATTLER RD; Near,3/4/2020 10:15:46 AM,,
44881,16-020130,1454001180000,2016,1,28,17,13,0,Thursday,541068.0,4811108.0,0.0,0.0,Intersection related,2,P.D. only,Thru lane,unknown,unknown,Rear end,Unknown,"Dusk, artificial","06 - Dusk, artificial",Municipal (excl. Twp. Rd.),Stop sign,Functioning,0,0,0,False,False,False,Snow,,False,DAVID ST; JUBILEE DR; Near; 3 M,3/4/2020 10:15:46 AM,,
44882,16-020146,1454002560000,2016,1,28,17,36,0,Thursday,541068.0,4811108.0,0.0,0.0,Non intersection,2,P.D. only,Not on roadway - right side,unknown,unknown,SMV other,Unknown,"Dark, artificial","08 - Dark, artificial",Municipal (excl. Twp. Rd.),No control,unknown,0,0,0,False,False,False,Snow,,False,QUEENS BLVD; SILVERSPRING CRES ; Near; 20 M,3/4/2020 10:15:45 AM,,
44883,16-020189,1454006280000,2016,1,28,18,38,0,Thursday,541068.0,4811108.0,0.0,0.0,At intersection,1,Non-fatal injury,Within intersection,unknown,unknown,Turning movement,Unknown,"Dark, artificial","08 - Dark, artificial",Municipal (excl. Twp. Rd.),Stop sign,Functioning,0,0,0,False,False,False,Snow,,False,ZELLER DR; WILD MEADOW ST,3/4/2020 10:15:44 AM,,
44884,16-020230,1454009940000,2016,1,28,19,39,0,Thursday,541068.0,4811108.0,0.0,0.0,Non intersection,1,Non-fatal injury,Thru lane,unknown,unknown,Approaching,Unknown,Dark,07 - Dark,Municipal (excl. Twp. Rd.),No control,unknown,0,0,0,False,False,False,Snow,,False,DIXON ST ; CARWOOD AVE ; 80 M,3/4/2020 10:15:44 AM,,
44885,16-020517,1454050800000,2016,1,29,7,0,0,Friday,541068.0,4811108.0,0.0,0.0,At/near private drive,2,P.D. only,Thru lane,unknown,unknown,Other,Unknown,Daylight,01 - Daylight,Municipal (excl. Twp. Rd.),No control,unknown,0,0,0,False,False,False,Clear,,False,ST LEGER ST; ST LEGER ST ; At,3/4/2020 10:15:43 AM,,
44886,16-020595,1454009400000,2016,1,28,19,30,0,Thursday,541068.0,4811108.0,0.0,0.0,Non intersection,2,P.D. only,Right shoulder,unknown,unknown,SMV unattended vehicle,Unknown,Dark,07 - Dark,Municipal (excl. Twp. Rd.),No control,unknown,0,0,0,False,False,False,Snow,,False,SIMS ESTATE DR; SIMS ESTATE DR ; Near,3/4/2020 10:15:42 AM,,
44887,16-020677,1454003700000,2016,1,28,17,55,0,Thursday,541068.0,4811108.0,0.0,0.0,Non intersection,2,P.D. only,Thru lane,unknown,unknown,Angle,Unknown,Dark,07 - Dark,Municipal (excl. Twp. Rd.),No control,unknown,0,0,0,False,False,False,Snow,,False,FIRST AVE; FIRST AVE ; Near,3/4/2020 10:15:42 AM,,
44888,16-021336,1454141700000,2016,1,30,8,15,0,Saturday,543513.29159,4808924.67081,-80.462372,43.431962,Non intersection,2,P.D. only,Thru lane,unknown,unknown,SMV unattended vehicle,Unknown,Daylight,01 - Daylight,Municipal (excl. Twp. Rd.),No control,unknown,0,0,0,False,False,False,Clear,,False,DIXON ST; DIXON ST; Near; 15 M,3/4/2020 10:15:41 AM,,
44889,16-021444,1453571400000,2016,1,23,17,50,0,Saturday,541068.0,4811108.0,0.0,0.0,At/near private drive,2,P.D. only,Left shoulder,unknown,unknown,SMV unattended vehicle,Unknown,Dusk,05 - Dusk,Municipal (excl. Twp. Rd.),No control,unknown,0,0,0,False,False,False,Clear,,False,WHITE SANDS CRT; WHITE SANDS CRT ; At,3/4/2020 10:15:40 AM,,
44890,16-021489,1454156700000,2016,1,30,12,25,0,Saturday,549006.13056,4806542.84197,-80.394722,43.410177,At/near private drive,2,P.D. only,Thru lane,unknown,unknown,Angle,Unknown,Daylight,01 - Daylight,Regional municipality,Stop sign,Functioning,0,0,0,False,False,False,Clear,,False,SPORTSWORLD CROSSING RD;  SPORTSWORLD CROSSING RD; Near; 3 M,3/4/2020 10:15:40 AM,,
44891,16-021667,1454086800000,2016,1,29,17,0,0,Friday,541068.0,4811108.0,0.0,0.0,At/near private drive,2,Non-reportable,Right shoulder,unknown,unknown,SMV unattended vehicle,Unknown,Daylight,01 - Daylight,Municipal (excl. Twp. Rd.),No control,unknown,0,0,0,False,False,False,Clear,,False,WINSLOW DR; WINSLOW DR ; Near,3/4/2020 10:15:39 AM,,
44892,16-022347,1454253720000,2016,1,31,15,22,0,Sunday,541068.0,4811108.0,0.0,0.0,Non intersection,2,P.D. only,Thru lane,unknown,unknown,SMV unattended vehicle,Unknown,Daylight,01 - Daylight,Municipal (excl. Twp. Rd.),No control,unknown,0,0,0,False,False,False,Rain,,False,DRIFTWOOD DR; 202 DRIFTWOOD DR; 0 M,3/4/2020 10:15:38 AM,,
44893,16-022445,1454264160000,2016,1,31,18,16,0,Sunday,541068.0,4811108.0,0.0,0.0,At intersection,1,Non-fatal injury,Within intersection,unknown,unknown,SMV other,Unknown,Dusk,05 - Dusk,Municipal (excl. Twp. Rd.),Stop sign,Functioning,0,0,0,True,False,False,Clear,,False,JUBILEE DR; DAVID ST; At,3/4/2020 10:15:38 AM,,
44894,16-022729,1454314500000,2016,2,1,8,15,0,Monday,539503.93294,4810141.65767,-80.51182,43.443141999999995,Non intersection,2,P.D. only,Right shoulder,unknown,unknown,SMV other,Unknown,Daylight,01 - Daylight,Municipal (excl. Twp. Rd.),Traffic signal,Functioning,0,0,0,False,False,False,Clear,,False,BELMONT AVE W; VICTORIA ST S; 50 M,3/4/2020 10:15:37 AM,,
44895,16-022900,1454180400000,2016,1,30,19,0,0,Saturday,541068.0,4811108.0,0.0,0.0,Non intersection,2,P.D. only,Thru lane,unknown,unknown,SMV unattended vehicle,Unknown,"Dusk, artificial","06 - Dusk, artificial",Municipal (excl. Twp. Rd.),No control,unknown,0,0,0,False,False,False,Clear,,False,LOUISA ST; 310 LOUISA ST; Near,3/4/2020 10:15:36 AM,,
44896,16-023174,1454345100000,2016,2,1,16,45,0,Monday,541068.0,4811108.0,0.0,0.0,At intersection,2,P.D. only,Within intersection,unknown,unknown,Angle,Unknown,Daylight,01 - Daylight,Municipal (excl. Twp. Rd.),Yield sign,Functioning,0,0,0,False,False,False,Clear,,False,BLOCK LINE RD; FALLOWFIELD DR; At,3/4/2020 10:15:36 AM,,
44897,16-023529,1454398920000,2016,2,2,7,42,0,Tuesday,541631.97193,4811412.78864,-80.48542599999999,43.454471999999996,At intersection,2,P.D. only,Within intersection,unknown,unknown,Angle,Unknown,Daylight,01 - Daylight,Regional municipality,Traffic signal,Functioning,0,0,1,False,False,False,Clear,,False,QUEEN ST N; MARGARET AVE; At,3/4/2020 10:15:35 AM,,
44898,16-023727,1454418120000,2016,2,2,13,2,0,Tuesday,541328.90274,4810869.60957,-80.48921299999999,43.449597999999995,Non intersection,2,P.D. only,Thru lane,unknown,unknown,SMV unattended vehicle,Unknown,Daylight,01 - Daylight,Regional municipality,No control,unknown,0,0,0,False,False,False,Clear,,False,QUEEN ST S; KING ST W; 10 M,3/4/2020 10:15:34 AM,,
44899,16-025319,1454590200000,2016,2,4,12,50,0,Thursday,541068.0,4811108.0,0.0,0.0,At/near private drive,2,P.D. only,Thru lane,unknown,unknown,SMV unattended vehicle,Unknown,Daylight,01 - Daylight,Municipal (excl. Twp. Rd.),No control,unknown,0,0,0,False,False,False,Clear,,False,GRUHN ST; 66 GRUHN ST; At,3/4/2020 10:15:34 AM,,
44900,16-025584,1454609100000,2016,2,4,18,5,0,Thursday,541068.0,4811108.0,0.0,0.0,At intersection,2,P.D. only,Within intersection,unknown,unknown,Turning movement,Unknown,"Dusk, artificial","06 - Dusk, artificial",Municipal (excl. Twp. Rd.),Stop sign,Functioning,0,0,0,False,False,False,Clear,,False,UNION BLVD; YORK ST; At,3/4/2020 10:15:33 AM,,
44901,16-025608,1454617680000,2016,2,4,20,28,0,Thursday,541774.55758,4812935.43954,-80.483547,43.468174,At intersection,2,P.D. only,Within intersection,unknown,unknown,SMV other,Unknown,Dark,07 - Dark,Municipal (excl. Twp. Rd.),Stop sign,Functioning,0,0,0,False,False,False,Clear,,False,ARNOLD ST; CLIFTON RD,3/4/2020 10:15:32 AM,,
44902,16-025968,1454601600000,2016,2,4,16,0,0,Thursday,541068.0,4811108.0,0.0,0.0,At/near private drive,2,P.D. only,Thru lane,unknown,unknown,Turning movement,Unknown,Daylight,01 - Daylight,Municipal (excl. Twp. Rd.),No control,unknown,0,0,0,False,False,False,Clear,,False,BINGEMANS CENTRE DR; BINGEMANS CENTRE DR ; At; 1 M,3/4/2020 10:15:32 AM,,
44903,16-026219,1454518800000,2016,2,3,17,0,0,Wednesday,541068.0,4811108.0,0.0,0.0,Intersection related,2,P.D. only,Left turn lane,unknown,unknown,Rear end,Unknown,Daylight,01 - Daylight,Municipal (excl. Twp. Rd.),Traffic signal,Functioning,0,0,0,False,False,False,Clear,,False,PARK ST; GLASGOW ST,3/4/2020 10:15:31 AM,,
44904,16-026259,1454687400000,2016,2,5,15,50,0,Friday,542784.28234,4804146.49397,-80.47175299999999,43.388981,At intersection,2,P.D. only,Within intersection,unknown,unknown,Turning movement,Unknown,Daylight,01 - Daylight,Regional municipality,Stop sign,Functioning,0,0,0,False,False,False,Clear,,False,HURON RD; PARKVALE DR; At,3/4/2020 10:15:30 AM,,
44905,16-026361,1454697000000,2016,2,5,18,30,0,Friday,543897.36646,4811904.17493,-80.457387,43.458766999999995,At intersection,1,Non-fatal injury,Within intersection,unknown,unknown,Turning movement,Unknown,Dark,07 - Dark,Municipal (excl. Twp. Rd.),Traffic signal,Functioning,0,0,0,False,False,False,Clear,,False,KRUG ST; RIVER RD E; At; 0 M,3/4/2020 10:15:30 AM,,
44906,16-026662,1454723700000,2016,2,6,1,55,0,Saturday,540798.03067,4809182.90998,-80.4959,43.434439999999995,Non intersection,2,Other,Not on roadway - right side,unknown,unknown,SMV other,Unknown,Dark,07 - Dark,Municipal (excl. Twp. Rd.),No control,unknown,0,0,0,False,False,False,Clear,,False,STIRLING AVE S; PLEASANT AVE ; Near; 8 M,3/4/2020 10:15:29 AM,,
44907,16-027712,1453221900000,2016,1,19,16,45,0,Tuesday,541068.0,4811108.0,0.0,0.0,At/near private drive,2,P.D. only,Thru lane,unknown,unknown,SMV unattended vehicle,Unknown,Daylight,01 - Daylight,Municipal (excl. Twp. Rd.),No control,unknown,0,0,0,False,False,False,Snow,,False,BLUE LACE CRES; BLUE LACE CRES ; Near,3/4/2020 10:15:28 AM,,
44908,16-028096,1454882340000,2016,2,7,21,59,0,Sunday,545274.14879,4806434.26053,-80.440823,43.409434,At intersection,1,Non-fatal injury,Within intersection,unknown,unknown,Angle,Stop sign,Dark,07 - Dark,Municipal (excl. Twp. Rd.),Stop sign,Functioning,0,0,1,False,False,False,Clear,,False,WABANAKI DR; WILSON AVE ; At; 3.5 M,3/4/2020 10:15:28 AM,,
44909,16-028379,1454863500000,2016,2,7,16,45,0,Sunday,541068.0,4811108.0,0.0,0.0,Intersection related,1,Non-fatal injury,Thru lane,unknown,unknown,Rear end,Unknown,Daylight,01 - Daylight,Regional municipality,Traffic signal,Functioning,0,0,0,False,False,False,Clear,,False,KING ST E; BORDEN AVE N; Near,3/4/2020 10:15:27 AM,,
44910,16-028457,1454918400000,2016,2,8,8,0,0,Monday,546897.6099,4805975.33031,-80.420812,43.405201999999996,Non intersection,2,P.D. only,Off highway,unknown,unknown,SMV other,Unknown,Dawn,03 - Dawn,Municipal (excl. Twp. Rd.),No control,unknown,0,0,0,False,False,False,Clear,,False,DEER RIDGE CRES; DEER RIDGE CRES ; 5 M,3/4/2020 10:15:26 AM,,
44911,16-028486,1454922000000,2016,2,8,9,0,0,Monday,540317.19466,4805592.42684,-80.502106,43.402136999999996,Non intersection,1,Non-fatal injury,Thru lane,unknown,unknown,SMV other,Unknown,Daylight,01 - Daylight,Municipal (excl. Twp. Rd.),Other,Functioning,0,0,0,True,False,False,Clear,,False,COMMONWEALTH ST; COMMONWEALTH ST ; 4 M,3/4/2020 10:15:26 AM,,
44912,16-028939,1454984700000,2016,2,9,2,25,0,Tuesday,545981.15846,4805449.1471,-80.432174,43.400521,Non intersection,2,P.D. only,Off highway,unknown,unknown,SMV other,Unknown,Dark,07 - Dark,Municipal (excl. Twp. Rd.),No control,unknown,0,0,0,False,False,False,Snow,,False,MILL PARK DR; GREEN VALLEY DR ; 1 M,3/4/2020 10:15:25 AM,,
44913,16-029101,1455008220000,2016,2,9,8,57,0,Tuesday,540389.00441,4812515.50673,-80.50070699999999,43.464469,At intersection,1,Non-fatal injury,Within intersection,unknown,unknown,Angle,Unknown,Daylight,01 - Daylight,Municipal (excl. Twp. Rd.),Stop sign,Functioning,0,0,0,False,False,False,Clear,,False,HARTWOOD AVE; ELLIS AVE,3/4/2020 10:15:24 AM,,
44914,16-029405,1455024000000,2016,2,9,13,20,0,Tuesday,541068.0,4811108.0,0.0,0.0,At/near private drive,2,P.D. only,Thru lane,unknown,unknown,Turning movement,Unknown,Daylight,01 - Daylight,Municipal (excl. Twp. Rd.),No control,unknown,0,0,0,False,False,False,Clear,,False,DODDS LANE; 914 KING ST W LOT; At,3/4/2020 10:15:24 AM,,
44915,16-029539,1455003900000,2016,2,9,7,45,0,Tuesday,541068.0,4811108.0,0.0,0.0,Intersection related,2,P.D. only,Thru lane,unknown,unknown,Rear end,Unknown,Daylight,01 - Daylight,Regional municipality,Traffic signal,Functioning,0,0,0,False,False,False,Clear,,False,HOFFMAN ST; HIGHLAND RD E; At,3/4/2020 10:15:23 AM,,
44916,16-029695,1455073320000,2016,2,10,3,2,0,Wednesday,543101.59943,4805432.04052,-80.467734,43.400538,Non intersection,2,P.D. only,Thru lane,unknown,unknown,SMV other,Unknown,"Dark, artificial","08 - Dark, artificial",Regional municipality,Stop sign,Functioning,0,0,0,False,False,False,Snow,,False,STRASBURG RD; TRILLIUM DR ; Near; 116 M,3/4/2020 10:15:22 AM,,
44917,16-029845,1455010200000,2016,2,9,9,30,0,Tuesday,541068.0,4811108.0,0.0,0.0,At/near private drive,2,P.D. only,Thru lane,unknown,unknown,Other,Unknown,Daylight,01 - Daylight,Municipal (excl. Twp. Rd.),No control,unknown,0,0,0,False,False,False,Clear,,False,CARSON DR; CARSON DR ; Near,3/4/2020 10:15:22 AM,,
44918,16-029901,1455101100000,2016,2,10,10,45,0,Wednesday,547571.33831,4804340.43744,-80.412634,43.390439,Non intersection,2,P.D. only,Thru lane,unknown,unknown,Rear end,Unknown,Daylight,01 - Daylight,Municipal (excl. Twp. Rd.),No control,unknown,0,0,0,False,False,False,Snow,,False,DOON VALLEY DR ; CONESTOGA COLLEGE BLVD ; Near; 200 M,3/4/2020 10:15:21 AM,,
44919,16-029972,1455107040000,2016,2,10,12,24,0,Wednesday,540103.37912,4803074.42174,-80.504931,43.379476,At/near private drive,2,P.D. only,Thru lane,unknown,unknown,Rear end,Unknown,Daylight,01 - Daylight,Regional municipality,No control,unknown,0,0,0,False,False,False,Snow,,False,HURON RD; HURON RD ; At; 22 M,3/4/2020 10:15:20 AM,,
44920,16-029985,1447596000000,2015,11,15,14,0,0,Sunday,541068.0,4811108.0,0.0,0.0,Non intersection,2,P.D. only,Thru lane,unknown,unknown,Rear end,Unknown,Daylight,01 - Daylight,Regional municipality,No control,unknown,0,0,0,False,False,False,Clear,,False,KING ST E; CEDAR ST N; Near,3/4/2020 10:15:20 AM,,
44921,16-030072,1455117240000,2016,2,10,15,14,0,Wednesday,545927.95364,4809481.55338,-80.432492,43.436831999999995,Non intersection,2,P.D. only,Not on roadway - right side,unknown,unknown,SMV other,Unknown,Daylight,01 - Daylight,Municipal (excl. Twp. Rd.),No control,unknown,0,0,0,False,False,False,Snow,,False,BURGETZ AVE; THALER AVE ; Near; 80 M,3/4/2020 10:15:19 AM,,
44922,16-030208,1455129000000,2016,2,10,18,30,0,Wednesday,541068.0,4811108.0,0.0,0.0,At intersection,2,P.D. only,Within intersection,unknown,unknown,Angle,Unknown,Dark,07 - Dark,Municipal (excl. Twp. Rd.),Stop sign,Functioning,0,0,0,False,False,False,Snow,,False,SIMEON ST; PANDORA AVE N; At,3/4/2020 10:15:18 AM,,
44923,16-030460,1455168600000,2016,2,11,5,30,0,Thursday,538778.42968,4807809.72685,-80.520951,43.422183,Non intersection,2,P.D. only,Not on roadway - right side,unknown,unknown,SMV other,Unknown,"Dark, artificial","08 - Dark, artificial",Municipal (excl. Twp. Rd.),Stop sign,Functioning,0,0,0,False,False,False,Clear,,False,ELM RIDGE DR ; MCGARRY DR; 2 M,3/4/2020 10:15:18 AM,,
44924,16-030555,1455183780000,2016,2,11,9,43,0,Thursday,543563.84971,4812259.96395,-80.46148099999999,43.46199,At intersection,1,Non-fatal injury,Within intersection,unknown,unknown,Turning movement,Unknown,Daylight,01 - Daylight,Regional municipality,Traffic signal,Functioning,0,0,0,False,False,False,Clear,,False,RIVER RD E; FREDERICK ST,3/4/2020 10:15:17 AM,,
44925,16-030600,1455187560000,2016,2,11,10,46,0,Thursday,541232.86029,4810948.43034,-80.490394,43.450313,At intersection,1,Non-fatal injury,Within intersection,unknown,unknown,SMV other,Unknown,Daylight,01 - Daylight,Regional municipality,Traffic signal,Functioning,0,0,0,True,False,False,Clear,,False,KING ST W; ONTARIO ST N; At,3/4/2020 10:15:16 AM,,
44926,16-030613,1455188820000,2016,2,11,11,7,0,Thursday,545447.64229,4811770.73715,-80.438236,43.457473,Intersection related,2,P.D. only,Not on roadway - right side,unknown,unknown,SMV other,Unknown,Daylight,01 - Daylight,Municipal (excl. Twp. Rd.),No control,unknown,0,0,0,False,False,False,Clear,,False,INDIAN RD ; QUEENSTON DR,3/4/2020 10:15:16 AM,,
44927,16-030618,1455188700000,2016,2,11,11,5,0,Thursday,539596.74224,4810763.25535,-80.510628,43.448733999999995,Non intersection,2,P.D. only,Right shoulder,unknown,unknown,SMV unattended vehicle,Unknown,Daylight,01 - Daylight,Municipal (excl. Twp. Rd.),No control,unknown,0,0,0,False,False,False,Clear,,False,GAGE AVE; GAGE AVE ; 7 M,3/4/2020 10:15:15 AM,,
44928,16-030652,1455191520000,2016,2,11,11,52,0,Thursday,545247.44624,4811969.0804,-80.440694,43.459271,Non intersection,2,P.D. only,Thru lane,unknown,unknown,Approaching,Unknown,Daylight,01 - Daylight,Municipal (excl. Twp. Rd.),No control,unknown,0,0,0,False,False,False,Clear,,False,QUEENSTON CRES; QUEENSTON DR; Near; 5 M,3/4/2020 10:15:14 AM,,
44929,16-030732,1454787000000,2016,2,6,19,30,0,Saturday,542895.96825,4810057.8759,-80.46991,43.442201,At/near private drive,2,P.D. only,Thru lane,unknown,unknown,SMV unattended vehicle,Unknown,Dark,07 - Dark,Municipal (excl. Twp. Rd.),No control,unknown,0,0,0,False,False,False,Clear,,False,BRICK ST ; 11 OTTAWA ST N; Near; 15 M,3/4/2020 10:15:13 AM,,
44930,16-030763,1455197400000,2016,2,11,13,30,0,Thursday,541068.0,4811108.0,0.0,0.0,At intersection,1,Non-fatal injury,Within intersection,unknown,unknown,Turning movement,Unknown,Daylight,01 - Daylight,Municipal (excl. Twp. Rd.),Stop sign,Functioning,0,0,0,False,False,False,Clear,,False,DOON SOUTH DR; DOON VILLAGE RD; At,3/4/2020 10:15:13 AM,,
44931,16-030808,1455198000000,2016,2,11,13,40,0,Thursday,541068.0,4811108.0,0.0,0.0,At/near private drive,2,P.D. only,Thru lane,unknown,unknown,Other,Unknown,Daylight,01 - Daylight,Private property,No control,unknown,0,0,0,False,False,False,Clear,,False,HOPP ST ; MADISON AVE S; At,3/4/2020 10:15:12 AM,,
44932,16-030866,1455209400000,2016,2,11,16,50,0,Thursday,542192.8854,4810731.58151,-80.478546,43.448307,At/near private drive,2,P.D. only,Thru lane,unknown,unknown,SMV unattended vehicle,Unknown,Dark,07 - Dark,Municipal (excl. Twp. Rd.),No control,unknown,0,0,0,False,False,False,Clear,,False,CAMERON ST N; WEBER ST E; 59 M,3/4/2020 10:15:11 AM,,
44933,16-030902,1455210600000,2016,2,11,17,10,0,Thursday,539832.47885,4811141.69682,-80.50768699999999,43.452129,Non intersection,2,P.D. only,Thru lane,unknown,unknown,Rear end,Unknown,Dusk,05 - Dusk,Municipal (excl. Twp. Rd.),No control,unknown,0,0,0,False,False,False,Clear,,False,PARK ST; DOMINION ST; Near; 40 M,3/4/2020 10:15:10 AM,,