OBJECTID,ACCIDENTNUM,ACCIDENTDATE,ACCIDENT_YEAR,ACCIDENT_MONTH,ACCIDENT_DAY,ACCIDENT_HOUR,ACCIDENT_MINUTE,ACCIDENT_SECOND,ACCIDENT_WEEKDAY,XCOORD,YCOORD,LONGITUDE,LATITUDE,ACCIDENTLOCATION,COLLISIONTYPE,CLASSIFICATIONOFACCIDENT,IMPACTLOCATION,INITIALDIRECTIONOFTRAVELONE,INITIALDIRECTIONOFTRAVELTWO,INITIALIMPACTTYPE,INTTRAFFICCONTROL,LIGHT,LIGHTFORREPORT,ROADJURISDICTION,TRAFFICCONTROL,TRAFFICCONTROLCONDITION,THRULANENO,NORTHBOUNDDISOBEYCOUNT,SOUTHBOUNDDISOBEYCOUNT,PEDESTRIANINVOLVED,CYCLISTINVOLVED,MOTORCYCLISTINVOLVED,ENVIRONMENTCONDITION1,ENVIRONMENTCONDITION2,SELFREPORTED,XMLIMPORTNOTES,LASTEDITEDDATE,CREATE_BY,CREATE_DATE
45139,16-083582,1461175860000,2016,4,20,18,11,0,Wednesday,540272.00708,4809580.67865,-80.50237,43.43805,At/near private drive,2,P.D. only,Thru lane,unknown,unknown,Sideswipe,Unknown,Dusk,05 - Dusk,Regional municipality,Traffic signal,Functioning,0,0,0,False,False,False,Clear,,False,QUEENS BLVD; QUEENS BLVD ; At; 10 M,3/4/2020 10:12:51 AM,,
45140,16-084115,1461240600000,2016,4,21,12,10,0,Thursday,541068.0,4811108.0,0.0,0.0,Non intersection,1,Non-fatal injury,Not on roadway - left side,unknown,unknown,SMV other,Unknown,Daylight,01 - Daylight,Regional municipality,Traffic signal,Functioning,0,0,0,False,False,False,Rain,,False,KEATS WAY ; FISCHER HALLMAN RD; Near; 15 M,3/4/2020 10:12:50 AM,,
45141,16-084387,1461259800000,2016,4,21,17,30,0,Thursday,538784.62793,4810968.10596,-80.52065,43.450621,At intersection,2,P.D. only,Within intersection,unknown,unknown,Turning movement,Unknown,Daylight,01 - Daylight,Municipal (excl. Twp. Rd.),Stop sign,Functioning,0,0,0,False,False,False,Rain,,False,GLASGOW ST; DUNBAR RD,3/4/2020 10:12:49 AM,,
45142,16-084881,1461325140000,2016,4,22,11,39,0,Friday,544129.68167,4803889.71368,-80.455163,43.386590999999996,At/near private drive,2,P.D. only,Thru lane,unknown,unknown,Rear end,Unknown,Daylight,01 - Daylight,Municipal (excl. Twp. Rd.),No control,unknown,0,0,0,False,False,False,Clear,,False,CARYNDALE DR; CARYNDALE DR ; At; 9 M,3/4/2020 10:12:49 AM,,
45143,16-085295,1461359100000,2016,4,22,21,5,0,Friday,542530.84932,4815961.95648,-80.473961,43.495382,Non intersection,2,P.D. only,Right shoulder,unknown,unknown,SMV unattended vehicle,Unknown,"Dark, artificial","08 - Dark, artificial",Municipal (excl. Twp. Rd.),No control,unknown,0,0,0,False,False,False,Clear,,False,FALCONRIDGE DR; RIVERLINK WAY ; 100 M,3/4/2020 10:12:48 AM,,
45144,16-085566,1461385380000,2016,4,23,4,23,0,Saturday,543074.8537,4812798.47015,-80.467483,43.466867,Intersection related,2,P.D. only,Not on roadway - right side,unknown,unknown,SMV other,Unknown,Dark,07 - Dark,Municipal (excl. Twp. Rd.),Stop sign,Functioning,0,0,0,False,False,False,Clear,,False,RIVERBEND DR ; WELLINGTON ST N; At,3/4/2020 10:12:47 AM,,
45145,16-085870,1461344400000,2016,4,22,17,0,0,Friday,536745.26004,4807871.42566,-80.54606299999999,43.422841,At/near private drive,2,P.D. only,Thru lane,unknown,unknown,Other,Unknown,Daylight,01 - Daylight,Municipal (excl. Twp. Rd.),No control,unknown,0,0,0,False,False,False,Clear,,False,NEWBURY DR; NEWBURY DR ; At,3/4/2020 10:12:47 AM,,
45146,16-085942,1461426900000,2016,4,23,15,55,0,Saturday,541068.0,4811108.0,0.0,0.0,Non intersection,2,P.D. only,Right shoulder,unknown,unknown,SMV unattended vehicle,Unknown,Daylight,01 - Daylight,Municipal (excl. Twp. Rd.),No control,unknown,0,0,0,False,False,False,Clear,,False,WEST OAK TRAIL; LUDOLPH ST ; Near; 105 M,3/4/2020 10:12:46 AM,,
45147,16-086063,1461436800000,2016,4,23,18,40,0,Saturday,544740.39192,4809036.31942,-80.44720199999999,43.432894999999995,Non intersection,2,P.D. only,Thru lane,unknown,unknown,Rear end,Unknown,Daylight,01 - Daylight,Municipal (excl. Twp. Rd.),No control,unknown,0,0,0,False,False,False,Clear,,False,KINGSWAY DR; EIGHTH AVE ; 100 M,3/4/2020 10:12:45 AM,,
45148,16-086462,1461485400000,2016,4,24,8,10,0,Sunday,544054.08684,4809673.73901,-80.45563,43.438674999999996,Non intersection,2,P.D. only,Thru lane,unknown,unknown,SMV unattended vehicle,Unknown,Other,99 - Other,Regional municipality,No control,unknown,0,0,0,False,False,False,Other,,False,SHANTZ LANE; PROSPECT AVE ; Near; 6 M,3/4/2020 10:12:45 AM,,
45149,16-086506,1461362400000,2016,4,22,22,0,0,Friday,538810.83487,4806693.31288,-80.52063,43.412129,Non intersection,2,P.D. only,Right shoulder,unknown,unknown,SMV unattended vehicle,Unknown,"Dark, artificial","08 - Dark, artificial",Regional municipality,No control,unknown,0,0,0,False,False,False,Clear,,False,WAKE ROBIN DR; WAKE ROBIN CRES ; 15 M,3/4/2020 10:12:44 AM,,
45150,16-086632,1461501000000,2016,4,24,12,30,0,Sunday,535480.93347,4809371.05307,-80.561584,43.436405,At intersection,2,P.D. only,Within intersection,unknown,unknown,Turning movement,Unknown,Daylight,01 - Daylight,Municipal (excl. Twp. Rd.),Yield sign,Functioning,0,0,0,False,False,False,Clear,,False,UNIVERSITY AVE W; THE BOARDWALK,3/4/2020 10:12:43 AM,,
45151,16-087437,1461600360000,2016,4,25,16,6,0,Monday,536857.60118,4809948.19807,-80.544535,43.441534999999995,At/near private drive,2,P.D. only,Not on roadway - right side,unknown,unknown,SMV other,Unknown,Daylight,01 - Daylight,Municipal (excl. Twp. Rd.),No control,unknown,0,0,0,False,False,False,Clear,,False,GLASGOW ST ; GLASGOW ST ; At; 2 M,3/4/2020 10:12:43 AM,,
45152,16-087832,1461657420000,2016,4,26,7,57,0,Tuesday,539700.78184,4811082.27954,-80.50931899999999,43.451601,At/near private drive,1,Non-fatal injury,Thru lane,unknown,unknown,Turning movement,Unknown,Daylight,01 - Daylight,Municipal (excl. Twp. Rd.),No control,unknown,0,0,0,False,True,False,Rain,,False,DOMINION ST; STRANGE ST; Near; 5 M,3/4/2020 10:12:42 AM,,
45153,16-087840,1461623400000,2016,4,25,22,30,0,Monday,541615.44968,4808517.7611,-80.485851,43.428405999999995,Non intersection,2,P.D. only,Left turn lane,unknown,unknown,Sideswipe,Unknown,"Dark, artificial","08 - Dark, artificial",Regional municipality,No control,unknown,0,0,0,False,False,False,Clear,,False,HOMER WATSON BLVD; W HWY 7 8 TO HOMER WATSON BLVD; Near,3/4/2020 10:12:41 AM,,
45154,16-087971,1461322800000,2016,4,22,11,0,0,Friday,540022.78612,4810936.58346,-80.50534999999999,43.450272,At/near private drive,2,P.D. only,Thru lane,unknown,unknown,Turning movement,Unknown,Daylight,01 - Daylight,Municipal (excl. Twp. Rd.),No control,unknown,0,0,0,False,False,False,Clear,,False,PARK ST; PARK ST ; At,3/4/2020 10:12:41 AM,,
45155,16-088085,1461680580000,2016,4,26,14,23,0,Tuesday,540880.12716,4810846.65986,-80.494761,43.449416,Non intersection,2,P.D. only,Not on roadway - right side,unknown,unknown,SMV other,Unknown,Daylight,01 - Daylight,Municipal (excl. Twp. Rd.),No control,unknown,0,0,0,False,False,False,Clear,,False,WATER ST S; RICHMOND AVE ; 5 M,3/4/2020 10:12:40 AM,,
45156,16-088172,1461651600000,2016,4,26,6,20,0,Tuesday,543072.26839,4805498.04564,-80.468091,43.401134,At intersection,2,P.D. only,Within intersection,unknown,unknown,Angle,Unknown,Dawn,03 - Dawn,Municipal (excl. Twp. Rd.),Stop sign,Functioning,0,0,0,False,False,False,Rain,,False,TRILLIUM DR ; STRASBURG RD,3/4/2020 10:12:39 AM,,
45157,16-088286,1461699420000,2016,4,26,19,37,0,Tuesday,544398.33519,4809186.10276,-80.451416,43.434264,Intersection related,2,P.D. only,Not on roadway - right side,unknown,unknown,SMV other,Unknown,Dusk,05 - Dusk,Municipal (excl. Twp. Rd.),Stop sign,Functioning,0,0,0,False,False,False,Clear,,False,FIFTH AVE; KINGSWAY DR; At; 0 M,3/4/2020 10:12:39 AM,,
45158,16-088595,1461745980000,2016,4,27,8,33,0,Wednesday,544057.06265,4804430.43934,-80.45601599999999,43.391464,Non intersection,2,P.D. only,Thru lane,unknown,unknown,SMV other,Unknown,Daylight,01 - Daylight,Municipal (excl. Twp. Rd.),No control,unknown,0,0,0,False,False,False,Clear,,False,BIEHN DR; MARL MEADOW DR; Near,3/4/2020 10:12:38 AM,,
45159,16-088925,1461773400000,2016,4,27,16,10,0,Wednesday,538960.15418,4806100.44538,-80.518828,43.406783,Non intersection,2,P.D. only,Thru lane,unknown,unknown,SMV other,Unknown,Daylight,01 - Daylight,Municipal (excl. Twp. Rd.),No control,unknown,0,0,0,False,False,False,Clear,,False,DAVID BERGEY DR; DAVID BERGEY DR; At; 3 M,3/4/2020 10:12:37 AM,,
45160,16-089505,1461837600000,2016,4,28,10,0,0,Thursday,540173.45382,4809414.38784,-80.5036,43.436558,At intersection,2,P.D. only,Within intersection,unknown,unknown,Turning movement,Unknown,Daylight,01 - Daylight,Municipal (excl. Twp. Rd.),Traffic signal,Functioning,0,0,0,False,False,False,Clear,,False,BELMONT AVE E; QUEENS BLVD,3/4/2020 10:12:37 AM,,
45161,16-089660,1461850200000,2016,4,28,13,30,0,Thursday,543045.86908,4812156.67902,-80.46789199999999,43.46109,Non intersection,2,P.D. only,Right shoulder,unknown,unknown,SMV unattended vehicle,Unknown,Daylight,01 - Daylight,Municipal (excl. Twp. Rd.),No control,unknown,0,0,0,False,False,False,Clear,,False,EPHRAIM ST; EPHRAIM ST ; At; 3 M,3/4/2020 10:12:36 AM,,
45162,16-089710,1461857880000,2016,4,28,15,38,0,Thursday,545126.03672,4812049.89721,-80.442188,43.460006,At intersection,1,Non-fatal injury,Within intersection,unknown,unknown,Turning movement,Unknown,Daylight,01 - Daylight,Municipal (excl. Twp. Rd.),Stop sign,Functioning,0,0,0,False,False,False,Clear,,False,CONFEDERATION DR; LORRAINE AVE; 1.5 M,3/4/2020 10:12:35 AM,,
45163,16-089733,1461859800000,2016,4,28,16,10,0,Thursday,543570.08454,4804978.14242,-80.461985,43.396423999999996,Intersection related,1,Non-fatal injury,Left turn lane,unknown,unknown,Rear end,Unknown,Daylight,01 - Daylight,Regional municipality,Traffic signal,Functioning,0,0,0,False,False,False,Clear,,False,HURON RD; BATTLER RD; At,3/4/2020 10:12:34 AM,,
45164,16-089844,1461869160000,2016,4,28,18,46,0,Thursday,546064.90384,4809491.59456,-80.430799,43.436914,At intersection,2,P.D. only,Within intersection,unknown,unknown,SMV other,Unknown,Daylight,01 - Daylight,Regional municipality,Traffic signal,Functioning,0,0,0,False,False,False,Clear,,False,RIVER RD E; KINZIE AVE,3/4/2020 10:12:33 AM,,
45165,16-090098,1461917340000,2016,4,29,8,9,0,Friday,541180.29688,4809393.25072,-80.49116099999999,43.436313,Intersection related,2,P.D. only,Left turn lane,unknown,unknown,Other,Unknown,Daylight,01 - Daylight,Regional municipality,Traffic signal,Functioning,0,0,0,False,False,False,Clear,,False,HIGHLAND RD E; STIRLING AVE S; 4 M,3/4/2020 10:12:33 AM,,
45166,16-090354,1461880800000,2016,4,28,22,0,0,Thursday,540270.80912,4811636.96949,-80.50223299999999,43.456565,Intersection related,2,P.D. only,Right shoulder,unknown,unknown,SMV unattended vehicle,Unknown,Dark,07 - Dark,Municipal (excl. Twp. Rd.),Stop sign,Functioning,0,0,0,False,False,False,Clear,,False,SHANLEY ST; MOORE AVE; At,3/4/2020 10:12:32 AM,,
45167,16-090952,1461943800000,2016,4,29,15,30,0,Friday,543004.13111,4811027.24563,-80.468497,43.450922999999996,Non intersection,2,P.D. only,Thru lane,unknown,unknown,SMV unattended vehicle,Unknown,Daylight,01 - Daylight,Municipal (excl. Twp. Rd.),No control,unknown,0,0,0,False,False,False,Clear,,False,PANDORA AVE N; PANDORA AVE N; At,3/4/2020 10:12:31 AM,,
45168,16-090965,1462007760000,2016,4,30,9,16,0,Saturday,542439.72665,4809605.85598,-80.475583,43.438157,At/near private drive,2,P.D. only,Thru lane,unknown,unknown,SMV unattended vehicle,Unknown,Daylight,01 - Daylight,Regional municipality,No control,unknown,0,0,0,False,False,False,Clear,,False,DUNDAS AVE ; OTTAWA ST S; Near; 10 M,3/4/2020 10:12:31 AM,,
45169,16-091002,1462010400000,2016,4,30,10,0,0,Saturday,545260.49902,4804508.25356,-80.44115099999999,43.392092999999996,Non intersection,2,P.D. only,Thru lane,unknown,unknown,Turning movement,Unknown,Daylight,01 - Daylight,Municipal (excl. Twp. Rd.),Traffic signal,Functioning,0,0,0,False,False,False,Clear,,False,DOON VILLAGE RD; BECHTEL DR,3/4/2020 10:12:30 AM,,
45170,16-091058,1461956400000,2016,4,29,19,0,0,Friday,541595.26638,4811434.66327,-80.485878,43.454671,Non intersection,2,P.D. only,Thru lane,unknown,unknown,SMV unattended vehicle,Unknown,"Dark, artificial","08 - Dark, artificial",Municipal (excl. Twp. Rd.),No control,unknown,0,0,0,False,False,False,Clear,,False,MARGARET AVE; 11 MARGARET ; At,3/4/2020 10:12:29 AM,,
45171,16-091186,1462023000000,2016,4,30,13,30,0,Saturday,541949.62554,4806544.49988,-80.48187399999999,43.41062,At/near private drive,2,P.D. only,Thru lane,unknown,unknown,Angle,Unknown,Daylight,01 - Daylight,Municipal (excl. Twp. Rd.),No control,unknown,0,0,0,False,False,False,Clear,,False,TUERR DR; 101 TUERR DR,3/4/2020 10:12:29 AM,,
45172,16-091391,1462031100000,2016,4,30,15,45,0,Saturday,547905.57774,4810729.99727,-80.407947,43.447949,At/near private drive,2,Non-reportable,Thru lane,unknown,unknown,SMV unattended vehicle,Unknown,Daylight,01 - Daylight,Municipal (excl. Twp. Rd.),No control,unknown,0,0,0,False,False,False,Clear,,False,COLTON CIR; COLTON CIR; At,3/4/2020 10:12:28 AM,,
45173,16-091625,1462086000000,2016,5,1,7,0,0,Sunday,541827.19881,4806911.12939,-80.483358,43.413928,At intersection,2,P.D. only,Within intersection,unknown,unknown,Turning movement,Unknown,Daylight,01 - Daylight,Municipal (excl. Twp. Rd.),No control,unknown,0,0,0,False,False,False,Rain,,False,BLOCK LINE RD; RITTENHOUSE RD,3/4/2020 10:12:27 AM,,
45174,16-091778,1462008600000,2016,4,30,9,30,0,Saturday,542518.24607,4807561.26754,-80.474772,43.419743,Intersection related,2,P.D. only,Thru lane,unknown,unknown,Turning movement,Unknown,Daylight,01 - Daylight,Municipal (excl. Twp. Rd.),Stop sign,Functioning,0,0,0,False,False,False,Clear,,False,GRACEFIELD CRES; KINGSWOOD DR,3/4/2020 10:12:27 AM,,
45175,16-091779,1462104480000,2016,5,1,12,8,0,Sunday,544621.53856,4808638.15284,-80.448703,43.429317,At intersection,2,P.D. only,Within intersection,unknown,unknown,Angle,Unknown,Daylight,01 - Daylight,Municipal (excl. Twp. Rd.),Stop sign,Functioning,0,0,0,False,False,False,Clear,,False,CONNAUGHT ST; NINTH AVE; 1 M,3/4/2020 10:12:26 AM,,
45176,16-091826,1462109040000,2016,5,1,13,24,0,Sunday,544906.93446,4807921.69902,-80.445236,43.422849,At/near private drive,1,Non-fatal injury,Thru lane,unknown,unknown,Rear end,Unknown,Daylight,01 - Daylight,Municipal (excl. Twp. Rd.),No control,unknown,0,0,0,False,False,False,Clear,,False,WILSON AVE; WILSON AVE ; At; 1 M,3/4/2020 10:12:25 AM,,
45177,16-092090,1462138560000,2016,5,1,21,36,0,Sunday,547508.38253,4808313.01782,-80.413066,43.426212,Non intersection,2,P.D. only,Thru lane,unknown,unknown,Sideswipe,Unknown,Daylight,01 - Daylight,Municipal (excl. Twp. Rd.),No control,unknown,0,0,0,False,False,False,Clear,,False,MORRISON RD; MANOR DR ; 17 M,3/4/2020 10:12:25 AM,,
45178,16-092092,1462138800000,2016,5,1,21,40,0,Sunday,541662.93295,4810409.09469,-80.48512,43.445433,Intersection related,2,P.D. only,Within intersection,unknown,unknown,Angle,Unknown,Dark,07 - Dark,Municipal (excl. Twp. Rd.),Stop sign,Functioning,0,0,0,False,False,False,Rain,,False,CHURCH ST; CEDAR ST S; At,3/4/2020 10:12:24 AM,,
45179,16-092462,1462111200000,2016,5,1,14,0,0,Sunday,539447.18321,4808222.08421,-80.51266,43.425861,At/near private drive,2,P.D. only,Thru lane,unknown,unknown,SMV unattended vehicle,Unknown,Daylight,01 - Daylight,Municipal (excl. Twp. Rd.),No control,unknown,0,0,0,False,False,False,Clear,,False,RIPPLEWOOD CRES; 115 RIPPLEWOOD CRES,3/4/2020 10:12:23 AM,,
45180,16-092660,1462208760000,2016,5,2,17,6,0,Monday,539231.51638,4810397.06206,-80.515168,43.445456,At/near private drive,2,P.D. only,Thru lane,unknown,unknown,Turning movement,Unknown,Daylight,01 - Daylight,Municipal (excl. Twp. Rd.),No control,unknown,0,0,0,False,False,False,Clear,,False,BRYBECK CRES; BRYBECK CRES ; Near; 5 M,3/4/2020 10:12:23 AM,,
45181,16-092682,1462207800000,2016,5,2,16,50,0,Monday,545793.91739,4808625.01914,-80.43422,43.429128,At intersection,2,P.D. only,Thru lane,unknown,unknown,Rear end,Unknown,Daylight,01 - Daylight,Regional municipality,No control,unknown,0,0,0,False,False,True,Clear,,False,KING ST E; MORGAN AVE,3/4/2020 10:12:22 AM,,
45182,16-093102,1460898900000,2016,4,17,13,15,0,Sunday,544994.94604,4805246.8134,-80.444369,43.398759,At/near private drive,2,P.D. only,Right shoulder,unknown,unknown,SMV unattended vehicle,Unknown,Daylight,01 - Daylight,Municipal (excl. Twp. Rd.),No control,unknown,0,0,0,False,False,False,Clear,,False,FARRIER DR; FARRIER DR ; At,3/4/2020 10:12:21 AM,,
45183,16-093363,1462201200000,2016,5,2,15,0,0,Monday,539793.05907,4809814.61735,-80.508271,43.440182,Non intersection,2,P.D. only,Right turn lane,unknown,unknown,Sideswipe,Unknown,Daylight,01 - Daylight,Municipal (excl. Twp. Rd.),Traffic signal,Functioning,0,0,0,False,False,False,Clear,,False,BELMONT AVE W; HIGHLAND RD W; Near,3/4/2020 10:12:21 AM,,
45184,16-093606,1462302600000,2016,5,3,19,10,0,Tuesday,541481.75166,4807895.77333,-80.48755,43.422813,Intersection related,2,P.D. only,Left turn lane,unknown,unknown,Rear end,Unknown,Dark,07 - Dark,Regional municipality,Traffic signal,Functioning,0,0,0,False,False,False,Clear,,False,STRASBURG RD; OTTAWA ST S; At; 8.6 M,3/4/2020 10:12:20 AM,,
45185,16-093656,1462313280000,2016,5,3,22,8,0,Tuesday,539524.84743,4810370.12161,-80.511545,43.445198,Non intersection,1,Non-fatal injury,Thru lane,unknown,unknown,SMV unattended vehicle,Unknown,"Dark, artificial","08 - Dark, artificial",Municipal (excl. Twp. Rd.),No control,unknown,0,0,0,False,False,False,Clear,,False,ADELAIDE ST; PATRICIA AVE ; Near; 60 M,3/4/2020 10:12:19 AM,,
45186,16-094267,1462380300000,2016,5,4,16,45,0,Wednesday,540797.73961,4810622.03898,-80.495796,43.447398,Non intersection,1,Non-fatal injury,Thru lane,unknown,unknown,Angle,Unknown,Daylight,01 - Daylight,Municipal (excl. Twp. Rd.),No control,unknown,0,0,0,False,True,False,Clear,,False,JUBILEE DR ; WATER ST S; Near; 21 M,3/4/2020 10:12:19 AM,,
45187,16-094496,1462403820000,2016,5,4,23,17,0,Wednesday,543114.58543,4808899.78711,-80.46730000000001,43.431760999999995,Non intersection,2,P.D. only,Not on roadway - right side,unknown,unknown,SMV other,Unknown,"Dark, artificial","08 - Dark, artificial",Regional municipality,No control,unknown,0,0,0,False,False,False,Clear,,False,CARWOOD AVE ; CARWOOD AVE; At; 5 M,3/4/2020 10:12:18 AM,,
45188,16-094963,1462457100000,2016,5,5,14,5,0,Thursday,541400.68572,4803953.17933,-80.48885,43.387318,Other,2,P.D. only,Off highway,unknown,unknown,Other,Unknown,Daylight,01 - Daylight,Private property,No control,unknown,0,0,0,False,False,False,Clear,,False,SEABROOK DR ; AMAND DR ; Near; 2 K,3/4/2020 10:12:17 AM,,
45189,16-094980,1462298400000,2016,5,3,18,0,0,Tuesday,544303.15589,4809222.90471,-80.452589,43.434601,At intersection,1,Non-fatal injury,Within intersection,unknown,unknown,Turning movement,Unknown,Daylight,01 - Daylight,Municipal (excl. Twp. Rd.),Stop sign,Functioning,0,0,0,False,False,False,Clear,,False,KINGSWAY DR; FOURTH AVE,3/4/2020 10:12:16 AM,,
45190,16-095100,1462468800000,2016,5,5,17,20,0,Thursday,541465.74769,4809537.71348,-80.487623,43.437598,At intersection,2,P.D. only,Within intersection,unknown,unknown,Turning movement,Unknown,Daylight,01 - Daylight,Municipal (excl. Twp. Rd.),Traffic signal,Functioning,0,0,0,False,False,False,Clear,,False,MILL ST; STIRLING AVE S,3/4/2020 10:12:16 AM,,
45191,16-095585,1462527000000,2016,5,6,9,30,0,Friday,542211.92011,4806200.95792,-80.478661,43.407512,At/near private drive,2,P.D. only,Right shoulder,unknown,unknown,SMV unattended vehicle,Unknown,Daylight,01 - Daylight,Municipal (excl. Twp. Rd.),No control,unknown,0,0,0,False,False,False,Clear,,False,COUNTRYSIDE CRES; COUNTRYSIDE CRES ; Near; 10 M,3/4/2020 10:12:15 AM,,
45192,16-095832,1462550280000,2016,5,6,15,58,0,Friday,542550.58509,4810143.8161,-80.474171,43.442994999999996,At/near private drive,1,Non-fatal injury,Thru lane,unknown,unknown,Angle,Unknown,Daylight,01 - Daylight,Municipal (excl. Twp. Rd.),No control,unknown,0,0,0,False,False,False,Clear,,False,KING ST E; KING ST E; At; 5 M,3/4/2020 10:12:14 AM,,
45193,16-095872,1462552200000,2016,5,6,16,30,0,Friday,545107.62348,4807726.23629,-80.442773,43.421077,Non intersection,2,P.D. only,Thru lane,unknown,unknown,Sideswipe,Unknown,Daylight,01 - Daylight,Regional municipality,No control,unknown,0,0,0,False,False,False,Clear,,False,FAIRWAY RD S; WILSON AVE; Near,3/4/2020 10:12:14 AM,,
45194,16-096612,1462632000000,2016,5,7,14,40,0,Saturday,541749.00435,4810740.25722,-80.484031,43.448409999999996,Non intersection,2,P.D. only,Thru lane,unknown,unknown,Sideswipe,Unknown,Daylight,01 - Daylight,Municipal (excl. Twp. Rd.),Stop sign,Functioning,0,0,0,False,False,False,Rain,,False,EBY ST N; MARKET LANE ; Near; 2 M,3/4/2020 10:12:13 AM,,
45195,16-096643,1462568460000,2016,5,6,21,1,0,Friday,542892.05969,4808165.36324,-80.470107,43.425160999999996,Other,2,P.D. only,Off highway,unknown,unknown,SMV unattended vehicle,Unknown,Dark,07 - Dark,Private property,No control,unknown,0,0,0,False,False,False,Clear,,False,PRIVATE PROPERTY; HAYWARD AVE ; At,3/4/2020 10:12:12 AM,,
45196,16-096725,1462645800000,2016,5,7,18,30,0,Saturday,542558.27122,4811416.13077,-80.47397699999999,43.45445,At intersection,2,P.D. only,Within intersection,unknown,unknown,Angle,Unknown,Daylight,01 - Daylight,Regional municipality,Stop sign,Functioning,0,0,0,False,False,False,Clear,,False,EAST AVE; CHAPEL ST,3/4/2020 10:12:12 AM,,
45197,16-097120,1462647600000,2016,5,7,19,0,0,Saturday,544726.71675,4807961.48372,-80.447459,43.423218,At/near private drive,2,P.D. only,Thru lane,unknown,unknown,Other,Unknown,Daylight,01 - Daylight,Municipal (excl. Twp. Rd.),No control,unknown,0,0,0,False,False,False,Clear,,False,TRAYNOR AVE; TRAYNOR AVE; Near,3/4/2020 10:12:11 AM,,
45198,16-097129,1462701660000,2016,5,8,10,1,0,Sunday,547390.97505,4803391.92518,-80.414943,43.38191,Non intersection,1,Non-fatal injury,Not on roadway - right side,unknown,unknown,SMV other,Unknown,Daylight,01 - Daylight,Township,No control,unknown,0,0,0,False,False,False,Clear,,False,PINNACLE DR; PINNACLE DR ; Near; 35 M,3/4/2020 10:12:10 AM,,
45199,16-097161,1462377600000,2016,5,4,16,0,0,Wednesday,545772.46292,4812534.82559,-80.434157,43.464332999999996,Non intersection,2,P.D. only,Thru lane,unknown,unknown,SMV unattended vehicle,Unknown,Daylight,01 - Daylight,Municipal (excl. Twp. Rd.),No control,unknown,0,0,0,False,False,False,Clear,,False,KEEWATIN AVE; KEEWATIN AVE ; Near,3/4/2020 10:12:09 AM,,
45200,16-097176,1462705740000,2016,5,8,11,9,0,Sunday,543438.46992,4808464.94908,-80.46333299999999,43.427827,At/near private drive,2,P.D. only,Right shoulder,unknown,unknown,SMV unattended vehicle,Unknown,Daylight,01 - Daylight,Municipal (excl. Twp. Rd.),No control,unknown,0,0,0,False,False,False,Clear,,False,VANIER DR; VANIER DR ; At; 8 M,3/4/2020 10:12:09 AM,,
45201,16-097233,1462711680000,2016,5,8,12,48,0,Sunday,544607.93682,4811598.75514,-80.448629,43.455974999999995,At/near private drive,2,P.D. only,Thru lane,unknown,unknown,SMV unattended vehicle,Unknown,Daylight,01 - Daylight,Municipal (excl. Twp. Rd.),No control,unknown,0,0,0,False,False,False,Clear,,False,OWEN AVE ; OWEN AVE ; At; 2 M,3/4/2020 10:12:08 AM,,
45202,16-098177,1462814400000,2016,5,9,17,20,0,Monday,537801.07457,4808769.62766,-80.532958,43.430876,Non intersection,2,P.D. only,Thru lane,unknown,unknown,Turning movement,Unknown,Daylight,01 - Daylight,Municipal (excl. Twp. Rd.),No control,unknown,0,0,0,False,False,False,Clear,,False,EASTFOREST TRAIL ; EASTFOREST TRAIL ; Near; 15 M,3/4/2020 10:12:07 AM,,
45203,16-098234,1462811700000,2016,5,9,16,35,0,Monday,539976.25379,4809258.95241,-80.50604799999999,43.435168999999995,At/near private drive,2,P.D. only,Thru lane,unknown,unknown,Turning movement,Unknown,Daylight,01 - Daylight,Municipal (excl. Twp. Rd.),No control,unknown,0,0,0,False,False,False,Clear,,False,QUEENS BLVD; QUEENS BLVD; At,3/4/2020 10:12:07 AM,,
45204,16-098937,1462899000000,2016,5,10,16,50,0,Tuesday,541759.28044,4808126.27105,-80.484104,43.424873,At/near private drive,2,P.D. only,Thru lane,unknown,unknown,Turning movement,Unknown,Daylight,01 - Daylight,Municipal (excl. Twp. Rd.),No control,unknown,0,0,0,False,False,False,Clear,,False,ALPINE RD ; OTTAWA ST S; At; 4 M,3/4/2020 10:12:06 AM,,
45205,16-098971,1462901820000,2016,5,10,17,37,0,Tuesday,539130.22726,4808984.55748,-80.516521,43.432742999999995,Non intersection,1,Non-fatal injury,Thru lane,unknown,unknown,Other,Unknown,Daylight,01 - Daylight,Municipal (excl. Twp. Rd.),No control,unknown,0,0,0,False,False,False,Clear,,False,OVERLEA CRT; OVERLEA CRT ; Near; 2 M,3/4/2020 10:12:05 AM,,
45206,16-099020,1462905180000,2016,5,10,18,33,0,Tuesday,545148.9249,4807736.06383,-80.442262,43.421163,Non intersection,2,P.D. only,Thru lane,unknown,unknown,Rear end,Unknown,Daylight,01 - Daylight,Regional municipality,No control,unknown,0,0,0,False,False,False,Clear,,False,WILSON AVE ; FAIRWAY RD S; 30 M,3/4/2020 10:12:05 AM,,