OBJECTID,ACCIDENTNUM,ACCIDENTDATE,ACCIDENT_YEAR,ACCIDENT_MONTH,ACCIDENT_DAY,ACCIDENT_HOUR,ACCIDENT_MINUTE,ACCIDENT_SECOND,ACCIDENT_WEEKDAY,XCOORD,YCOORD,LONGITUDE,LATITUDE,ACCIDENTLOCATION,COLLISIONTYPE,CLASSIFICATIONOFACCIDENT,IMPACTLOCATION,INITIALDIRECTIONOFTRAVELONE,INITIALDIRECTIONOFTRAVELTWO,INITIALIMPACTTYPE,INTTRAFFICCONTROL,LIGHT,LIGHTFORREPORT,ROADJURISDICTION,TRAFFICCONTROL,TRAFFICCONTROLCONDITION,THRULANENO,NORTHBOUNDDISOBEYCOUNT,SOUTHBOUNDDISOBEYCOUNT,PEDESTRIANINVOLVED,CYCLISTINVOLVED,MOTORCYCLISTINVOLVED,ENVIRONMENTCONDITION1,ENVIRONMENTCONDITION2,SELFREPORTED,XMLIMPORTNOTES,LASTEDITEDDATE,CREATE_BY,CREATE_DATE
45207,16-099032,1462905600000,2016,5,10,18,40,0,Tuesday,544885.98329,4804850.82136,-80.445747,43.3952,Intersection related,1,Non-fatal injury,Thru lane,unknown,unknown,Rear end,Unknown,Daylight,01 - Daylight,Municipal (excl. Twp. Rd.),Traffic signal,Functioning,0,0,0,False,False,False,Clear,,False,DOON VILLAGE RD; PIONEER DR; Near; 50 M,3/4/2020 10:12:04 AM,,
45208,16-099135,1462915740000,2016,5,10,21,29,0,Tuesday,542140.45132,4807091.21974,-80.479475,43.415532,At/near private drive,2,P.D. only,Thru lane,unknown,unknown,Turning movement,Unknown,Dark,07 - Dark,Municipal (excl. Twp. Rd.),Traffic signal,Functioning,0,0,0,False,False,False,Clear,,False,BLOCK LINE RD ; 655 STRASBURG RD ; At; 65 M,3/4/2020 10:12:03 AM,,
45209,16-099609,1462975200000,2016,5,11,14,0,0,Wednesday,542367.27187,4810369.28159,-80.47641899999999,43.445035,Non intersection,2,P.D. only,Thru lane,unknown,unknown,SMV unattended vehicle,Unknown,Daylight,01 - Daylight,Municipal (excl. Twp. Rd.),No control,unknown,0,0,0,False,False,False,Clear,,False,STIRLING AVE N; KING ST E; Near; 50 M,3/4/2020 10:12:03 AM,,
45210,16-100644,1463078220000,2016,5,12,18,37,0,Thursday,542358.17822,4809163.09668,-80.476625,43.434174999999996,Non intersection,1,Non-fatal injury,Thru lane,unknown,unknown,Rear end,Unknown,Daylight,01 - Daylight,Municipal (excl. Twp. Rd.),No control,unknown,0,0,0,False,False,False,Clear,,False,MILL ST; MILL ST ; Near; 20 M,3/4/2020 10:12:02 AM,,
45211,16-100682,1463074500000,2016,5,12,17,35,0,Thursday,544821.07427,4805063.96094,-80.446531,43.397123,Intersection related,2,P.D. only,Thru lane,unknown,unknown,Rear end,Unknown,Daylight,01 - Daylight,Municipal (excl. Twp. Rd.),Stop sign,Functioning,0,0,0,False,False,False,Clear,,False,DOON VILLAGE RD; UPPER CANADA DR,3/4/2020 10:12:01 AM,,
45212,16-101381,1463157300000,2016,5,13,16,35,0,Friday,541224.40891,4811867.07967,-80.49042899999999,43.458585,Intersection related,1,Non-fatal injury,Thru lane,unknown,unknown,Rear end,Unknown,Daylight,01 - Daylight,Municipal (excl. Twp. Rd.),Traffic signal,Functioning,0,0,0,False,False,False,Clear,,False,WELLINGTON ST N; MARGARET AVE; 15 M,3/4/2020 10:12:00 AM,,
45213,16-101458,1463162400000,2016,5,13,18,0,0,Friday,541126.80371,4809684.68203,-80.4918,43.438939999999995,At intersection,1,Non-fatal injury,Within intersection,unknown,unknown,SMV other,Unknown,Daylight,01 - Daylight,Municipal (excl. Twp. Rd.),Stop sign,Functioning,0,0,0,True,False,False,Clear,,False,SPADINA RD E; RUSSEL ST,3/4/2020 10:12:00 AM,,
45214,16-101483,1463135400000,2016,5,13,10,30,0,Friday,538921.59794,4808769.66973,-80.519114,43.430819,At/near private drive,2,P.D. only,Thru lane,unknown,unknown,SMV unattended vehicle,Unknown,Daylight,01 - Daylight,Municipal (excl. Twp. Rd.),No control,unknown,0,0,0,False,False,False,Clear,,False,BONNYLYN DR; BONNYLYN DR ; At,3/4/2020 10:11:59 AM,,
45215,16-101490,1463167380000,2016,5,13,19,23,0,Friday,545084.9066,4811728.20708,-80.442723,43.457111999999995,Intersection related,2,P.D. only,Not on roadway - right side,unknown,unknown,SMV other,Unknown,Daylight,01 - Daylight,Municipal (excl. Twp. Rd.),Stop sign,Functioning,0,0,0,False,False,False,Clear,,False,MONTCALM DR; HUDSON CRES; Near; 21 M,3/4/2020 10:11:58 AM,,
45216,16-101751,1463190360000,2016,5,14,1,46,0,Saturday,539069.46998,4808770.41354,-80.517287,43.430817999999995,Non intersection,2,P.D. only,Not on roadway - right side,unknown,unknown,SMV other,Unknown,"Dark, artificial","08 - Dark, artificial",Municipal (excl. Twp. Rd.),No control,unknown,0,0,0,False,False,False,Clear,,False,QUEENS BLVD ; KELLY DR ; 5 M,3/4/2020 10:11:58 AM,,
45217,16-101861,1463071500000,2016,5,12,16,45,0,Thursday,541752.98264,4808450.64153,-80.484157,43.427794,Non intersection,2,Non-reportable,Thru lane,unknown,unknown,Rear end,Unknown,Daylight,01 - Daylight,Regional municipality,No control,unknown,0,0,0,False,False,False,Clear,,False,HOMER WATSON BLVD; W HWY 7 8 TO HOMER WATSON BLVD; At,3/4/2020 10:11:57 AM,,
45218,16-101992,1463225400000,2016,5,14,11,30,0,Saturday,542694.92862,4809856.91115,-80.47241,43.440402999999996,Non intersection,2,P.D. only,Thru lane,unknown,unknown,SMV unattended vehicle,Unknown,Daylight,01 - Daylight,Municipal (excl. Twp. Rd.),No control,unknown,0,0,0,False,False,False,Clear,,False,MAURICE ST; MAURICE ST ; Near; 12 M,3/4/2020 10:11:56 AM,,
45219,16-102686,1463309220000,2016,5,15,10,47,0,Sunday,541131.85123,4810502.23492,-80.491676,43.446301,Other,2,P.D. only,Off highway,unknown,unknown,SMV unattended vehicle,Unknown,Daylight,01 - Daylight,Private property,No control,unknown,0,0,0,False,False,False,Other,,False,PRIVATE DRIVE; At,3/4/2020 10:11:55 AM,,
45220,16-102703,1463252280000,2016,5,14,18,58,0,Saturday,542085.15574,4806597.76425,-80.48019599999999,43.411092,At/near private drive,2,P.D. only,Thru lane,unknown,unknown,SMV unattended vehicle,Unknown,Daylight,01 - Daylight,Municipal (excl. Twp. Rd.),No control,unknown,0,0,0,False,False,False,Clear,,False,SETTLERS DR; SETTLERS DR ; At,3/4/2020 10:11:55 AM,,
45221,16-102838,1463324100000,2016,5,15,14,55,0,Sunday,549443.80538,4806006.82506,-80.389365,43.405322,At/near private drive,2,P.D. only,Thru lane,unknown,unknown,Turning movement,Unknown,Daylight,01 - Daylight,Municipal (excl. Twp. Rd.),Traffic signal,Functioning,0,0,0,False,False,False,Clear,,False,TU LANE ST ; KING ST E; Near; 3 M,3/4/2020 10:11:54 AM,,
45222,16-102922,1463330700000,2016,5,15,16,45,0,Sunday,541370.42471,4812962.82118,-80.488541,43.468443,At intersection,2,P.D. only,Within intersection,unknown,unknown,SMV other,Unknown,Daylight,01 - Daylight,Municipal (excl. Twp. Rd.),No control,unknown,0,0,0,False,False,False,Clear,,False,EDWIN ST ; ELIZABETH ST,3/4/2020 10:11:53 AM,,
45223,16-103214,1463360400000,2016,5,16,1,0,0,Monday,542125.20168,4810569.23041,-80.479395,43.446849,Non intersection,2,P.D. only,Thru lane,unknown,unknown,SMV unattended vehicle,Unknown,"Dark, artificial","08 - Dark, artificial",Municipal (excl. Twp. Rd.),No control,unknown,0,0,0,False,False,False,Clear,,False,DUKE ST E; BETZNER AVE N; Near; 75 M,3/4/2020 10:11:53 AM,,
45224,16-103307,1463386500000,2016,5,16,8,15,0,Monday,545485.05205,4808407.13602,-80.438054,43.427185,At/near private drive,2,P.D. only,Thru lane,unknown,unknown,Turning movement,Unknown,Daylight,01 - Daylight,Municipal (excl. Twp. Rd.),No control,unknown,0,0,0,False,False,False,Clear,,False,KINGSWAY DR; KINGSWAY DR; At,3/4/2020 10:11:52 AM,,
45225,16-103536,1462966200000,2016,5,11,11,30,0,Wednesday,543233.08884,4810274.37824,-80.465727,43.444131,At/near private drive,2,P.D. only,Right shoulder,unknown,unknown,Other,Unknown,Daylight,01 - Daylight,Municipal (excl. Twp. Rd.),No control,unknown,0,0,0,False,False,False,Clear,,False,MCKENZIE AVE; MCKENZIE AVE ; At,3/4/2020 10:11:51 AM,,
45226,16-104513,1463510400000,2016,5,17,18,40,0,Tuesday,540735.63861,4810333.57051,-80.496585,43.444804,Non intersection,2,P.D. only,Thru lane,unknown,unknown,SMV unattended vehicle,Unknown,Daylight,01 - Daylight,Municipal (excl. Twp. Rd.),Stop sign,Functioning,0,0,0,False,False,False,Clear,,False,DAVID ST; SCHNEIDER AVE ; 15 M,3/4/2020 10:11:51 AM,,
45227,16-104875,1463560560000,2016,5,18,8,36,0,Wednesday,542447.47736,4807280.39274,-80.475668,43.417218,Intersection related,2,P.D. only,Thru lane,unknown,unknown,Rear end,Unknown,Daylight,01 - Daylight,Municipal (excl. Twp. Rd.),School guard,Functioning,0,0,0,False,False,False,Clear,,False,BLOCK LINE RD; COUNTRY HILL DR,3/4/2020 10:11:50 AM,,
45228,16-104973,1463508000000,2016,5,17,18,0,0,Tuesday,542505.74191,4804197.37825,-80.475188,43.389455,At/near private drive,2,P.D. only,Thru lane,unknown,unknown,Other,Unknown,Daylight,01 - Daylight,Municipal (excl. Twp. Rd.),No control,unknown,0,0,0,False,False,False,Clear,,False,PARKVALE DR; PARKVALE DR ; At,3/4/2020 10:11:49 AM,,
45229,16-105008,1463500800000,2016,5,17,16,0,0,Tuesday,537304.17061,4807616.50002,-80.539176,43.420518,At/near private drive,2,P.D. only,Thru lane,unknown,unknown,SMV unattended vehicle,Unknown,Daylight,01 - Daylight,Municipal (excl. Twp. Rd.),No control,unknown,0,0,0,False,False,False,Clear,,False,CHERRYTREE CRT; CHERRYTREE CRT ; Near,3/4/2020 10:11:49 AM,,
45230,16-105656,1463625540000,2016,5,19,2,39,0,Thursday,540780.94134,4806492.80274,-80.496312,43.410219,Non intersection,2,P.D. only,Thru lane,unknown,unknown,SMV unattended vehicle,Unknown,Dark,07 - Dark,Municipal (excl. Twp. Rd.),No control,unknown,0,0,0,False,False,False,Clear,,False,ERINBROOK DR; DUNEDIN CRT; At; 10 M,3/4/2020 10:11:48 AM,,
45231,16-106057,1463662500000,2016,5,19,12,55,0,Thursday,543216.94247,4804529.29789,-80.466381,43.392402999999995,At intersection,2,P.D. only,Within intersection,unknown,unknown,Turning movement,Unknown,Daylight,01 - Daylight,Municipal (excl. Twp. Rd.),Yield sign,Functioning,0,0,0,False,False,False,Clear,,False,HURON RD ; STRASBURG RD,3/4/2020 10:11:47 AM,,
45232,16-106060,1463669280000,2016,5,19,14,48,0,Thursday,538946.07839,4811397.1771,-80.518624,43.454476,At/near private drive,2,P.D. only,Thru lane,unknown,unknown,Turning movement,Unknown,Daylight,01 - Daylight,Municipal (excl. Twp. Rd.),No control,unknown,0,0,0,False,False,False,Clear,,False,BELMONT AVE W; BELMONT AVE W; At; 0 M,3/4/2020 10:11:47 AM,,
45233,16-106213,1463671500000,2016,5,19,15,25,0,Thursday,544304.05198,4809222.0221,-80.452578,43.434593,At intersection,2,P.D. only,Within intersection,unknown,unknown,Turning movement,Unknown,Daylight,01 - Daylight,Municipal (excl. Twp. Rd.),Stop sign,Functioning,0,0,0,False,False,False,Clear,,False,KINGSWAY DR; FOURTH AVE,3/4/2020 10:11:46 AM,,
45234,16-106224,1463683080000,2016,5,19,18,38,0,Thursday,542911.8738,4809936.47566,-80.469723,43.441106999999995,Intersection related,1,Non-fatal injury,Thru lane,unknown,unknown,Rear end,Unknown,Daylight,01 - Daylight,Regional municipality,Stop sign,Functioning,0,0,0,False,False,False,Clear,,False,SYDNEY ST N; KING ST E,3/4/2020 10:11:45 AM,,
45235,16-106252,1463685300000,2016,5,19,19,15,0,Thursday,543306.96362,4807691.33836,-80.465019,43.420868999999996,At/near private drive,2,P.D. only,Right shoulder,unknown,unknown,Turning movement,Unknown,Daylight,01 - Daylight,Municipal (excl. Twp. Rd.),Stop sign,Functioning,0,0,0,False,False,False,Clear,,False,LENNOX LEWIS WAY; BLOCK LINE RD; At; 25 M,3/4/2020 10:11:44 AM,,
45236,16-106617,1463734800000,2016,5,20,9,0,0,Friday,539619.29123,4811373.44668,-80.510305,43.454226999999996,Non intersection,2,P.D. only,Thru lane,unknown,unknown,Rear end,Unknown,Daylight,01 - Daylight,Municipal (excl. Twp. Rd.),Traffic signal,Functioning,0,0,0,False,False,False,Clear,,False,GLASGOW ST; PARK ST; Near; 15 M,3/4/2020 10:11:44 AM,,
45237,16-106953,1463762700000,2016,5,20,16,45,0,Friday,541797.47778,4808180.15008,-80.483628,43.425356,Intersection related,1,Non-fatal injury,Thru lane,unknown,unknown,Turning movement,Unknown,Daylight,01 - Daylight,Regional municipality,Traffic signal,Functioning,0,0,0,False,False,False,Clear,,False,ALPINE RD; OTTAWA ST S; 25 M,3/4/2020 10:11:43 AM,,
45238,16-107173,1463780340000,2016,5,20,21,39,0,Friday,540335.37089,4805884.40199,-80.50186,43.404765,At intersection,1,Non-fatal injury,Within intersection,unknown,unknown,Turning movement,Unknown,"Dusk, artificial","06 - Dusk, artificial",Municipal (excl. Twp. Rd.),Stop sign,Functioning,0,0,0,False,False,False,Clear,,False,MAX BECKER DR; HELENA FEASBY ST; 5 M,3/4/2020 10:11:42 AM,,
45239,16-107859,1463857320000,2016,5,21,19,2,0,Saturday,541676.80199,4807902.30625,-80.48514,43.422861,Other,1,Non-fatal injury,Off highway,unknown,unknown,SMV other,Unknown,Daylight,01 - Daylight,Private property,No control,unknown,0,0,0,True,False,False,Clear,,False,PRIVATE DRIVE; ROBERTS CRES ; At,3/4/2020 10:11:42 AM,,
45240,16-108280,1463910000000,2016,5,22,9,40,0,Sunday,545336.67931,4810742.55123,-80.43969299999999,43.448222,At/near private drive,2,P.D. only,Right shoulder,unknown,unknown,Other,Unknown,Daylight,01 - Daylight,Municipal (excl. Twp. Rd.),No control,unknown,0,0,0,False,False,False,Clear,,False,GAY CRES; 16 GAY CRES,3/4/2020 10:11:41 AM,,
45241,16-110027,1463778000000,2016,5,20,21,0,0,Friday,540036.62412,4808673.68664,-80.50534499999999,43.429896,Non intersection,2,P.D. only,Right shoulder,unknown,unknown,SMV unattended vehicle,Unknown,Dusk,05 - Dusk,Municipal (excl. Twp. Rd.),No control,unknown,0,0,0,False,False,False,Clear,,False,SHADYWOOD CRES; SHADYWOOD CRES ; Near,3/4/2020 10:11:40 AM,,
45242,16-110197,1464113640000,2016,5,24,18,14,0,Tuesday,539588.89095,4806502.03214,-80.511034,43.410365999999996,At intersection,2,P.D. only,Within intersection,unknown,unknown,Turning movement,Unknown,Daylight,01 - Daylight,Municipal (excl. Twp. Rd.),Stop sign,Functioning,0,0,0,False,False,False,Clear,,False,WILDERNESS DR; MOUNTAIN MINT CRES,3/4/2020 10:11:40 AM,,
45243,16-110990,1464197880000,2016,5,25,17,38,0,Wednesday,538996.59981,4811069.50597,-80.518023,43.451522999999995,Non intersection,1,Non-fatal injury,Thru lane,unknown,unknown,Rear end,Unknown,Daylight,01 - Daylight,Municipal (excl. Twp. Rd.),Traffic signal,Functioning,0,0,0,False,False,False,Clear,,False,GLASGOW ST; GLASGOW ST ; Near; 5 M,3/4/2020 10:11:39 AM,,
45244,16-111416,1464252240000,2016,5,26,8,44,0,Thursday,540793.69733,4811372.80071,-80.49579,43.454158,Intersection related,1,Non-fatal injury,Thru lane,unknown,unknown,Rear end,Unknown,Daylight,01 - Daylight,Regional municipality,Traffic signal,Functioning,0,0,0,False,True,False,Clear,,False,DUKE ST W; VICTORIA ST N; Near; 4 M,3/4/2020 10:11:38 AM,,
45245,16-111826,1464283740000,2016,5,26,17,29,0,Thursday,541649.87183,4809314.11606,-80.485365,43.435575,At intersection,2,P.D. only,Within intersection,unknown,unknown,Turning movement,Unknown,Daylight,01 - Daylight,Municipal (excl. Twp. Rd.),Stop sign,Functioning,0,0,0,False,False,False,Clear,,False,MILL ST; HEIMAN ST,3/7/2019 1:21:56 PM,,
45246,16-112240,1464334920000,2016,5,27,7,42,0,Friday,544657.80315,4811826.54108,-80.447994,43.458023,At intersection,2,P.D. only,Within intersection,unknown,unknown,Turning movement,Unknown,Daylight,01 - Daylight,Regional municipality,No control,unknown,0,0,0,False,False,False,Clear,,False,BAIRD AVE; LORRAINE AVE,3/4/2020 10:11:38 AM,,
45247,16-112305,1464275220000,2016,5,26,15,7,0,Thursday,541533.51757,4808862.43412,-80.486837,43.431514,At/near private drive,2,P.D. only,Right shoulder,unknown,unknown,SMV unattended vehicle,Unknown,Daylight,01 - Daylight,Municipal (excl. Twp. Rd.),No control,unknown,0,0,0,False,False,False,Clear,,False,SOUTHDALE AVE; SOUTHDALE AVE ; At; 5 M,3/4/2020 10:11:36 AM,,
45248,16-112637,1464352200000,2016,5,27,12,30,0,Friday,544637.78328,4804760.88275,-80.448819,43.394405,At/near private drive,2,P.D. only,Thru lane,unknown,unknown,SMV unattended vehicle,Unknown,Daylight,01 - Daylight,Municipal (excl. Twp. Rd.),No control,unknown,0,0,0,False,False,False,Clear,,False,PERIN PL; PERIN PL ; At,3/4/2020 10:11:36 AM,,
45249,16-112664,1464330000000,2016,5,27,6,20,0,Friday,544891.3084,4811411.16434,-80.44514199999999,43.454269,Other,2,P.D. only,Off highway,unknown,unknown,SMV unattended vehicle,Unknown,Dawn,03 - Dawn,Private property,No control,unknown,0,0,0,False,False,False,Clear,,False,BRECKENRIDGE DR; BRECKENRIDGE DR ; At,3/4/2020 10:11:35 AM,,
45250,16-112666,1464367500000,2016,5,27,16,45,0,Friday,539514.04572,4805981.83155,-80.511996,43.405685999999996,At/near private drive,2,P.D. only,Thru lane,unknown,unknown,Other,Unknown,Daylight,01 - Daylight,Municipal (excl. Twp. Rd.),No control,unknown,0,0,0,False,False,False,Clear,,False,MAX BECKER DR; MAX BECKER DR ; At; 0 M,3/4/2020 10:11:34 AM,,
45251,16-112696,1464370020000,2016,5,27,17,27,0,Friday,540612.74609,4809912.68467,-80.49813499999999,43.441021,Intersection related,2,P.D. only,Thru lane,unknown,unknown,Rear end,Unknown,Daylight,01 - Daylight,Regional municipality,Traffic signal,Functioning,0,0,0,False,False,False,Clear,,False,HIGHLAND RD E; QUEEN ST S; 100 M,3/4/2020 10:11:34 AM,,
45252,16-112728,1464371100000,2016,5,27,17,45,0,Friday,539887.91248,4809704.00575,-80.50710699999999,43.439181,At/near private drive,2,P.D. only,Thru lane,unknown,unknown,Other,Unknown,Daylight,01 - Daylight,Municipal (excl. Twp. Rd.),No control,unknown,0,0,0,False,False,False,Clear,,False,BELMONT AVE W; BELMONT AVE W; At,3/4/2020 10:11:33 AM,,
45253,16-112759,1464373920000,2016,5,27,18,32,0,Friday,538400.45539,4809731.68813,-80.525485,43.439508,At/near private drive,2,P.D. only,Right shoulder,unknown,unknown,SMV unattended vehicle,Unknown,Daylight,01 - Daylight,Municipal (excl. Twp. Rd.),No control,unknown,0,0,0,False,False,False,Clear,,False,HAZELGLEN DR; HAZELGLEN DR ; At; 2 M,3/4/2020 10:11:32 AM,,
45254,16-113251,1464369600000,2016,5,27,17,20,0,Friday,542313.96686,4810288.42718,-80.47708399999999,43.44431,Intersection related,2,P.D. only,Left turn lane,unknown,unknown,Sideswipe,Unknown,Daylight,01 - Daylight,Regional municipality,Traffic signal,Functioning,0,0,0,False,False,False,Clear,,False,KING ST E; STIRLING AVE N,3/4/2020 10:11:31 AM,,
45255,16-113362,1464257700000,2016,5,26,10,15,0,Thursday,547672.03446,4805920.78075,-80.411253,43.404661999999995,At/near private drive,2,Non-reportable,Right shoulder,unknown,unknown,SMV unattended vehicle,Unknown,Daylight,01 - Daylight,Municipal (excl. Twp. Rd.),No control,unknown,0,0,0,False,False,False,Clear,,False,DEER RIDGE DR; DEER RIDGE DR ; Near,3/4/2020 10:11:31 AM,,
45256,16-113711,1464468960000,2016,5,28,20,56,0,Saturday,546244.27479,4810160.6403,-80.42852599999999,43.442927,At intersection,1,Non-fatal injury,Not on roadway - right side,unknown,unknown,SMV other,Unknown,Dark,07 - Dark,Regional municipality,Stop sign,Functioning,0,0,0,False,False,False,Clear,,False,OLD CHICOPEE TRAIL; DAIMLER DR; 2 M,3/4/2020 10:11:30 AM,,
45257,16-114176,1464522480000,2016,5,29,11,48,0,Sunday,539816.22826,4809149.26278,-80.508033,43.43419,At intersection,1,Non-fatal injury,Within intersection,unknown,unknown,Rear end,Unknown,Daylight,01 - Daylight,Regional municipality,Stop sign,Functioning,0,0,0,False,False,False,Clear,,False,QUEENS BLVD ; BLUERIDGE AVE,3/4/2020 10:11:29 AM,,
45258,16-114749,1464595680000,2016,5,30,8,8,0,Monday,541492.81725,4809569.51833,-80.487286,43.437883,Non intersection,1,Non-fatal injury,Thru lane,unknown,unknown,Rear end,Unknown,Daylight,01 - Daylight,Municipal (excl. Twp. Rd.),No control,unknown,0,0,0,False,False,False,Clear,,False,STIRLING AVE S; MILL ST ; 40 M,3/7/2019 1:21:54 PM,,
45259,16-114778,1464598140000,2016,5,30,8,49,0,Monday,541179.33384,4809394.68168,-80.491173,43.436326,At intersection,1,Non-fatal injury,Within intersection,unknown,unknown,Turning movement,Unknown,Daylight,01 - Daylight,Municipal (excl. Twp. Rd.),Traffic signal,Functioning,0,0,0,False,False,False,Clear,,False,STIRLING AVE S; HIGHLAND RD E,3/4/2020 10:11:29 AM,,
45260,16-114919,1464608160000,2016,5,30,11,36,0,Monday,541779.74682,4809278.43533,-80.483763,43.435246,At/near private drive,2,P.D. only,Thru lane,unknown,unknown,Turning movement,Unknown,Daylight,01 - Daylight,Municipal (excl. Twp. Rd.),No control,unknown,0,0,0,False,False,False,Clear,,False,MILL ST; MILL ST ; Near; 5 M,3/4/2020 10:11:28 AM,,
45261,16-115225,1464630540000,2016,5,30,17,49,0,Monday,540923.31704,4810569.82386,-80.494248,43.446920999999996,Intersection related,1,Non-fatal injury,Thru lane,unknown,unknown,Turning movement,Unknown,Daylight,01 - Daylight,Municipal (excl. Twp. Rd.),Stop sign,Functioning,0,0,0,False,True,False,Clear,,False,JUBILEE DR; DAVID ST; At,3/4/2020 10:11:27 AM,,
45262,16-115299,1464636240000,2016,5,30,19,24,0,Monday,540389.00441,4812515.50673,-80.50070699999999,43.464469,At intersection,1,Non-fatal injury,Within intersection,unknown,unknown,Angle,Unknown,Daylight,01 - Daylight,Municipal (excl. Twp. Rd.),Stop sign,Functioning,0,0,0,False,False,False,Clear,,False,HARTWOOD AVE; ELLIS AVE,3/4/2020 10:11:27 AM,,
45263,16-115750,1464690240000,2016,5,31,10,24,0,Tuesday,542313.00769,4810286.53312,-80.477096,43.444292999999995,At intersection,1,Non-fatal injury,Within intersection,unknown,unknown,Angle,Unknown,Daylight,01 - Daylight,Regional municipality,Traffic signal,Functioning,0,0,1,False,True,False,Clear,,False,KING ST E; STIRLING AVE N,3/4/2020 10:11:26 AM,,
45264,16-115917,1464701400000,2016,5,31,13,30,0,Tuesday,538709.29498,4811123.60251,-80.52157,43.452025,At intersection,2,P.D. only,Within intersection,unknown,unknown,Angle,Unknown,Daylight,01 - Daylight,Municipal (excl. Twp. Rd.),Stop sign,Functioning,0,0,0,False,False,False,Clear,,False,CLAREMONT AVE; DUNBAR RD,3/4/2020 10:11:25 AM,,
45265,16-115936,1464703020000,2016,5,31,13,57,0,Tuesday,545275.11441,4806435.1555,-80.440811,43.409442,At intersection,2,P.D. only,Within intersection,unknown,unknown,Turning movement,Stop sign,Daylight,01 - Daylight,Municipal (excl. Twp. Rd.),Stop sign,Functioning,0,0,0,False,False,False,Clear,,False,WABANAKI DR ; WILSON AVE ; 5 M,3/4/2020 10:11:25 AM,,
45266,16-116167,1464719820000,2016,5,31,18,37,0,Tuesday,538375.75786,4808439.80238,-80.525881,43.427876999999995,At/near private drive,2,P.D. only,Thru lane,unknown,unknown,Other,Unknown,Daylight,01 - Daylight,Municipal (excl. Twp. Rd.),No control,unknown,0,0,0,False,False,False,Clear,,False,BELMONT AVE E; QUEENS BLVD ; Near; 1 M,3/4/2020 10:11:24 AM,,
45267,16-116170,1464679200000,2016,5,31,7,20,0,Tuesday,541609.40547,4812970.62359,-80.485586,43.4685,Intersection related,2,P.D. only,Right shoulder,unknown,unknown,SMV unattended vehicle,Unknown,Daylight,01 - Daylight,Municipal (excl. Twp. Rd.),Stop sign,Functioning,0,0,0,False,False,False,Clear,,False,ELIZABETH ST; BOND ST; At,3/4/2020 10:11:23 AM,,
45268,16-116820,1464791700000,2016,6,1,14,35,0,Wednesday,542248.05548,4806960.61841,-80.478156,43.41435,At/near private drive,2,P.D. only,Thru lane,unknown,unknown,Rear end,Unknown,Daylight,01 - Daylight,Municipal (excl. Twp. Rd.),Traffic signal,Functioning,0,0,0,False,False,False,Clear,,False,STRASBURG RD; STRASBURG RD ; At; 12 M,3/4/2020 10:11:23 AM,,
45269,16-116977,1464801000000,2016,6,1,17,10,0,Wednesday,539111.89567,4811655.68806,-80.516556,43.456795,Intersection related,2,P.D. only,Thru lane,unknown,unknown,Sideswipe,Unknown,Daylight,01 - Daylight,Municipal (excl. Twp. Rd.),No control,unknown,0,0,0,False,False,False,Clear,,False,PARK ST; UNION BLVD; At,3/4/2020 10:11:22 AM,,
45270,16-117363,1464856980000,2016,6,2,8,43,0,Thursday,537193.88428,4807269.16183,-80.540562,43.417396,At intersection,2,P.D. only,Within intersection,unknown,unknown,Turning movement,Unknown,Daylight,01 - Daylight,Municipal (excl. Twp. Rd.),Stop sign,Functioning,0,0,0,False,False,False,Clear,,False,ROLLING MEADOWS DR; DRIFTWOOD DR,3/4/2020 10:11:21 AM,,
45271,16-117597,1464871500000,2016,6,2,12,45,0,Thursday,541787.08638,4810797.24563,-80.483556,43.448921,At intersection,1,Non-fatal injury,Within intersection,unknown,unknown,Turning movement,Unknown,Daylight,01 - Daylight,Municipal (excl. Twp. Rd.),Stop sign,Functioning,0,0,0,False,False,False,Clear,,False,DUKE ST E; EBY ST N,3/4/2020 10:11:21 AM,,
45272,16-117817,1464888660000,2016,6,2,17,31,0,Thursday,541948.72952,4810918.52928,-80.481549,43.450004,Non intersection,1,Non-fatal injury,Thru lane,unknown,unknown,SMV other,Unknown,Daylight,01 - Daylight,Municipal (excl. Twp. Rd.),No control,unknown,0,0,0,True,False,False,Clear,,False,LANCASTER ST W; IRVIN ST ; 34 M,3/4/2020 10:11:20 AM,,
45273,16-117950,1464901620000,2016,6,2,21,7,0,Thursday,544697.4249,4811414.9846,-80.447538,43.454315,At intersection,1,Non-fatal injury,Within intersection,unknown,unknown,Turning movement,Unknown,"Dark, artificial","08 - Dark, artificial",Regional municipality,Traffic signal,Functioning,0,0,0,False,False,False,Clear,,False,HICKSON DR; RIVER RD E,3/4/2020 10:11:19 AM,,
45274,16-118596,1464969480000,2016,6,3,15,58,0,Friday,542583.08673,4810126.08356,-80.473771,43.442833,At/near private drive,2,Non-reportable,Not on roadway - right side,unknown,unknown,Turning movement,Unknown,Daylight,01 - Daylight,Regional municipality,No control,unknown,0,0,0,False,True,False,Clear,,False,BORDEN AVE S; KING ST E; At; 7 M,3/4/2020 10:11:19 AM,,
45275,16-118702,1464980400000,2016,6,3,19,0,0,Friday,544744.72528,4813429.63892,-80.446788,43.472452,At/near private drive,2,P.D. only,Thru lane,unknown,unknown,Turning movement,Unknown,Daylight,01 - Daylight,Regional municipality,Police control,Functioning,0,0,0,False,False,False,Clear,,False,BINGEMANS CENTRE DR; BINGEMANS CENTRE DR ; Near,3/4/2020 10:11:18 AM,,