OBJECTID,ACCIDENTNUM,ACCIDENTDATE,ACCIDENT_YEAR,ACCIDENT_MONTH,ACCIDENT_DAY,ACCIDENT_HOUR,ACCIDENT_MINUTE,ACCIDENT_SECOND,ACCIDENT_WEEKDAY,XCOORD,YCOORD,LONGITUDE,LATITUDE,ACCIDENTLOCATION,COLLISIONTYPE,CLASSIFICATIONOFACCIDENT,IMPACTLOCATION,INITIALDIRECTIONOFTRAVELONE,INITIALDIRECTIONOFTRAVELTWO,INITIALIMPACTTYPE,INTTRAFFICCONTROL,LIGHT,LIGHTFORREPORT,ROADJURISDICTION,TRAFFICCONTROL,TRAFFICCONTROLCONDITION,THRULANENO,NORTHBOUNDDISOBEYCOUNT,SOUTHBOUNDDISOBEYCOUNT,PEDESTRIANINVOLVED,CYCLISTINVOLVED,MOTORCYCLISTINVOLVED,ENVIRONMENTCONDITION1,ENVIRONMENTCONDITION2,SELFREPORTED,XMLIMPORTNOTES,LASTEDITEDDATE,CREATE_BY,CREATE_DATE
45276,16-119372,1464989400000,2016,6,3,21,30,0,Friday,540026.70768,4805950.86709,-80.505667,43.40538,Non intersection,2,P.D. only,Thru lane,unknown,unknown,SMV unattended vehicle,Unknown,Daylight,01 - Daylight,Municipal (excl. Twp. Rd.),No control,unknown,0,0,0,False,False,False,Clear,,False,SWARTZ ST; SWARTZ ST ; At,3/4/2020 10:11:17 AM,,
45277,16-119396,1465044240000,2016,6,4,12,44,0,Saturday,544057.08854,4804178.10915,-80.456036,43.389192,At intersection,1,Non-fatal injury,Within intersection,unknown,unknown,Turning movement,Unknown,Daylight,01 - Daylight,Municipal (excl. Twp. Rd.),Stop sign,Functioning,0,0,0,False,False,False,Clear,,False,BIEHN DR; ROBERTSON CRES,3/4/2020 10:11:17 AM,,
45278,16-120010,1465093200000,2016,6,5,2,20,0,Sunday,541597.52527,4806893.10156,-80.48619599999999,43.413778,Non intersection,2,P.D. only,Two-way left turn lane,unknown,unknown,SMV other,Unknown,"Dark, artificial","08 - Dark, artificial",Municipal (excl. Twp. Rd.),No control,unknown,0,0,0,False,False,False,Rain,,False,BLOCK LINE RD ; MCLENNAN PARK GATE ; 30 M,3/7/2019 1:21:53 PM,,
45279,16-120272,1465134360000,2016,6,5,13,46,0,Sunday,544117.81234,4811894.0641,-80.454663,43.458663,At intersection,2,P.D. only,Within intersection,unknown,unknown,Angle,Unknown,Daylight,01 - Daylight,Regional municipality,Stop sign,Functioning,0,0,0,False,False,False,Clear,,False,MANCHESTER RD; RIVER RD E,3/4/2020 10:11:16 AM,,
45280,16-120378,1465142220000,2016,6,5,15,57,0,Sunday,545854.83455,4807128.98427,-80.433593,43.415653999999996,Intersection related,1,Non-fatal injury,Thru lane,unknown,unknown,Rear end,Unknown,Daylight,01 - Daylight,Municipal (excl. Twp. Rd.),Stop sign,Functioning,0,0,0,False,False,False,Rain,,False,WABANAKI DR ; HIDDEN VALLEY RD,3/4/2020 10:11:15 AM,,
45281,16-120426,1465146360000,2016,6,5,17,6,0,Sunday,543075.36795,4811401.86804,-80.467587,43.454291999999995,Non intersection,1,Non-fatal injury,Thru lane,unknown,unknown,Rear end,Unknown,Daylight,01 - Daylight,Municipal (excl. Twp. Rd.),No control,unknown,0,0,0,False,True,False,Clear,,False,KRUG ST; KRUG ST ; At; 1 M,3/4/2020 10:11:15 AM,,
45282,16-120869,1465064100000,2016,6,4,18,15,0,Saturday,545986.4528,4809234.50536,-80.43178999999999,43.434604,At/near private drive,2,P.D. only,Thru lane,unknown,unknown,SMV unattended vehicle,Unknown,Daylight,01 - Daylight,Municipal (excl. Twp. Rd.),No control,unknown,0,0,0,False,False,False,Clear,,False,THALER AVE; 142 THALER AVE; At,3/4/2020 10:11:14 AM,,
45283,16-120894,1465063200000,2016,6,4,18,0,0,Saturday,544186.39404,4812736.58816,-80.45374699999999,43.466245,At/near private drive,2,Non-reportable,Thru lane,unknown,unknown,SMV unattended vehicle,Unknown,Daylight,01 - Daylight,Municipal (excl. Twp. Rd.),No control,unknown,0,0,0,False,False,False,Clear,,False,FORFAR AVE; FORFAR AVE; At,3/4/2020 10:11:13 AM,,
45284,16-121409,1465236000000,2016,6,6,18,0,0,Monday,544696.43763,4811746.83231,-80.44752299999999,43.457302999999996,Non intersection,2,P.D. only,Thru lane,unknown,unknown,Approaching,Unknown,Daylight,01 - Daylight,Municipal (excl. Twp. Rd.),No control,unknown,0,0,0,False,False,False,Rain,,False,BAIRD AVE; BETTLEY CRES; Near,3/4/2020 10:11:13 AM,,
45285,16-122007,1465303500000,2016,6,7,12,45,0,Tuesday,539618.31449,4811374.44049,-80.510317,43.454235999999995,At intersection,2,P.D. only,Within intersection,unknown,unknown,Turning movement,Unknown,Daylight,01 - Daylight,Municipal (excl. Twp. Rd.),Traffic signal,Functioning,0,0,0,False,False,False,Clear,,False,GLASGOW ST; PARK ST,3/4/2020 10:11:12 AM,,
45286,16-122109,1465314540000,2016,6,7,15,49,0,Tuesday,547844.99222,4811445.03483,-80.408633,43.454391,At/near private drive,1,Non-fatal injury,Thru lane,unknown,unknown,SMV other,Unknown,Daylight,01 - Daylight,Municipal (excl. Twp. Rd.),No control,unknown,0,0,0,True,False,False,Clear,,False,OLD ZELLER DR; VALEBROOK ST ; 83 M,3/4/2020 10:11:11 AM,,
45287,16-122924,1465398900000,2016,6,8,15,15,0,Wednesday,543249.1797,4805565.81302,-80.465901,43.401734,At/near private drive,2,Non-reportable,Thru lane,unknown,unknown,Turning movement,Unknown,Daylight,01 - Daylight,Municipal (excl. Twp. Rd.),No control,unknown,0,0,0,False,False,False,Clear,,False,TRILLIUM DR; TRILLIUM DR; At,3/4/2020 10:11:11 AM,,
45288,16-123726,1465489260000,2016,6,9,16,21,0,Thursday,547625.53193,4803948.66042,-80.411999,43.386908,At/near private drive,2,P.D. only,Thru lane,unknown,unknown,Turning movement,Unknown,Daylight,01 - Daylight,Regional municipality,No control,unknown,0,0,0,False,False,False,Clear,,False,CONESTOGA COLLEGE BLVD ; HOMER WATSON BLVD ; At; 5 M,3/4/2020 10:11:10 AM,,
45289,16-123841,1465374600000,2016,6,8,8,30,0,Wednesday,542651.14276,4807348.42459,-80.473147,43.417819,At intersection,2,P.D. only,Within intersection,unknown,unknown,Turning movement,Unknown,Daylight,01 - Daylight,Municipal (excl. Twp. Rd.),Traffic signal,Functioning,0,0,0,False,False,False,Rain,,False,BLOCK LINE RD ; KINGSWOOD DR,3/4/2020 10:11:09 AM,,
45290,16-124159,1465546800000,2016,6,10,8,20,0,Friday,544756.10445,4808022.09617,-80.447091,43.423761999999996,Intersection related,2,P.D. only,Thru lane,unknown,unknown,Rear end,Unknown,Daylight,01 - Daylight,Regional municipality,Traffic signal,Functioning,0,0,0,False,False,False,Clear,,False,TRAYNOR AVE ; WILSON AVE ; 5 M,3/4/2020 10:11:09 AM,,
45291,16-124271,1465497600000,2016,6,9,18,40,0,Thursday,543137.60818,4806538.88218,-80.467202,43.410502,At intersection,2,P.D. only,Within intersection,unknown,unknown,Turning movement,Unknown,Daylight,01 - Daylight,Municipal (excl. Twp. Rd.),Stop sign,Functioning,0,0,0,False,False,False,Clear,,False,COUNTRY HILL DR; CENTURY HILL DR,3/4/2020 10:11:08 AM,,
45292,16-124427,1465549200000,2016,6,10,9,0,0,Friday,541662.04645,4812070.90392,-80.48500399999999,43.460395999999996,Non intersection,2,P.D. only,Right shoulder,unknown,unknown,SMV unattended vehicle,Unknown,Daylight,01 - Daylight,Municipal (excl. Twp. Rd.),No control,unknown,0,0,0,False,False,False,Clear,,False,WELLINGTON ST N; MAJOR ST; Near; 50 M,3/4/2020 10:11:07 AM,,
45293,16-124493,1465571700000,2016,6,10,15,15,0,Friday,543901.83022,4806704.95925,-80.45774999999999,43.411953,Non intersection,1,Non-fatal injury,Thru lane,unknown,unknown,Sideswipe,Unknown,Daylight,01 - Daylight,Municipal (excl. Twp. Rd.),Stop sign,Functioning,0,0,0,False,True,False,Clear,,False,FALLOWFIELD DR; BLEAMS RD; 100 M,3/4/2020 10:11:07 AM,,
45294,16-124494,1465557300000,2016,6,10,11,15,0,Friday,544571.17048,4810478.22738,-80.449175,43.445888,Intersection related,2,P.D. only,Thru lane,unknown,unknown,Rear end,Unknown,Daylight,01 - Daylight,Regional municipality,Stop sign,Functioning,0,0,0,False,False,False,Clear,,False,FRANKLIN ST N; PENROSE AVE,3/4/2020 10:11:06 AM,,
45295,16-124685,1465585200000,2016,6,10,19,0,0,Friday,540246.52494,4805498.17089,-80.50298599999999,43.401292,Non intersection,2,P.D. only,Right shoulder,unknown,unknown,SMV unattended vehicle,Unknown,Daylight,01 - Daylight,Municipal (excl. Twp. Rd.),No control,unknown,0,0,0,False,False,False,Clear,,False,COMMONWEALTH CRES; COMMONWEALTH CRES ; Near; 8 M,3/4/2020 10:11:05 AM,,
45296,16-124709,1465586880000,2016,6,10,19,28,0,Friday,542447.47108,4807281.39225,-80.475668,43.417227,Intersection related,2,P.D. only,Thru lane,unknown,unknown,Rear end,Unknown,Daylight,01 - Daylight,Regional municipality,Stop sign,Functioning,0,0,0,False,False,False,Clear,,False,BLOCK LINE RD; COUNTRY HILL DR,3/4/2020 10:11:05 AM,,
45297,16-125378,1465654080000,2016,6,11,14,8,0,Saturday,541891.63284,4806717.39462,-80.48257699999999,43.41218,Intersection related,1,Non-fatal injury,Not on roadway - right side,unknown,unknown,Rear end,Unknown,Daylight,01 - Daylight,Regional municipality,Stop sign,Functioning,0,0,0,False,False,False,Clear,,False,RITTENHOUSE RD ; BROOKFIELD CRES ; At; 13 M,3/4/2020 10:11:04 AM,,
45298,16-125434,1465657200000,2016,6,11,15,0,0,Saturday,545110.54436,4807725.25626,-80.442737,43.421068,At/near private drive,2,P.D. only,Thru lane,unknown,unknown,Turning movement,Unknown,Daylight,01 - Daylight,Regional municipality,No control,unknown,0,0,0,False,False,False,Clear,,False,WILSON AVE; FAIRWAY RD S; Near,3/4/2020 10:11:03 AM,,
45299,16-125798,1465687380000,2016,6,11,23,23,0,Saturday,541662.05452,4810407.20122,-80.485131,43.445415999999994,At intersection,1,Non-fatal injury,Within intersection,unknown,unknown,Angle,Unknown,"Dark, artificial","08 - Dark, artificial",Municipal (excl. Twp. Rd.),Stop sign,Functioning,0,0,0,False,False,False,Clear,,False,CHURCH ST; CEDAR ST S,3/4/2020 10:11:03 AM,,
45300,16-126221,1465737060000,2016,6,12,13,11,0,Sunday,539070.44701,4808769.41965,-80.517275,43.430808999999996,Non intersection,2,Non-reportable,Thru lane,unknown,unknown,SMV other,Unknown,Daylight,01 - Daylight,Municipal (excl. Twp. Rd.),No control,unknown,0,0,0,False,False,True,Clear,,False,QUEENS BLVD; KELLY DR; 1 M,3/4/2020 10:11:02 AM,,
45301,16-126269,1464789600000,2016,6,1,14,0,0,Wednesday,544748.27351,4809665.98191,-80.447053,43.438564,At/near private drive,2,P.D. only,Thru lane,unknown,unknown,SMV unattended vehicle,Unknown,Daylight,01 - Daylight,Municipal (excl. Twp. Rd.),No control,unknown,0,0,0,False,False,False,Clear,,False,BROADVIEW AVE; BROADVIEW AVE ; At,3/4/2020 10:11:01 AM,,
45302,16-126340,1465606800000,2016,6,11,1,0,0,Saturday,542992.07558,4804318.51346,-80.469174,43.390518,Non intersection,2,P.D. only,Thru lane,unknown,unknown,SMV other,Unknown,Dark,07 - Dark,Municipal (excl. Twp. Rd.),No control,unknown,0,0,0,False,False,False,Clear,,False,HURON RD; PARKVALE DR; Near,3/4/2020 10:11:01 AM,,
45303,16-126729,1465798200000,2016,6,13,6,10,0,Monday,536498.94875,4808511.34931,-80.54906299999999,43.428615,Non intersection,2,P.D. only,Thru lane,unknown,unknown,SMV unattended vehicle,Unknown,Dawn,03 - Dawn,Municipal (excl. Twp. Rd.),No control,unknown,0,0,0,False,False,False,Clear,,False,WESTMEADOW DR; WESTMEADOW DR ; Near; 1 M,3/4/2020 10:11:00 AM,,
45304,16-126769,1465805400000,2016,6,13,8,10,0,Monday,539651.46335,4809066.7879,-80.510075,43.433456,At/near private drive,2,P.D. only,Thru lane,unknown,unknown,Turning movement,Unknown,Daylight,01 - Daylight,Municipal (excl. Twp. Rd.),Stop sign,Functioning,0,0,0,False,False,False,Clear,,False,QUEENS BLVD ; WESTMOUNT RD W; Near,3/4/2020 10:10:59 AM,,
45305,16-126850,1465596000000,2016,6,10,22,0,0,Friday,546152.61862,4808997.18978,-80.429757,43.432457,Non intersection,2,P.D. only,Thru lane,unknown,unknown,SMV unattended vehicle,Unknown,Dark,07 - Dark,Municipal (excl. Twp. Rd.),No control,unknown,0,0,0,False,False,False,Clear,,False,THALER AVE ; FAIRWAY RD N; Near,3/4/2020 10:10:59 AM,,
45306,16-126959,1465822380000,2016,6,13,12,53,0,Monday,540517.19423,4811538.04676,-80.499195,43.455661,Intersection related,2,P.D. only,Thru lane,unknown,unknown,Rear end,Unknown,Daylight,01 - Daylight,Municipal (excl. Twp. Rd.),Stop sign,Functioning,0,0,0,False,False,False,Clear,,False,WELLINGTON ST N; WATERLOO ST; Near; 7 M,3/4/2020 10:10:58 AM,,
45307,16-127078,1463209200000,2016,5,14,7,0,0,Saturday,541710.22161,4810678.71119,-80.484515,43.447858,At intersection,1,Non-fatal injury,Within intersection,unknown,unknown,Rear end,Unknown,Daylight,01 - Daylight,Regional municipality,Stop sign,Functioning,0,0,0,False,False,False,Clear,,False,EBY ST N; KING ST E,3/4/2020 10:10:57 AM,,
45308,16-127113,1465833780000,2016,6,13,16,3,0,Monday,542405.64307,4806619.87209,-80.476236,43.411273,Intersection related,2,P.D. only,Thru lane,unknown,unknown,Rear end,Unknown,Daylight,01 - Daylight,Municipal (excl. Twp. Rd.),Stop sign,Functioning,0,0,0,False,False,False,Clear,,False,STRASBURG RD; OLD COUNTRY DR; 15 M,3/4/2020 10:10:56 AM,,
45309,16-127162,1465838880000,2016,6,13,17,28,0,Monday,545234.48689,4808099.14262,-80.441175,43.424427,At intersection,2,P.D. only,Within intersection,unknown,unknown,Angle,Unknown,Daylight,01 - Daylight,Regional municipality,Stop sign,Functioning,0,0,0,False,True,False,Clear,,False,GREENFIELD AVE; KINGSWAY DR,3/4/2020 10:10:55 AM,,
45310,16-127566,1465793100000,2016,6,13,4,45,0,Monday,541486.67979,4806488.21848,-80.487596,43.410139,At/near private drive,2,P.D. only,Thru lane,unknown,unknown,SMV unattended vehicle,Unknown,Daylight,01 - Daylight,Municipal (excl. Twp. Rd.),No control,unknown,0,0,0,False,False,False,Clear,,False,ERINBROOK DR ; ERINBROOK CRT; Near; 1 M,3/4/2020 10:10:55 AM,,
45311,16-127579,1465831800000,2016,6,13,15,30,0,Monday,541266.83093,4810554.03697,-80.490004,43.44676,At intersection,2,P.D. only,Within intersection,unknown,unknown,Turning movement,Unknown,Daylight,01 - Daylight,Municipal (excl. Twp. Rd.),Stop sign,Functioning,0,0,0,False,False,False,Clear,,False,ST GEORGE ST; BENTON ST,3/4/2020 10:10:54 AM,,
45312,16-127637,1465898400000,2016,6,14,10,0,0,Tuesday,541424.58777,4811533.90067,-80.48798,43.455574,At intersection,2,P.D. only,Within intersection,unknown,unknown,Turning movement,Unknown,Daylight,01 - Daylight,Municipal (excl. Twp. Rd.),Stop sign,Functioning,0,0,0,False,False,False,Clear,,False,MARGARET AVE; MAYNARD AVE,3/4/2020 10:10:53 AM,,
45313,16-127912,1465912500000,2016,6,14,13,55,0,Tuesday,539005.66836,4811599.6529,-80.517873,43.456295999999995,At/near private drive,2,Non-reportable,Thru lane,unknown,unknown,SMV unattended vehicle,Unknown,Daylight,01 - Daylight,Municipal (excl. Twp. Rd.),No control,unknown,0,0,0,False,False,False,Clear,,False,YORK ST; YORK ST; Near,3/4/2020 10:10:53 AM,,
45314,16-127950,1465902900000,2016,6,14,11,15,0,Tuesday,546423.18415,4809328.12422,-80.426386,43.43542,Intersection related,2,P.D. only,Thru lane,unknown,unknown,SMV unattended vehicle,Unknown,Daylight,01 - Daylight,Municipal (excl. Twp. Rd.),Stop sign,Functioning,0,0,0,False,False,False,Clear,,False,SCENIC DR; NORTH HILL PL ; Near,3/4/2020 10:10:52 AM,,
45315,16-128693,1465828800000,2016,6,13,14,40,0,Monday,539397.77395,4805925.39981,-80.513436,43.405184,At/near private drive,1,Non-fatal injury,Thru lane,unknown,unknown,Turning movement,Unknown,Daylight,01 - Daylight,Municipal (excl. Twp. Rd.),No control,unknown,0,0,0,False,False,False,Clear,,False,MOUNTAIN LAUREL CRES; 61 MOUNTAIN LAUREL CR,3/4/2020 10:10:51 AM,,
45316,16-129382,1466072220000,2016,6,16,10,17,0,Thursday,544885.0991,4804849.81593,-80.445758,43.395191,At intersection,2,P.D. only,Within intersection,unknown,unknown,Turning movement,Unknown,Daylight,01 - Daylight,Municipal (excl. Twp. Rd.),Traffic signal,Functioning,0,0,0,False,False,False,Clear,,False,DOON VILLAGE RD; PIONEER DR,3/4/2020 10:10:51 AM,,
45317,16-129589,1466086320000,2016,6,16,14,12,0,Thursday,540916.73469,4811094.32675,-80.49428999999999,43.451643999999995,Other,2,P.D. only,Not on roadway - right side,unknown,unknown,SMV other,Unknown,Daylight,01 - Daylight,Regional municipality,No control,unknown,0,0,0,False,False,False,Clear,,False,KING ST W; WATER ST S; Near; 44 M,3/4/2020 10:10:50 AM,,
45318,16-129614,1466056800000,2016,6,16,6,0,0,Thursday,541652.05088,4803922.1838,-80.485749,43.387025,Non intersection,2,P.D. only,Thru lane,unknown,unknown,SMV unattended vehicle,Unknown,Daylight,01 - Daylight,Municipal (excl. Twp. Rd.),No control,unknown,0,0,0,False,False,False,Clear,,False,SOPHIA CRES; SOPHIA CRES ; Near,3/4/2020 10:10:49 AM,,
45319,16-129654,1466092500000,2016,6,16,15,55,0,Thursday,543239.80294,4807370.71796,-80.465874,43.417986,Non intersection,1,Non-fatal injury,Thru lane,unknown,unknown,Approaching,Unknown,Daylight,01 - Daylight,Municipal (excl. Twp. Rd.),No control,unknown,0,0,0,False,False,False,Clear,,False,FALLOWFIELD DR; BRITTON PL ; 25 M,3/4/2020 10:10:49 AM,,
45320,16-130439,1466167200000,2016,6,17,12,40,0,Friday,546526.07706,4812349.18156,-80.424857,43.462615,At/near private drive,2,P.D. only,Thru lane,unknown,unknown,Other,Unknown,Daylight,01 - Daylight,Municipal (excl. Twp. Rd.),No control,unknown,0,0,0,False,False,False,Clear,,False,MISTY ST; MISTY ST ; Near,3/4/2020 10:10:48 AM,,
45321,16-130563,1466178300000,2016,6,17,15,45,0,Friday,542119.88164,4808868.62458,-80.479592,43.431537,At/near private drive,2,Non-reportable,Thru lane,unknown,unknown,Turning movement,Unknown,Daylight,01 - Daylight,Regional municipality,No control,unknown,0,0,0,False,False,False,Clear,,False,HOFFMAN ST; OTTAWA ST S; Near,3/4/2020 10:10:47 AM,,
45322,16-130647,1466182200000,2016,6,17,16,50,0,Friday,541068.0,4811108.0,0.0,0.0,Non intersection,1,Non-fatal injury,Thru lane,unknown,unknown,Other,Unknown,Daylight,01 - Daylight,Municipal (excl. Twp. Rd.),No control,unknown,0,0,0,False,False,False,Clear,,False,VALLEYSCAPE DR; GEORGE AYRES DR; Near,3/4/2020 10:10:47 AM,,
45323,16-131092,1466238600000,2016,6,18,8,30,0,Saturday,543947.8369,4804885.85507,-80.45732799999999,43.395571,At/near private drive,2,P.D. only,Thru lane,unknown,unknown,SMV unattended vehicle,Unknown,Daylight,01 - Daylight,Municipal (excl. Twp. Rd.),No control,unknown,0,0,0,False,False,False,Clear,,False,MAXWELL DR; MAXWELL DR ; Near; 1 M,3/4/2020 10:10:46 AM,,
45324,16-131285,1466255700000,2016,6,18,13,15,0,Saturday,536262.0922,4809689.30848,-80.55191099999999,43.439233,At/near private drive,2,P.D. only,Thru lane,unknown,unknown,Other,Unknown,Daylight,01 - Daylight,Municipal (excl. Twp. Rd.),No control,unknown,0,0,0,False,False,False,Clear,,False,COUNTRYSTONE PL; COUNTRYSTONE PL ; At; 5 M,3/4/2020 10:10:45 AM,,
45325,16-131426,1466255700000,2016,6,18,13,15,0,Saturday,539058.76677,4806885.87776,-80.51755399999999,43.41385,At/near private drive,1,Non-fatal injury,Thru lane,unknown,unknown,Turning movement,Unknown,Daylight,01 - Daylight,Municipal (excl. Twp. Rd.),Stop sign,Functioning,0,0,0,False,False,False,Clear,,False,INTERNATIONAL PL; WAKE ROBIN DR; Near,3/4/2020 10:10:45 AM,,
45326,16-131632,1466287440000,2016,6,18,22,4,0,Saturday,539565.22165,4806230.35093,-80.511346,43.407920999999995,Non intersection,2,P.D. only,Right shoulder,unknown,unknown,SMV unattended vehicle,Unknown,"Dark, artificial","08 - Dark, artificial",Municipal (excl. Twp. Rd.),No control,unknown,0,0,0,False,False,False,Clear,,False,ACTIVA AVE ; COPPER LEAF ST ; 20 M,3/4/2020 10:10:44 AM,,
45327,16-132098,1466190000000,2016,6,17,19,0,0,Friday,546132.16927,4809513.71151,-80.429966,43.437109,Non intersection,2,P.D. only,Thru lane,unknown,unknown,SMV unattended vehicle,Unknown,Daylight,01 - Daylight,Municipal (excl. Twp. Rd.),No control,unknown,0,0,0,False,False,False,Clear,,False,VERONICA DR; VERONICA DR ; At,3/4/2020 10:10:43 AM,,
45328,16-132192,1466346000000,2016,6,19,14,20,0,Sunday,537139.80184,4808475.64287,-80.54114799999999,43.428262,At/near private drive,2,P.D. only,Thru lane,unknown,unknown,Other,Unknown,Daylight,01 - Daylight,Municipal (excl. Twp. Rd.),No control,unknown,0,0,0,False,False,False,Clear,,False,HIDDEN CREEK DR ; HIDDEN CREEK DR ; Near,3/4/2020 10:10:43 AM,,
45329,16-133019,1466434800000,2016,6,20,15,0,0,Monday,549709.44327,4805904.46909,-80.386094,43.404382999999996,At/near private drive,2,P.D. only,Right turn lane,unknown,unknown,Turning movement,Unknown,Daylight,01 - Daylight,Municipal (excl. Twp. Rd.),No control,unknown,0,0,0,False,False,False,Clear,,False,GATEWAY PARK DR ; KING ST E; At; 5 M,3/4/2020 10:10:42 AM,,
45330,16-133084,1466438880000,2016,6,20,16,8,0,Monday,543139.21295,4806845.19899,-80.467158,43.41326,At/near private drive,2,P.D. only,Thru lane,unknown,unknown,Other,Unknown,Daylight,01 - Daylight,Municipal (excl. Twp. Rd.),No control,unknown,0,0,0,False,False,False,Clear,,False,COUNTRY HILL DR; COUNTRY HILL DR ; Near; 4 M,3/4/2020 10:10:41 AM,,
45331,16-133600,1466430300000,2016,6,20,13,45,0,Monday,540480.5158,4811017.28178,-80.499687,43.450973999999995,Non intersection,2,P.D. only,Thru lane,unknown,unknown,Sideswipe,Unknown,Daylight,01 - Daylight,Municipal (excl. Twp. Rd.),No control,unknown,0,0,0,False,False,False,Clear,,False,JOSEPH ST ; VICTORIA ST S; At,3/4/2020 10:10:41 AM,,
45332,16-133967,1466527500000,2016,6,21,16,45,0,Tuesday,541113.22189,4811009.33868,-80.491868,43.450868,Non intersection,1,Non-fatal injury,Thru lane,unknown,unknown,SMV other,Unknown,Daylight,01 - Daylight,Regional municipality,Stop sign,Functioning,0,0,0,True,False,False,Clear,,False,KING ST W;  KING ST W; 6 M,3/4/2020 10:10:39 AM,,
45333,16-134086,1466508000000,2016,6,21,11,20,0,Tuesday,539210.88263,4811175.92393,-80.515367,43.45247,At intersection,2,P.D. only,Within intersection,unknown,unknown,Rear end,Unknown,Daylight,01 - Daylight,Municipal (excl. Twp. Rd.),Stop sign,Functioning,0,0,0,False,False,False,Clear,,False,GLASGOW ST; EDEN AVE,3/4/2020 10:10:39 AM,,
45334,16-134169,1466543040000,2016,6,21,21,4,0,Tuesday,544561.22325,4811737.94038,-80.449195,43.457231,Intersection related,2,P.D. only,Thru lane,unknown,unknown,Rear end,Unknown,Daylight,01 - Daylight,Municipal (excl. Twp. Rd.),Traffic signal,Functioning,0,0,0,False,False,False,Clear,,False,RIVER RD E; LORRAINE AVE,3/4/2020 10:10:38 AM,,
45335,16-134796,1466608200000,2016,6,22,15,10,0,Wednesday,542583.09234,4810125.1951,-80.473771,43.442825,Intersection related,2,P.D. only,Thru lane,unknown,unknown,Turning movement,Unknown,Daylight,01 - Daylight,Regional municipality,Traffic signal,Functioning,0,0,0,False,False,False,Clear,,False,KING ST E; BORDEN AVE N; At,3/4/2020 10:10:37 AM,,
45336,16-134947,1466620200000,2016,6,22,18,30,0,Wednesday,545589.54472,4805459.70803,-80.437009,43.400639999999996,Non intersection,2,P.D. only,Thru lane,unknown,unknown,Rear end,Unknown,Daylight,01 - Daylight,Regional municipality,Yield sign,Functioning,0,0,0,False,False,False,Clear,,False,HURON RD; HURON RD ; At; 3 M,3/4/2020 10:10:37 AM,,
45337,16-135735,1466663400000,2016,6,23,6,30,0,Thursday,543654.30381,4808296.6403,-80.46068,43.426299,Non intersection,2,P.D. only,Thru lane,unknown,unknown,SMV unattended vehicle,Unknown,Daylight,01 - Daylight,Municipal (excl. Twp. Rd.),No control,unknown,0,0,0,False,False,False,Clear,,False,MASSEY AVE; VANIER DR ; 25 M,3/4/2020 10:10:36 AM,,
45338,16-136302,1466759700000,2016,6,24,9,15,0,Friday,546196.32002,4804372.43061,-80.429608,43.390813,At/near private drive,2,P.D. only,Thru lane,unknown,unknown,SMV unattended vehicle,Unknown,Daylight,01 - Daylight,Regional municipality,No control,unknown,0,0,0,False,False,False,Clear,,False,OLD CARRIAGE DR; OLD CARRIAGE DR ; Near,3/4/2020 10:10:35 AM,,
45339,16-136477,1466780940000,2016,6,24,15,9,0,Friday,542446.49403,4807282.2746,-80.47568,43.417235,At intersection,1,Non-fatal injury,Within intersection,unknown,unknown,Turning movement,Unknown,Daylight,01 - Daylight,Municipal (excl. Twp. Rd.),Stop sign,Functioning,0,0,0,False,False,False,Clear,,False,BLOCK LINE RD ; COUNTRY HILL DR,3/4/2020 10:10:35 AM,,
45340,16-136536,1466784960000,2016,6,24,16,16,0,Friday,545158.1651,4807238.34705,-80.442189,43.416681,At intersection,2,P.D. only,Within intersection,unknown,unknown,Turning movement,Stop sign,Daylight,01 - Daylight,Municipal (excl. Twp. Rd.),Stop sign,Functioning,0,0,0,False,False,False,Clear,,False,WILSON AVE; WEBSTER RD,3/4/2020 10:10:34 AM,,
45341,16-136540,1466785200000,2016,6,24,16,20,0,Friday,543262.98388,4808679.39171,-80.46548399999999,43.429767999999996,At/near private drive,2,P.D. only,Thru lane,unknown,unknown,Angle,Unknown,Daylight,01 - Daylight,Municipal (excl. Twp. Rd.),No control,unknown,0,0,0,False,False,False,Clear,,False,VANIER DR; VANIER DR ; At; 8 M,3/4/2020 10:10:33 AM,,
45342,16-136546,1466785800000,2016,6,24,16,30,0,Friday,544511.08011,4811759.7104,-80.44981299999999,43.457429999999995,Non intersection,2,P.D. only,Thru lane,unknown,unknown,Rear end,Unknown,Daylight,01 - Daylight,Regional municipality,No control,unknown,0,0,0,False,False,False,Clear,,False,RIVER RD E; LORRAINE AVE; Near; 135 M,3/4/2020 10:10:33 AM,,
45343,16-137376,1466869860000,2016,6,25,15,51,0,Saturday,539111.89567,4811655.68806,-80.516556,43.456795,At intersection,2,P.D. only,Within intersection,unknown,unknown,Angle,Unknown,Daylight,01 - Daylight,Municipal (excl. Twp. Rd.),Traffic signal,Functioning,0,0,1,False,False,False,Clear,,False,UNION BLVD; PARK ST,3/4/2020 10:10:32 AM,,