OBJECTID,ACCIDENTNUM,ACCIDENTDATE,ACCIDENT_YEAR,ACCIDENT_MONTH,ACCIDENT_DAY,ACCIDENT_HOUR,ACCIDENT_MINUTE,ACCIDENT_SECOND,ACCIDENT_WEEKDAY,XCOORD,YCOORD,LONGITUDE,LATITUDE,ACCIDENTLOCATION,COLLISIONTYPE,CLASSIFICATIONOFACCIDENT,IMPACTLOCATION,INITIALDIRECTIONOFTRAVELONE,INITIALDIRECTIONOFTRAVELTWO,INITIALIMPACTTYPE,INTTRAFFICCONTROL,LIGHT,LIGHTFORREPORT,ROADJURISDICTION,TRAFFICCONTROL,TRAFFICCONTROLCONDITION,THRULANENO,NORTHBOUNDDISOBEYCOUNT,SOUTHBOUNDDISOBEYCOUNT,PEDESTRIANINVOLVED,CYCLISTINVOLVED,MOTORCYCLISTINVOLVED,ENVIRONMENTCONDITION1,ENVIRONMENTCONDITION2,SELFREPORTED,XMLIMPORTNOTES,LASTEDITEDDATE,CREATE_BY,CREATE_DATE
45344,16-137381,1466870400000,2016,6,25,16,0,0,Saturday,537733.03134,4807433.30305,-80.533891,43.418847,Intersection related,2,P.D. only,Thru lane,unknown,unknown,Turning movement,Unknown,Daylight,01 - Daylight,Municipal (excl. Twp. Rd.),Stop sign,Functioning,0,0,0,False,False,False,Clear,,False,WESTHEIGHTS DR; LORILEE CRES; Near; 2 M,3/4/2020 10:10:31 AM,,
45345,16-138123,1466946600000,2016,6,26,13,10,0,Sunday,540806.54505,4810878.42182,-80.495668,43.449706,Intersection related,2,P.D. only,Thru lane,unknown,unknown,Other,Unknown,Daylight,01 - Daylight,Regional municipality,Traffic signal,Functioning,0,0,0,False,False,False,Clear,,False,WATER ST S; JOSEPH ST,3/4/2020 10:10:31 AM,,
45346,16-138231,1466952000000,2016,6,26,14,40,0,Sunday,540654.1358,4810939.91739,-80.497547,43.450268,At intersection,2,P.D. only,Within intersection,unknown,unknown,Rear end,Unknown,Daylight,01 - Daylight,Municipal (excl. Twp. Rd.),Stop sign,Functioning,0,0,0,False,False,False,Clear,,False,JOSEPH ST; FRANCIS ST S,3/4/2020 10:10:30 AM,,
45347,16-138304,1466964900000,2016,6,26,18,15,0,Sunday,544544.70342,4812131.88042,-80.449367,43.460778999999995,Non intersection,1,Non-fatal injury,Not on roadway - right side,unknown,unknown,SMV other,Unknown,Daylight,01 - Daylight,Municipal (excl. Twp. Rd.),No control,unknown,0,0,0,False,False,False,Clear,,False,CARSON DR; CONFEDERATION DR ; Near; 52 M,3/4/2020 10:10:29 AM,,
45348,16-138770,1467029880000,2016,6,27,12,18,0,Monday,545621.29287,4804248.24304,-80.436718,43.38973,Non intersection,1,Non-fatal injury,Right shoulder,unknown,unknown,SMV other,Unknown,Daylight,01 - Daylight,Municipal (excl. Twp. Rd.),No control,unknown,0,0,0,False,False,False,Clear,,False,DOON VILLAGE RD ; DOON VILLAGE RD; Near; 42 M,3/4/2020 10:10:29 AM,,
45349,16-138942,1466811900000,2016,6,24,23,45,0,Friday,544757.0758,4808022.10262,-80.447079,43.423761999999996,Intersection related,2,P.D. only,Thru lane,unknown,unknown,Rear end,Unknown,"Dark, artificial","08 - Dark, artificial",Municipal (excl. Twp. Rd.),Traffic signal,Functioning,0,0,0,False,False,False,Clear,,False,TRAYNOR AVE; WILSON AVE; Near,3/4/2020 10:10:28 AM,,
45350,16-139575,1467117900000,2016,6,28,12,45,0,Tuesday,540929.88564,4811193.80657,-80.49412,43.452539,Non intersection,2,P.D. only,Thru lane,unknown,unknown,Sideswipe,Unknown,Daylight,01 - Daylight,Municipal (excl. Twp. Rd.),No control,unknown,0,0,0,False,False,False,Clear,,False,WATER ST N; DUKE ST W; Near; 25 M,3/4/2020 10:10:27 AM,,
45351,16-140303,1467197820000,2016,6,29,10,57,0,Wednesday,542314.94416,4810287.43376,-80.47707199999999,43.444300999999996,At/near private drive,2,P.D. only,Not on roadway - right side,unknown,unknown,SMV other,Unknown,Daylight,01 - Daylight,Municipal (excl. Twp. Rd.),No control,unknown,0,0,0,False,False,False,Clear,,False,STIRLING AVE S; KING ST E; Near; 10 M,3/4/2020 10:10:27 AM,,
45352,16-140384,1467052200000,2016,6,27,18,30,0,Monday,543819.11427,4811546.26761,-80.458383,43.455549,At/near private drive,2,P.D. only,Thru lane,unknown,unknown,SMV unattended vehicle,Unknown,Daylight,01 - Daylight,Municipal (excl. Twp. Rd.),No control,unknown,0,0,0,False,False,False,Clear,,False,CHELSEA RD; CHELSEA RD; Near,3/4/2020 10:10:26 AM,,
45353,16-140686,1467115200000,2016,6,28,12,0,0,Tuesday,540312.08608,4808114.91435,-80.501983,43.42485,At/near private drive,2,P.D. only,Thru lane,unknown,unknown,SMV unattended vehicle,Unknown,Daylight,01 - Daylight,Municipal (excl. Twp. Rd.),No control,unknown,0,0,0,False,False,False,Clear,,False,GILMOUR CRES; GILMOUR CRES ; At,3/4/2020 10:10:25 AM,,
45354,16-140703,1467227940000,2016,6,29,19,19,0,Wednesday,545828.39826,4802898.69677,-80.434274,43.377565999999995,At/near private drive,1,Non-fatal injury,Thru lane,unknown,unknown,SMV other,Unknown,Daylight,01 - Daylight,Municipal (excl. Twp. Rd.),No control,unknown,0,0,0,True,False,False,Clear,,False,STEEPLERIDGE ST; DOON SOUTH DR ; Near; 33 M,3/4/2020 10:10:25 AM,,
45355,16-141117,1467273000000,2016,6,30,7,50,0,Thursday,539315.85865,4810615.01078,-80.51411,43.447413999999995,Intersection related,2,P.D. only,Thru lane,unknown,unknown,Other,Unknown,Daylight,01 - Daylight,Municipal (excl. Twp. Rd.),Traffic signal,Functioning,0,0,0,False,False,False,Clear,,False,GAGE AVE; BELMONT AVE W; At,3/4/2020 10:10:24 AM,,
45356,16-141196,1467273600000,2016,6,30,8,0,0,Thursday,547671.33604,4804528.39258,-80.411383,43.392125,At/near private drive,2,P.D. only,Thru lane,unknown,unknown,SMV unattended vehicle,Unknown,Daylight,01 - Daylight,Municipal (excl. Twp. Rd.),No control,unknown,0,0,0,False,False,False,Clear,,False,AMHERST DR; AMHERST DR ; Near,3/4/2020 10:10:23 AM,,
45357,16-141269,1467293400000,2016,6,30,13,30,0,Thursday,549387.87141,4806025.03953,-80.39005399999999,43.40549,At/near private drive,2,P.D. only,Thru lane,unknown,unknown,Turning movement,Unknown,Daylight,01 - Daylight,Regional municipality,No control,unknown,0,0,0,False,False,False,Clear,,False,TU LANE ST ; KING ST E ; Near,3/4/2020 10:10:22 AM,,
45358,16-141447,1467308400000,2016,6,30,17,40,0,Thursday,545021.28472,4810903.98004,-80.44357699999999,43.449695,At/near private drive,2,P.D. only,Thru lane,unknown,unknown,Turning movement,Unknown,Daylight,01 - Daylight,Regional municipality,Stop sign,Functioning,0,0,0,False,False,False,Clear,,False,RIVER RD E; OTTAWA ST N; At; 4 M,3/4/2020 10:10:22 AM,,
45359,16-142932,1467458880000,2016,7,2,11,28,0,Saturday,540870.72781,4810266.52814,-80.49492099999999,43.444193,Non intersection,2,P.D. only,Thru lane,unknown,unknown,Rear end,Unknown,Daylight,01 - Daylight,Municipal (excl. Twp. Rd.),No control,unknown,0,0,0,False,False,False,Clear,,False,QUEEN ST S; MILL ST; Near; 1 K,3/4/2020 10:10:21 AM,,
45360,16-143143,1467486060000,2016,7,2,19,1,0,Saturday,539060.11068,4809757.46691,-80.517332,43.439706,At/near private drive,2,P.D. only,Thru lane,unknown,unknown,Turning movement,Unknown,Daylight,01 - Daylight,Municipal (excl. Twp. Rd.),No control,unknown,0,0,0,False,False,False,Clear,,False,PAULANDER DR; PAULANDER DR ; At; 2 M,3/4/2020 10:10:20 AM,,
45361,16-143701,1467500400000,2016,7,2,23,0,0,Saturday,545630.48311,4807956.42919,-80.436295,43.423117999999995,At/near private drive,2,P.D. only,Off highway,unknown,unknown,Turning movement,Unknown,Daylight,01 - Daylight,Private property,Stop sign,Functioning,0,0,0,False,False,False,Clear,,False,WILSON AVE ; FAIRWAY RD S; At; 1 M,3/4/2020 10:10:20 AM,,
45362,16-144320,1467221400000,2016,6,29,17,30,0,Wednesday,540576.37925,4807240.00734,-80.498783,43.416958,Non intersection,2,P.D. only,Thru lane,unknown,unknown,SMV unattended vehicle,Unknown,Daylight,01 - Daylight,Municipal (excl. Twp. Rd.),No control,unknown,0,0,0,False,False,False,Clear,,False,DARCY PL; DARCY PL; Near,3/4/2020 10:10:19 AM,,
45363,16-144364,1467619200000,2016,7,4,8,0,0,Monday,541180.29688,4809393.25072,-80.49116099999999,43.436313,Non intersection,2,P.D. only,Other,unknown,unknown,SMV unattended vehicle,Unknown,Daylight,01 - Daylight,Regional municipality,No control,unknown,0,0,0,False,False,False,Clear,,False,HIGHLAND RD E; STIRLING AVE S; Near,3/4/2020 10:10:18 AM,,
45364,16-144395,1467632700000,2016,7,4,11,45,0,Monday,542932.59609,4807443.05647,-80.469663,43.418655,At/near private drive,2,P.D. only,Thru lane,unknown,unknown,Turning movement,Unknown,Daylight,01 - Daylight,Regional municipality,No control,unknown,0,0,0,False,False,False,Clear,,False,BLOCK LINE RD ; BLOCK LINE RD ; At; 2 M,3/4/2020 10:10:18 AM,,
45365,16-144570,1467559800000,2016,7,3,15,30,0,Sunday,541555.71844,4811458.29755,-80.48636499999999,43.454885999999995,Non intersection,2,P.D. only,Off highway,unknown,unknown,SMV unattended vehicle,Unknown,Daylight,01 - Daylight,Municipal (excl. Twp. Rd.),No control,unknown,0,0,0,False,False,False,Clear,,False,MARGARET AVE; MARGARET AVE ; Near; 1 M,3/4/2020 10:10:17 AM,,
45366,16-144601,1467549000000,2016,7,3,12,30,0,Sunday,540887.66076,4810525.07192,-80.494692,43.44652,Non intersection,2,P.D. only,Thru lane,unknown,unknown,SMV unattended vehicle,Unknown,Daylight,01 - Daylight,Municipal (excl. Twp. Rd.),No control,unknown,0,0,0,False,False,False,Clear,,False,DAVID ST; HILDA PL; Near,3/4/2020 10:10:16 AM,,
45367,16-145083,1467711480000,2016,7,5,9,38,0,Tuesday,541466.24869,4810561.59111,-80.487539,43.446816999999996,At/near private drive,2,P.D. only,Thru lane,unknown,unknown,SMV unattended vehicle,Unknown,Daylight,01 - Daylight,Municipal (excl. Twp. Rd.),No control,unknown,0,0,0,False,False,False,Clear,,False,CHURCH STREET; CHURCH ST ; Near; 1 M,3/4/2020 10:10:16 AM,,
45368,16-145475,1467745200000,2016,7,5,19,0,0,Tuesday,544266.90617,4808074.3996,-80.45313,43.424262,Non intersection,2,P.D. only,Right shoulder,unknown,unknown,SMV unattended vehicle,Unknown,Daylight,01 - Daylight,Municipal (excl. Twp. Rd.),No control,unknown,0,0,0,False,False,False,Clear,,False,MAYWOOD RD; MAYWOOD RD ; At; 3 M,3/4/2020 10:10:15 AM,,
45369,16-145483,1467746760000,2016,7,5,19,26,0,Tuesday,541191.64,4808942.3100000005,-80.491055,43.432252,At intersection,2,P.D. only,Within intersection,unknown,unknown,Turning movement,Unknown,Daylight,01 - Daylight,Municipal (excl. Twp. Rd.),No control,unknown,0,0,0,False,False,False,Clear,,False,HEIMAN ST; LORNE AVE,3/4/2020 10:10:14 AM,,
45370,16-146012,1467811200000,2016,7,6,13,20,0,Wednesday,545363.68353,4811022.38794,-80.439336,43.450739999999996,At intersection,2,P.D. only,Within intersection,unknown,unknown,SMV other,Unknown,Daylight,01 - Daylight,Municipal (excl. Twp. Rd.),Stop sign,Functioning,0,0,0,False,False,False,Clear,,False,HOLBORN DR; OLD CHICOPEE DR,3/4/2020 10:10:13 AM,,
45371,16-146596,1467878520000,2016,7,7,8,2,0,Thursday,542395.07562,4808250.18243,-80.47623999999999,43.425953,Non intersection,2,P.D. only,Right shoulder,unknown,unknown,SMV unattended vehicle,Unknown,Daylight,01 - Daylight,Municipal (excl. Twp. Rd.),No control,unknown,0,0,0,False,False,False,Clear,,False,ARDELT AVE; ARDELT AVE ; At; 2 M,3/4/2020 10:10:13 AM,,
45372,16-147129,1467915600000,2016,7,7,18,20,0,Thursday,542840.59352,4810354.28062,-80.47057099999999,43.444873,At/near private drive,2,P.D. only,Not on roadway - right side,unknown,unknown,SMV other,Unknown,Daylight,01 - Daylight,Regional municipality,No control,unknown,0,0,0,False,False,False,Clear,,False,ONWARD AVE ; ONWARD AVE ; At; 1 M,3/4/2020 10:10:12 AM,,
45373,16-147473,1467957900000,2016,7,8,6,5,0,Friday,543095.36595,4805507.85532,-80.467805,43.401221,At/near private drive,2,P.D. only,Right turn lane,unknown,unknown,Turning movement,Unknown,Daylight,01 - Daylight,Municipal (excl. Twp. Rd.),No control,unknown,0,0,0,False,False,False,Rain,,False,TRILLIUM DR; TRILLIUM DR ; Near; 0 M,3/4/2020 10:10:11 AM,,
45374,16-147571,1467910800000,2016,7,7,17,0,0,Thursday,537923.94103,4808942.23885,-80.53142799999999,43.432424,Non intersection,2,P.D. only,Thru lane,unknown,unknown,SMV unattended vehicle,Unknown,Dark,07 - Dark,Municipal (excl. Twp. Rd.),No control,unknown,0,0,0,False,False,False,Clear,,False,OPRINGTON CRT; OPRINGTON CT; At; 1 M,3/4/2020 10:10:11 AM,,
45375,16-147585,1467972420000,2016,7,8,10,7,0,Friday,542089.48358,4810431.09958,-80.47984699999999,43.445606999999995,At intersection,2,P.D. only,Within intersection,unknown,unknown,Angle,Unknown,Daylight,01 - Daylight,Regional municipality,Stop sign,Functioning,0,0,0,False,False,False,Clear,,False,KING ST E; BETZNER AVE N,3/4/2020 10:10:10 AM,,
45376,16-147715,1467982740000,2016,7,8,12,59,0,Friday,542156.44448,4810710.25182,-80.47899799999999,43.448116999999996,Non intersection,2,P.D. only,Thru lane,unknown,unknown,SMV unattended vehicle,Unknown,Daylight,01 - Daylight,Regional municipality,No control,unknown,0,0,0,False,False,False,Clear,,False,CAMERON ST N; WEBER ST E; 10 M,3/4/2020 10:10:09 AM,,
45377,16-147750,1467981000000,2016,7,8,12,30,0,Friday,542583.08673,4810126.08356,-80.473771,43.442833,Intersection related,2,P.D. only,Thru lane,unknown,unknown,Rear end,Unknown,Daylight,01 - Daylight,Regional municipality,Traffic signal,Functioning,0,0,0,False,False,False,Clear,,False,KING ST E; BORDEN AVE N; Near,3/4/2020 10:10:09 AM,,
45378,16-147824,1467991740000,2016,7,8,15,29,0,Friday,541139.14561,4810792.03857,-80.491564,43.44891,At/near private drive,2,P.D. only,Not on roadway - right side,unknown,unknown,SMV other,Unknown,Daylight,01 - Daylight,Municipal (excl. Twp. Rd.),No control,unknown,0,0,0,False,False,False,Clear,,False,ONTARIO ST S; ONTARIO ST S; At; 1 M,3/4/2020 10:10:08 AM,,
45379,16-147959,1468000800000,2016,7,8,18,0,0,Friday,540218.6765,4805818.18023,-80.503306,43.404174999999995,At intersection,2,P.D. only,Within intersection,unknown,unknown,Angle,Unknown,Daylight,01 - Daylight,Regional municipality,Stop sign,Functioning,0,0,0,False,False,False,Clear,,False,COMMONWEALTH ST; MAX BECKER DR,3/4/2020 10:10:07 AM,,
45380,16-147980,1467996300000,2016,7,8,16,45,0,Friday,539452.15725,4811397.23292,-80.51236899999999,43.45445,At/near private drive,2,P.D. only,Thru lane,unknown,unknown,Turning movement,Unknown,Daylight,01 - Daylight,Municipal (excl. Twp. Rd.),No control,unknown,0,0,0,False,False,False,Clear,,False,GILDNER ST; GILDNER ST ; Near,3/4/2020 10:10:07 AM,,
45381,16-148481,1468054800000,2016,7,9,9,0,0,Saturday,538263.47349,4806758.04548,-80.52738599999999,43.41274,Other,2,P.D. only,Off highway,unknown,unknown,SMV other,Unknown,Daylight,01 - Daylight,Private property,No control,unknown,0,0,0,False,False,False,Clear,,False,INDIGO ST; INDIGO ST,3/4/2020 10:10:06 AM,,
45382,16-148508,1467996300000,2016,7,8,16,45,0,Friday,540140.72504,4806085.92706,-80.504249,43.40659,At/near private drive,2,P.D. only,Thru lane,unknown,unknown,Other,Unknown,Daylight,01 - Daylight,Municipal (excl. Twp. Rd.),No control,unknown,0,0,0,False,False,False,Clear,,False,COTTON GRASS ST; COMMONWEALTH ST; Near,3/4/2020 10:10:05 AM,,
45383,16-148546,1468067400000,2016,7,9,12,30,0,Saturday,542445.06034,4811611.99626,-80.47536099999999,43.456219999999995,At/near private drive,2,P.D. only,Thru lane,unknown,unknown,SMV unattended vehicle,Unknown,Daylight,01 - Daylight,Municipal (excl. Twp. Rd.),No control,unknown,0,0,0,False,False,False,Clear,,False,EAST AVE; EAST AVE ; Near,3/4/2020 10:10:05 AM,,
45384,16-148917,1468102800000,2016,7,9,22,20,0,Saturday,536610.09361,4808583.80747,-80.547685,43.429262,Non intersection,2,P.D. only,Thru lane,unknown,unknown,SMV unattended vehicle,Unknown,"Dark, artificial","08 - Dark, artificial",Municipal (excl. Twp. Rd.),No control,unknown,0,0,0,False,False,False,Clear,,False,WESTMEADOW DR; WESTMEADOW DR ; Near; 2 M,3/4/2020 10:10:04 AM,,
45385,16-149007,1468109040000,2016,7,10,0,4,0,Sunday,541903.75615,4810551.63534,-80.48213299999999,43.446703,At intersection,1,Non-fatal injury,Within intersection,unknown,unknown,Angle,Unknown,"Dark, artificial","08 - Dark, artificial",Regional municipality,Stop sign,Functioning,0,0,0,False,False,False,Clear,,False,MADISON AVE N; KING ST E,3/4/2020 10:10:03 AM,,
45386,16-149735,1468188000000,2016,7,10,22,0,0,Sunday,541759.13055,4809973.70428,-80.483965,43.441507,Non intersection,2,P.D. only,Thru lane,unknown,unknown,Sideswipe,Unknown,"Dark, artificial","08 - Dark, artificial",Regional municipality,No control,unknown,0,0,0,False,False,False,Clear,,False,STIRLING AVE S; COURTLAND AVE E; Near,3/4/2020 10:10:02 AM,,
45387,16-149805,1467591300000,2016,7,4,0,15,0,Monday,540115.69818,4810837.51385,-80.504209,43.449374999999996,Overpass or bridge,2,P.D. only,Thru lane,unknown,unknown,SMV other,Unknown,Dark,07 - Dark,Municipal (excl. Twp. Rd.),Other,Functioning,0,1,0,False,False,False,Clear,,False,PARK ST; CHERRY ST; Near; 100 M,3/4/2020 10:10:02 AM,,
45388,16-149923,1468179000000,2016,7,10,19,30,0,Sunday,545624.25157,4810600.22135,-80.436151,43.446923,At/near private drive,2,P.D. only,Thru lane,unknown,unknown,SMV unattended vehicle,Unknown,Dusk,05 - Dusk,Municipal (excl. Twp. Rd.),No control,unknown,0,0,0,False,False,False,Clear,,False,KENORA DR; KENORA DR ; At; 1 M,3/4/2020 10:10:01 AM,,
45389,16-149965,1468231200000,2016,7,11,10,0,0,Monday,539372.8072,4806429.80077,-80.513708,43.409727,At/near private drive,1,Non-fatal injury,Other,unknown,unknown,SMV other,Unknown,Daylight,01 - Daylight,Municipal (excl. Twp. Rd.),No control,unknown,0,0,0,True,False,False,Clear,,False,PINE MARTIN CRES; PINE MARTIN CRES ; At; 1 M,3/4/2020 10:10:00 AM,,
45390,16-150188,1468010700000,2016,7,8,20,45,0,Friday,547904.73872,4811314.84907,-80.407906,43.453215,Non intersection,2,P.D. only,Thru lane,unknown,unknown,SMV unattended vehicle,Unknown,Dark,07 - Dark,Municipal (excl. Twp. Rd.),No control,unknown,0,0,0,False,False,False,Rain,,False,OLD ZELLER DR; OLD ZELLER DR ; Near,3/4/2020 10:09:59 AM,,
45391,16-150436,1468268040000,2016,7,11,20,14,0,Monday,539517.3805,4805555.73515,-80.511986,43.401849,At/near private drive,2,P.D. only,Thru lane,unknown,unknown,Other,Unknown,Daylight,01 - Daylight,Municipal (excl. Twp. Rd.),No control,unknown,0,0,0,False,False,False,Clear,,False,PERIWINKLE ST; PERIWINKLE ST ; Near; 5 M,3/4/2020 10:09:58 AM,,
45392,16-150763,1468314000000,2016,7,12,9,0,0,Tuesday,542843.67582,4803952.4752,-80.471035,43.387231,At/near private drive,2,P.D. only,Thru lane,unknown,unknown,Other,Unknown,Daylight,01 - Daylight,Municipal (excl. Twp. Rd.),No control,unknown,0,0,0,False,False,False,Clear,,False,TUDOR ST; TUDOR ST; At; 1 M,3/4/2020 10:04:31 AM,,
45393,16-150866,1468325880000,2016,7,12,12,18,0,Tuesday,539296.02902,4811574.21565,-80.514286,43.456052,At intersection,2,P.D. only,Within intersection,unknown,unknown,Angle,Unknown,Daylight,01 - Daylight,Municipal (excl. Twp. Rd.),Stop sign,Functioning,0,0,0,False,False,False,Clear,,False,PARK ST; MT HOPE ST,3/4/2020 10:09:58 AM,,
45394,16-151084,1468345800000,2016,7,12,17,50,0,Tuesday,537403.28661,4808443.44738,-80.53789499999999,43.427959,Non intersection,2,P.D. only,Thru lane,unknown,unknown,Turning movement,Unknown,Daylight,01 - Daylight,Municipal (excl. Twp. Rd.),No control,unknown,0,0,0,False,False,False,Clear,,False,BANKSIDE DR ; WESTFOREST TRAIL ; Near; 600 M,3/4/2020 10:09:57 AM,,
45395,16-151128,1468279800000,2016,7,11,23,30,0,Monday,537855.39813,4809041.25289,-80.532268,43.433319,Non intersection,2,P.D. only,Thru lane,unknown,unknown,SMV unattended vehicle,Unknown,"Dark, artificial","08 - Dark, artificial",Municipal (excl. Twp. Rd.),No control,unknown,0,0,0,False,False,False,Clear,,False,OPRINGTON DR; OPRINGTON DR ; Near,3/4/2020 10:09:56 AM,,
45396,16-151621,1468410480000,2016,7,13,11,48,0,Wednesday,540506.54718,4812367.05671,-80.499265,43.463125999999995,Intersection related,2,P.D. only,Thru lane,unknown,unknown,SMV unattended vehicle,Unknown,Daylight,01 - Daylight,Municipal (excl. Twp. Rd.),No control,unknown,0,0,0,False,False,False,Clear,,False,RAITAR AVE; ELLIS AVE; Near; 24 M,3/4/2020 10:09:56 AM,,
45397,16-151798,1468426260000,2016,7,13,16,11,0,Wednesday,540807.52137,4810877.53924,-80.495656,43.449698,Intersection related,2,P.D. only,Thru lane,unknown,unknown,SMV other,Unknown,Daylight,01 - Daylight,Municipal (excl. Twp. Rd.),Traffic signal,Functioning,0,0,0,False,False,False,Clear,,False,JOSEPH ST; WATER ST S; At,3/4/2020 10:09:55 AM,,
45398,16-152014,1468427400000,2016,7,13,16,30,0,Wednesday,544799.84287,4809261.39232,-80.446449,43.434917999999996,Non intersection,2,P.D. only,Thru lane,unknown,unknown,SMV unattended vehicle,Unknown,Daylight,01 - Daylight,Municipal (excl. Twp. Rd.),No control,unknown,0,0,0,False,False,False,Clear,,False,PINECREST DR; PINECREST DR ; Near; 3 M,3/4/2020 10:09:54 AM,,
45399,16-152469,1468447200000,2016,7,13,22,0,0,Wednesday,547124.50846,4808316.43388,-80.417808,43.426266999999996,At/near private drive,2,P.D. only,Thru lane,unknown,unknown,SMV unattended vehicle,Unknown,Dark,07 - Dark,Municipal (excl. Twp. Rd.),No control,unknown,0,0,0,False,False,False,Clear,,False,MANOR DR; MANOR DR ; At,3/4/2020 10:09:54 AM,,
45400,16-152694,1468521000000,2016,7,14,18,30,0,Thursday,540789.00189,4809069.90629,-80.49602,43.433423,At/near private drive,2,P.D. only,Thru lane,unknown,unknown,Turning movement,Unknown,Daylight,01 - Daylight,Municipal (excl. Twp. Rd.),No control,unknown,0,0,0,False,False,False,Clear,,False,STIRLING AVE S; STIRLING AVE S; At; 5 M,3/4/2020 10:09:53 AM,,
45401,16-153178,1468425600000,2016,7,13,16,0,0,Wednesday,538544.57685,4807793.06057,-80.52384099999999,43.422045,At/near private drive,2,P.D. only,Thru lane,unknown,unknown,SMV unattended vehicle,Unknown,Daylight,01 - Daylight,Regional municipality,No control,unknown,0,0,0,False,False,False,Clear,,False,RAMBLEWOOD WAY; RAMBLEWOOD WAY ; Near,3/4/2020 10:09:52 AM,,
45402,16-153467,1468604820000,2016,7,15,17,47,0,Friday,539118.24752,4810240.36332,-80.516579,43.444050999999995,At/near private drive,1,Non-fatal injury,Off highway,unknown,unknown,Turning movement,Unknown,Daylight,01 - Daylight,Private property,Stop sign,Functioning,0,0,0,False,False,False,Clear,,False,LAWRENCE AVE; HIGHLAND RD W; Near; 50 M,3/4/2020 10:09:52 AM,,
45403,16-153519,1468609800000,2016,7,15,19,10,0,Friday,545392.6142,4812373.1029,-80.43886599999999,43.462900000000005,At/near private drive,2,Non-reportable,Thru lane,unknown,unknown,SMV unattended vehicle,Unknown,Daylight,01 - Daylight,Municipal (excl. Twp. Rd.),No control,unknown,0,0,0,False,False,False,Clear,,False,WIMBLETON CRES; WIMBLETON CRES ; At; 1 M,3/4/2020 10:09:51 AM,,
45404,16-153563,1468614480000,2016,7,15,20,28,0,Friday,542468.73714,4806347.55347,-80.475478,43.408817,At/near private drive,2,P.D. only,Right shoulder,unknown,unknown,SMV unattended vehicle,Unknown,Daylight,01 - Daylight,Municipal (excl. Twp. Rd.),No control,unknown,0,0,0,False,False,False,Clear,,False,STRASBURG RD; STRASBURG RD; At; 3 M,3/4/2020 10:09:50 AM,,
45405,16-153572,1468615020000,2016,7,15,20,37,0,Friday,546453.15691,4803558.89032,-80.426506,43.383472,Non intersection,2,P.D. only,Right shoulder,unknown,unknown,SMV other,Unknown,Dusk,05 - Dusk,Municipal (excl. Twp. Rd.),No control,unknown,0,0,0,False,False,False,Clear,,False,DOON SOUTH DR; DOON SOUTH DR ; Near; 3 M,3/4/2020 10:09:49 AM,,
45406,16-153998,1468662300000,2016,7,16,9,45,0,Saturday,538608.25249,4808562.62914,-80.52300000000001,43.428971,At/near private drive,2,P.D. only,Thru lane,unknown,unknown,Other,Unknown,Daylight,01 - Daylight,Regional municipality,No control,unknown,0,0,0,False,False,False,Clear,,False,QUEENS BLVD; QUEENS BLVD ; Near,3/4/2020 10:09:48 AM,,
45407,16-154177,1468684800000,2016,7,16,16,0,0,Saturday,542651.13083,4807350.31255,-80.473147,43.417836,Intersection related,2,P.D. only,Thru lane,unknown,unknown,Rear end,Unknown,Daylight,01 - Daylight,Municipal (excl. Twp. Rd.),Traffic signal,Functioning,0,0,0,False,False,False,Clear,,False,BLOCK LINE RD; KINGSWOOD DR; 5 M,3/4/2020 10:09:48 AM,,
45408,16-154232,1468689720000,2016,7,16,17,22,0,Saturday,541084.65403,4810890.77301,-80.49222999999999,43.449802,At/near private drive,2,P.D. only,Not on roadway - left side,unknown,unknown,Sideswipe,Unknown,Daylight,01 - Daylight,Municipal (excl. Twp. Rd.),No control,unknown,0,0,0,False,False,False,Clear,,False,ONTARIO ST S; CHARLES ST W; Near; 5 M,3/4/2020 10:09:46 AM,,
45409,16-154392,1468703280000,2016,7,16,21,8,0,Saturday,540923.31741,4810568.87765,-80.494248,43.446912,Non intersection,2,P.D. only,Thru lane,unknown,unknown,SMV unattended vehicle,Unknown,Daylight,01 - Daylight,Municipal (excl. Twp. Rd.),No control,unknown,0,0,0,False,False,False,Clear,,False,DAVID ST ; JUBILEE DR ; Near; 20 M,3/4/2020 10:09:46 AM,,
45410,16-154864,1468620000000,2016,7,15,22,0,0,Friday,543328.85716,4810115.97794,-80.464556,43.442699,At/near private drive,2,P.D. only,Left shoulder,unknown,unknown,SMV unattended vehicle,Unknown,Dark,07 - Dark,Municipal (excl. Twp. Rd.),No control,unknown,0,0,0,False,False,False,Clear,,False,SHELDON AVE N; SHELDON AVE N; At; 1 M,3/4/2020 10:09:45 AM,,
45411,16-154892,1468760760000,2016,7,17,13,6,0,Sunday,545598.81599,4804028.72945,-80.43701399999999,43.387755,Intersection related,1,Non-fatal injury,Thru lane,unknown,unknown,Approaching,Unknown,Daylight,01 - Daylight,Municipal (excl. Twp. Rd.),Stop sign,Functioning,0,0,0,False,False,False,Clear,,False,APPLE RIDGE DR ; TILT DR ; Near,3/4/2020 10:09:44 AM,,