OBJECTID,ACCIDENTNUM,ACCIDENTDATE,ACCIDENT_YEAR,ACCIDENT_MONTH,ACCIDENT_DAY,ACCIDENT_HOUR,ACCIDENT_MINUTE,ACCIDENT_SECOND,ACCIDENT_WEEKDAY,XCOORD,YCOORD,LONGITUDE,LATITUDE,ACCIDENTLOCATION,COLLISIONTYPE,CLASSIFICATIONOFACCIDENT,IMPACTLOCATION,INITIALDIRECTIONOFTRAVELONE,INITIALDIRECTIONOFTRAVELTWO,INITIALIMPACTTYPE,INTTRAFFICCONTROL,LIGHT,LIGHTFORREPORT,ROADJURISDICTION,TRAFFICCONTROL,TRAFFICCONTROLCONDITION,THRULANENO,NORTHBOUNDDISOBEYCOUNT,SOUTHBOUNDDISOBEYCOUNT,PEDESTRIANINVOLVED,CYCLISTINVOLVED,MOTORCYCLISTINVOLVED,ENVIRONMENTCONDITION1,ENVIRONMENTCONDITION2,SELFREPORTED,XMLIMPORTNOTES,LASTEDITEDDATE,CREATE_BY,CREATE_DATE
45412,16-155011,1468772460000,2016,7,17,16,21,0,Sunday,539774.50362,4810230.09809,-80.50847,43.443923999999996,Non intersection,2,P.D. only,Thru lane,unknown,unknown,SMV unattended vehicle,Unknown,Daylight,01 - Daylight,Regional municipality,No control,unknown,0,0,0,False,False,False,Clear,,False,PATRICIA AVE; VICTORIA ST S; Near; 30 M,3/4/2020 10:09:44 AM,,
45413,16-155047,1468776600000,2016,7,17,17,30,0,Sunday,542545.81013,4807457.2335,-80.47444,43.418805,Non intersection,2,P.D. only,Thru lane,unknown,unknown,Rear end,Unknown,Daylight,01 - Daylight,Municipal (excl. Twp. Rd.),No control,unknown,0,0,0,False,False,False,Clear,,False,KINGSWOOD DR; SELKIRK DR ; 5 M,3/4/2020 10:09:43 AM,,
45414,16-155380,1468828560000,2016,7,18,7,56,0,Monday,542313.00211,4810287.42157,-80.477096,43.444300999999996,At intersection,1,Non-fatal injury,Within intersection,unknown,unknown,Turning movement,Unknown,Daylight,01 - Daylight,Regional municipality,Traffic signal,Functioning,0,0,0,True,True,False,Clear,,False,KING ST E; STIRLING AVE N,3/4/2020 10:09:42 AM,,
45415,16-155495,1468839540000,2016,7,18,10,59,0,Monday,539131.14558,4811001.65,-80.516365,43.450905,At/near private drive,1,Non-fatal injury,Thru lane,unknown,unknown,Rear end,Unknown,Daylight,01 - Daylight,Regional municipality,No control,unknown,0,0,0,False,False,False,Clear,,False,BELMONT AVE W; GLASGOW ST ; Near; 200 M,3/4/2020 10:09:42 AM,,
45416,16-155532,1468791000000,2016,7,17,21,30,0,Sunday,543371.35255,4804724.7551,-80.46445899999999,43.394154,Non intersection,2,P.D. only,Thru lane,unknown,unknown,Rear end,Unknown,"Dark, artificial","08 - Dark, artificial",Regional municipality,No control,unknown,0,0,0,False,False,False,Clear,,False,HURON RD; TEMPLEWOOD DR; Near,3/4/2020 10:09:41 AM,,
45417,16-155772,1468862220000,2016,7,18,17,17,0,Monday,542088.50003,4810433.95032,-80.47985899999999,43.445633,At intersection,1,Non-fatal injury,Within intersection,unknown,unknown,Turning movement,Unknown,Daylight,01 - Daylight,Regional municipality,Stop sign,Functioning,0,0,0,False,False,False,Clear,,False,KING ST E; BETZNER AVE N,3/4/2020 10:09:40 AM,,
45418,16-156285,1468930740000,2016,7,19,12,19,0,Tuesday,544394.24612,4804465.74324,-80.45185,43.391762,Non intersection,2,P.D. only,Thru lane,unknown,unknown,SMV unattended vehicle,Unknown,Daylight,01 - Daylight,Municipal (excl. Twp. Rd.),No control,unknown,0,0,0,False,False,False,Clear,,False,BLACK WALNUT DR; BLACK WALNUT DR; Near; 2 M,3/4/2020 10:09:39 AM,,
45419,16-156363,1468935900000,2016,7,19,13,45,0,Tuesday,539616.37275,4811374.42908,-80.510341,43.454235999999995,Intersection related,1,Non-fatal injury,Thru lane,unknown,unknown,Rear end,Unknown,Daylight,01 - Daylight,Municipal (excl. Twp. Rd.),Traffic signal,Functioning,0,0,0,False,False,False,Clear,,False,PARK ST; GLASGOW ST ; Near; 50 M,3/4/2020 10:09:39 AM,,
45420,16-156380,1468844100000,2016,7,18,12,15,0,Monday,536880.81277,4807789.53657,-80.544394,43.422097,At/near private drive,2,P.D. only,Thru lane,unknown,unknown,SMV unattended vehicle,Unknown,Daylight,01 - Daylight,Municipal (excl. Twp. Rd.),No control,unknown,0,0,0,False,False,False,Clear,,False,PRIVATE DRIVE; WESTVIEW CRES; At; 2 M,3/4/2020 10:09:38 AM,,
45421,16-156603,1468958280000,2016,7,19,19,58,0,Tuesday,546282.73843,4808580.40011,-80.428185,43.428695999999995,Non intersection,1,Non-fatal injury,Thru lane,unknown,unknown,SMV other,Unknown,Dusk,05 - Dusk,Municipal (excl. Twp. Rd.),No control,unknown,0,0,0,True,False,False,Clear,,False,MORGAN AVE; SOUTHILL DR; 34 M,3/4/2020 10:09:37 AM,,
45422,16-156619,1468959660000,2016,7,19,20,21,0,Tuesday,540984.95532,4810826.2569,-80.493467,43.449227,At intersection,2,P.D. only,Within intersection,unknown,unknown,Turning movement,Unknown,Dusk,05 - Dusk,Municipal (excl. Twp. Rd.),Stop sign,Functioning,0,0,0,False,False,False,Clear,,False,GAUKEL ST; JOSEPH ST,3/4/2020 10:09:37 AM,,
45423,16-156653,1468962000000,2016,7,19,21,0,0,Tuesday,538889.13553,4808656.29554,-80.51952299999999,43.4298,At intersection,1,Non-fatal injury,Within intersection,unknown,unknown,Angle,Unknown,Daylight,01 - Daylight,Regional municipality,Stop sign,Functioning,0,0,0,False,True,False,Clear,,False,QUEENS BLVD; EAGEN DR,3/4/2020 10:09:36 AM,,
45424,16-157004,1468981800000,2016,7,20,2,30,0,Wednesday,539062.819,4809018.796,-80.51735099999999,43.433054999999996,Intersection related,2,P.D. only,Thru lane,unknown,unknown,SMV unattended vehicle,Unknown,Dark,07 - Dark,Regional municipality,No control,unknown,0,0,0,False,False,False,Clear,,False,RALGREEN CRES; OVERLEA DR; Near; 20 M,3/4/2020 10:09:35 AM,,
45425,16-157123,1469021220000,2016,7,20,13,27,0,Wednesday,542641.62389,4813330.8114,-80.472797,43.471685,At/near private drive,1,Non-fatal injury,Thru lane,unknown,unknown,Rear end,Unknown,Daylight,01 - Daylight,Municipal (excl. Twp. Rd.),No control,unknown,0,0,0,False,False,False,Clear,,False,RIVERBEND DR; GUELPH ST ; 270 M,3/4/2020 10:09:35 AM,,
45426,16-157470,1469049840000,2016,7,20,21,24,0,Wednesday,545275.12037,4806434.26705,-80.440811,43.409434,Intersection related,2,P.D. only,Right turn channel,unknown,unknown,Rear end,Stop sign,Dark,07 - Dark,Municipal (excl. Twp. Rd.),Yield sign,Functioning,0,0,0,False,False,False,Clear,,False,WILSON AVE; WABANAKI DR; 2 M,3/4/2020 10:09:34 AM,,
45427,16-157942,1469097000000,2016,7,21,10,30,0,Thursday,545760.6685,4809528.28254,-80.434555,43.437263,Non intersection,2,P.D. only,Thru lane,unknown,unknown,SMV unattended vehicle,Unknown,Daylight,01 - Daylight,Municipal (excl. Twp. Rd.),Stop sign,Functioning,0,0,0,False,False,False,Clear,,False,SCENIC WOOD CRES; THALER AVE; Near,3/4/2020 10:09:33 AM,,
45428,16-158899,1469200440000,2016,7,22,15,14,0,Friday,542551.2059,4810145.10082,-80.47416299999999,43.443006,At/near private drive,1,Non-fatal injury,Not on roadway - right side,unknown,unknown,Turning movement,Unknown,Daylight,01 - Daylight,Regional municipality,Stop sign,Functioning,0,0,0,False,True,False,Clear,,False,KING ST E; KING ST E; At; 9 M,3/4/2020 10:09:32 AM,,
45429,16-158918,1469201940000,2016,7,22,15,39,0,Friday,541039.86255,4811177.37184,-80.492762,43.452385,At intersection,1,Non-fatal injury,Within intersection,unknown,unknown,SMV other,Unknown,Daylight,01 - Daylight,Municipal (excl. Twp. Rd.),Stop sign,Functioning,0,0,0,False,True,False,Clear,,False,COLLEGE ST; DUKE ST W,3/4/2020 10:09:31 AM,,
45430,16-158950,1469160900000,2016,7,22,4,15,0,Friday,540636.28848,4807374.41806,-80.49803299999999,43.418164999999995,Non intersection,2,P.D. only,Thru lane,unknown,unknown,SMV unattended vehicle,Unknown,"Dark, artificial","08 - Dark, artificial",Municipal (excl. Twp. Rd.),No control,unknown,0,0,0,False,False,False,Clear,,False,CARTIER DR; CARTIER DR,3/4/2020 10:09:31 AM,,
45431,16-159025,1469210400000,2016,7,22,18,0,0,Friday,538544.43396,4810154.98457,-80.523676,43.443312,Non intersection,1,Non-fatal injury,Thru lane,unknown,unknown,SMV other,Unknown,Daylight,01 - Daylight,Regional municipality,No control,unknown,0,0,0,True,False,True,Clear,,False,CHOPIN DR; WESTMOUNT RD W; Near; 40 M,3/4/2020 10:09:30 AM,,
45432,16-159027,1469210640000,2016,7,22,18,4,0,Friday,539570.8132,4811425.58973,-80.5109,43.454699,Non intersection,2,P.D. only,Thru lane,unknown,unknown,Rear end,Unknown,Daylight,01 - Daylight,Municipal (excl. Twp. Rd.),No control,unknown,0,0,0,False,False,False,Clear,,False,PARK ST; GREEN ST; Near; 15 M,3/4/2020 10:09:29 AM,,
45433,16-159082,1469214000000,2016,7,22,19,0,0,Friday,542506.59912,4804055.90012,-80.475188,43.388180999999996,At/near private drive,2,P.D. only,Thru lane,unknown,unknown,SMV unattended vehicle,Unknown,Daylight,01 - Daylight,Municipal (excl. Twp. Rd.),No control,unknown,0,0,0,False,False,False,Clear,,False,FEATHERSTONE CRES; FEATHERSTONE CRES ; At; 6 M,3/4/2020 10:09:29 AM,,
45434,16-159465,1469208300000,2016,7,22,17,25,0,Friday,543247.86002,4804519.94456,-80.46600000000001,43.392317,At intersection,2,P.D. only,Within intersection,unknown,unknown,Angle,Unknown,Daylight,01 - Daylight,Regional municipality,Yield sign,Functioning,0,0,0,False,False,False,Clear,,False,HURON RD; STRASBURG RD,3/4/2020 10:09:28 AM,,
45435,16-159570,1469271000000,2016,7,23,10,50,0,Saturday,545037.84355,4813551.87349,-80.44315399999999,43.473535,Non intersection,2,P.D. only,Thru lane,unknown,unknown,Turning movement,Unknown,Daylight,01 - Daylight,Municipal (excl. Twp. Rd.),No control,unknown,0,0,0,False,False,False,Clear,,False,BINGEMANS CENTRE DR ; SHIRLEY AVE ; Near; 50 M,3/4/2020 10:09:27 AM,,
45436,16-159797,1469293200000,2016,7,23,17,0,0,Saturday,537199.98217,4808321.6008,-80.540415,43.426871999999996,Non intersection,2,P.D. only,Thru lane,unknown,unknown,SMV unattended vehicle,Unknown,Daylight,01 - Daylight,Municipal (excl. Twp. Rd.),No control,unknown,0,0,0,False,False,False,Clear,,False,BANKSIDE DR; BANKSIDE DR ; At; 1 M,3/4/2020 10:09:27 AM,,
45437,16-160476,1469369520000,2016,7,24,14,12,0,Sunday,540602.57103,4809735.77564,-80.498274,43.439429,At/near private drive,2,P.D. only,Thru lane,unknown,unknown,SMV unattended vehicle,Unknown,Daylight,01 - Daylight,Municipal (excl. Twp. Rd.),No control,unknown,0,0,0,False,False,False,Clear,,False,WINSLOW DR; WINSLOW DR ; Near; 7 M,3/4/2020 10:09:26 AM,,
45438,16-161058,1469441640000,2016,7,25,10,14,0,Monday,542008.43021,4810987.81563,-80.480806,43.450624999999995,Non intersection,2,P.D. only,Thru lane,unknown,unknown,SMV unattended vehicle,Unknown,Daylight,01 - Daylight,Municipal (excl. Twp. Rd.),No control,unknown,0,0,0,False,False,False,Clear,,False,BRUBACHER ST; BRUBACHER ST ; Near; 10 M,3/4/2020 10:09:25 AM,,
45439,16-161781,1469514600000,2016,7,26,6,30,0,Tuesday,546634.01936,4802739.94857,-80.424343,43.376087,Intersection related,2,P.D. only,Other,unknown,unknown,SMV other,Unknown,Daylight,01 - Daylight,Regional municipality,Other,Functioning,0,0,0,False,False,False,Clear,,False,ROBERT FERRIE DR; THOMAS SLEE DR; At,3/4/2020 10:09:25 AM,,
45440,16-161799,1469517000000,2016,7,26,7,10,0,Tuesday,542966.96295,4806355.54264,-80.469324,43.408860999999995,At intersection,2,P.D. only,Within intersection,unknown,unknown,SMV unattended vehicle,Unknown,Daylight,01 - Daylight,Municipal (excl. Twp. Rd.),No control,unknown,0,0,0,False,False,False,Clear,,False,SOUTHWOOD DR; SANDSPRINGS CRES; 4 M,3/4/2020 10:09:24 AM,,
45441,16-161882,1469532960000,2016,7,26,11,36,0,Tuesday,538898.51613,4811469.68178,-80.519207,43.455131,Intersection related,2,P.D. only,Thru lane,unknown,unknown,Turning movement,Unknown,Daylight,01 - Daylight,Municipal (excl. Twp. Rd.),Traffic signal,Functioning,0,0,0,False,False,False,Clear,,False,UNION BLVD ; BELMONT AVE W; Near; 10 M,3/4/2020 10:09:23 AM,,
45442,16-161990,1469491140000,2016,7,25,23,59,0,Monday,542515.84864,4809649.64946,-80.474639,43.438547,Non intersection,2,P.D. only,Thru lane,unknown,unknown,SMV unattended vehicle,Unknown,Dark,07 - Dark,Municipal (excl. Twp. Rd.),No control,unknown,0,0,0,False,False,False,Clear,,False,NYBERG ST; NYBERG ST,3/4/2020 10:09:23 AM,,
45443,16-162181,1469518200000,2016,7,26,7,30,0,Tuesday,542582.11568,4810126.07743,-80.473783,43.442833,Intersection related,2,P.D. only,Left turn lane,unknown,unknown,Sideswipe,Unknown,Daylight,01 - Daylight,Regional municipality,Traffic signal,Functioning,0,0,0,False,False,False,Clear,,False,KING ST E; BORDEN AVE N; At,3/4/2020 10:09:22 AM,,
45444,16-162617,1469605380000,2016,7,27,7,43,0,Wednesday,541640.09989,4810375.39573,-80.485405,43.445130999999996,At/near private drive,2,P.D. only,Thru lane,unknown,unknown,Turning movement,Unknown,Daylight,01 - Daylight,Municipal (excl. Twp. Rd.),No control,unknown,0,0,0,False,False,False,Clear,,False,CEDAR ST S; CEDAR ST S; Near; 3 M,3/4/2020 10:09:21 AM,,
45445,16-163012,1469631600000,2016,7,27,15,0,0,Wednesday,544563.00116,4809601.74387,-80.449348,43.437996999999996,At intersection,2,P.D. only,Within intersection,unknown,unknown,SMV other,Unknown,Daylight,01 - Daylight,Municipal (excl. Twp. Rd.),Yield sign,Functioning,0,0,0,False,False,False,Clear,,False,BROADVIEW CRT ; BROADVIEW AVE ; 100 M,3/7/2019 1:21:52 PM,,
45446,16-163136,1469645280000,2016,7,27,18,48,0,Wednesday,539295.07315,4811573.25199,-80.514298,43.456043,At intersection,2,P.D. only,Within intersection,unknown,unknown,Angle,Unknown,Daylight,01 - Daylight,Municipal (excl. Twp. Rd.),Stop sign,Functioning,0,0,0,False,False,False,Clear,,False,MT HOPE ST ; PARK ST,3/4/2020 10:09:21 AM,,
45447,16-163661,1469656800000,2016,7,27,22,0,0,Wednesday,546600.34757,4808555.24171,-80.424263,43.42845,Non intersection,2,P.D. only,Thru lane,unknown,unknown,SMV unattended vehicle,Unknown,"Dark, artificial","08 - Dark, artificial",Municipal (excl. Twp. Rd.),No control,unknown,0,0,0,False,False,False,Clear,,False,GREENDALE CRES; GREENDALE CRES,3/4/2020 10:09:20 AM,,
45448,16-163849,1469720700000,2016,7,28,15,45,0,Thursday,537521.68476,4808505.5212,-80.536428,43.428512,At/near private drive,1,Non-fatal injury,Thru lane,unknown,unknown,Turning movement,Unknown,Daylight,01 - Daylight,Municipal (excl. Twp. Rd.),No control,unknown,0,0,0,False,False,False,Clear,,False,BANKSIDE DR; BANKSIDE DR ; Near; 3 M,3/4/2020 10:09:19 AM,,
45449,16-163889,1469724180000,2016,7,28,16,43,0,Thursday,547576.1442,4803819.03666,-80.41261999999999,43.385743999999995,Intersection related,2,P.D. only,Right turn lane,unknown,unknown,Turning movement,Unknown,Daylight,01 - Daylight,Regional municipality,No control,unknown,0,0,0,False,False,False,Clear,,False,CONESTOGA COLLEGE BLVD ; PINNACLE DR,3/4/2020 10:09:19 AM,,
45450,16-163891,1469584800000,2016,7,27,2,0,0,Wednesday,536347.72766,4809694.31258,-80.55085199999999,43.439274,Non intersection,2,P.D. only,Thru lane,unknown,unknown,SMV unattended vehicle,Unknown,Dark,07 - Dark,Municipal (excl. Twp. Rd.),No control,unknown,0,0,0,False,False,False,Clear,,False,NORTHMANOR CRES; NORTHMANOR CRES ; Near,3/4/2020 10:09:18 AM,,
45451,16-164344,1469737200000,2016,7,28,20,20,0,Thursday,541199.54729,4809540.85755,-80.490912,43.437641,At intersection,2,P.D. only,Within intersection,unknown,unknown,Angle,Unknown,"Dark, artificial","08 - Dark, artificial",Municipal (excl. Twp. Rd.),Stop sign,Functioning,0,0,0,False,False,False,Rain,,False,RUSSEL ST; WOODLAND AVE,3/4/2020 10:09:17 AM,,
45452,16-164811,1469781000000,2016,7,29,8,30,0,Friday,544102.81863,4805113.31881,-80.455396,43.39761,At/near private drive,2,P.D. only,Thru lane,unknown,unknown,Turning movement,Unknown,Daylight,01 - Daylight,Municipal (excl. Twp. Rd.),No control,unknown,0,0,0,False,False,False,Clear,,False,OLD HURON PL; OLD HURON PL ; Near,3/4/2020 10:09:17 AM,,
45453,16-165124,1469848920000,2016,7,30,3,22,0,Saturday,545274.24648,4809242.79212,-80.440589,43.434722,Non intersection,2,P.D. only,Thru lane,unknown,unknown,SMV unattended vehicle,Unknown,Dark,07 - Dark,Regional municipality,No control,unknown,0,0,0,False,False,False,Clear,,False,FERGUS AVE; FERGUS AVE ; At; 1 M,3/4/2020 10:09:16 AM,,
45454,16-165434,1469890440000,2016,7,30,14,54,0,Saturday,545432.54853,4808342.58842,-80.43870799999999,43.426607,At intersection,2,P.D. only,Within intersection,unknown,unknown,SMV other,Unknown,Daylight,01 - Daylight,Municipal (excl. Twp. Rd.),Stop sign,Functioning,0,0,0,False,False,False,Clear,,False,KINGSWAY DR; CEDARWOODS CRES,3/4/2020 10:09:15 AM,,
45455,16-165561,1469902200000,2016,7,30,18,10,0,Saturday,545028.02001,4812003.16158,-80.44340299999999,43.459590999999996,At intersection,1,Non-fatal injury,Within intersection,unknown,unknown,Turning movement,Unknown,Daylight,01 - Daylight,Regional municipality,Stop sign,Functioning,0,0,0,False,True,False,Clear,,False,LORRAINE AVE ; MONTCALM DR,3/4/2020 10:09:15 AM,,
45456,16-166385,1469992920000,2016,7,31,19,22,0,Sunday,543586.12911,4804399.39674,-80.461833,43.391211999999996,Other,2,P.D. only,Off highway,unknown,unknown,SMV other,Unknown,Daylight,01 - Daylight,Private property,No control,unknown,0,0,0,False,False,False,Clear,,False,PRIVATE DRIVE; MARL MEADOW DR ; At,3/4/2020 10:09:14 AM,,
45457,16-166706,1469961600000,2016,7,31,10,40,0,Sunday,546203.64644,4810896.47641,-80.428966,43.449555,Non intersection,2,P.D. only,Thru lane,unknown,unknown,SMV unattended vehicle,Unknown,Daylight,01 - Daylight,Municipal (excl. Twp. Rd.),No control,unknown,0,0,0,False,False,False,Clear,,False,FOXWOOD PL; OLDFIELD DR; Near; 15 M,3/4/2020 10:09:13 AM,,
45458,16-166849,1470054840000,2016,8,1,12,34,0,Monday,540069.21291,4810885.10476,-80.50478,43.449805999999995,At intersection,2,P.D. only,Off highway,unknown,unknown,SMV other,Unknown,Daylight,01 - Daylight,Municipal (excl. Twp. Rd.),Stop sign,Functioning,0,0,0,False,False,True,Clear,,False,PARK ST; CHERRY ST,3/4/2020 10:09:13 AM,,
45459,16-167465,1470009600000,2016,8,1,0,0,0,Monday,541068.0,4811108.0,0.0,0.0,Non intersection,2,P.D. only,Right shoulder,unknown,unknown,SMV unattended vehicle,Unknown,Dark,07 - Dark,Regional municipality,No control,unknown,0,0,0,False,False,False,Clear,,False,AHRENS ST W; BLUCHER ST; Near; 100 M,3/4/2020 10:09:12 AM,,
45460,16-167493,1470121200000,2016,8,2,7,0,0,Tuesday,547643.14361,4811320.34867,-80.41113899999999,43.453281,Other,2,P.D. only,Off highway,unknown,unknown,SMV unattended vehicle,Unknown,Other,99 - Other,Private property,No control,unknown,0,0,0,False,False,False,Other,,False,PRIVATE DRIVE; ZELLER DR; At,3/4/2020 10:09:11 AM,,
45461,16-168983,1470297060000,2016,8,4,7,51,0,Thursday,545917.16962,4805379.74245,-80.43297,43.3999,At/near private drive,1,Non-fatal injury,Thru lane,unknown,unknown,Turning movement,Unknown,Daylight,01 - Daylight,Municipal (excl. Twp. Rd.),No control,unknown,0,0,0,False,True,False,Clear,,False,GREEN VALLEY DR; GREEN VALLEY DR ; At; 5 M,3/4/2020 10:09:10 AM,,
45462,16-169356,1470326400000,2016,8,4,16,0,0,Thursday,540148.29092,4810120.03077,-80.50385899999999,43.442913,Intersection related,2,P.D. only,Thru lane,unknown,unknown,Rear end,Unknown,Daylight,01 - Daylight,Regional municipality,Traffic signal,Functioning,0,0,0,False,False,False,Clear,,False,WEST AVE; HOMEWOOD AVE; Near,3/4/2020 10:09:10 AM,,
45463,16-169982,1470326400000,2016,8,4,16,0,0,Thursday,539992.14746,4810318.12425,-80.505774,43.444705,Non intersection,2,P.D. only,Thru lane,unknown,unknown,Angle,Unknown,Daylight,01 - Daylight,Regional municipality,No control,unknown,0,0,0,False,True,False,Clear,,False,WEST AVE; VICTORIA ST S; 40 M,3/4/2020 10:09:09 AM,,
45464,16-170155,1470408780000,2016,8,5,14,53,0,Friday,536864.92331,4808445.59268,-80.544546,43.428005,At intersection,1,Non-fatal injury,Within intersection,unknown,unknown,Sideswipe,Unknown,Daylight,01 - Daylight,Municipal (excl. Twp. Rd.),Stop sign,Functioning,0,0,0,False,False,False,Clear,,False,WESTFOREST TRAIL; WESTMEADOW DR,3/4/2020 10:09:08 AM,,
45465,16-170875,1470481860000,2016,8,6,11,11,0,Saturday,544920.5668,4804865.82832,-80.445319,43.395333,At/near private drive,1,Non-fatal injury,Thru lane,unknown,unknown,Turning movement,Unknown,Daylight,01 - Daylight,Municipal (excl. Twp. Rd.),No control,unknown,0,0,0,False,False,False,Clear,,False,PIONEER DR; DOON VILLAGE RD; Near; 75 M,3/4/2020 10:09:07 AM,,
45466,16-171058,1470477600000,2016,8,6,10,0,0,Saturday,546866.50931,4811300.44174,-80.420739,43.453151,Non intersection,2,P.D. only,Right shoulder,unknown,unknown,SMV unattended vehicle,Unknown,Daylight,01 - Daylight,Municipal (excl. Twp. Rd.),No control,unknown,0,0,0,False,False,False,Clear,,False,JANET CRT; ZELLER DR ; At,3/4/2020 10:09:06 AM,,
45467,16-171575,1470557820000,2016,8,7,8,17,0,Sunday,537831.3515,4808855.20284,-80.532578,43.431644999999996,Non intersection,2,P.D. only,Right shoulder,unknown,unknown,SMV other,Unknown,Daylight,01 - Daylight,Municipal (excl. Twp. Rd.),No control,unknown,0,0,0,False,False,False,Clear,,False,BANKSIDE DR; 142 BANKSIDE DR; 1 M,3/4/2020 10:09:06 AM,,
45468,16-171750,1470577800000,2016,8,7,13,50,0,Sunday,544235.01132,4808802.86604,-80.453465,43.430823,At intersection,1,Non-fatal injury,Within intersection,unknown,unknown,Angle,Unknown,Daylight,01 - Daylight,Municipal (excl. Twp. Rd.),Stop sign,Functioning,0,0,0,False,True,False,Clear,,False,CONNAUGHT ST; FIFTH AVE,3/4/2020 10:09:05 AM,,
45469,16-171820,1470585840000,2016,8,7,16,4,0,Sunday,539180.54409,4810270.48937,-80.515807,43.444319,Non intersection,2,P.D. only,Thru lane,unknown,unknown,SMV unattended vehicle,Unknown,Daylight,01 - Daylight,Municipal (excl. Twp. Rd.),No control,unknown,0,0,0,False,False,False,Clear,,False,KARN ST ; KARN ST ; Near; 1 M,3/4/2020 10:09:04 AM,,
45470,16-171880,1470593400000,2016,8,7,18,10,0,Sunday,540791.83796,4806194.21691,-80.4962,43.40753,Non intersection,2,P.D. only,Not on roadway - left side,unknown,unknown,SMV other,Unknown,Daylight,01 - Daylight,Municipal (excl. Twp. Rd.),No control,unknown,0,0,0,False,False,False,Clear,,False,ERINBROOK DR ; ERINBROOK DR; At; 2 M,3/4/2020 10:09:04 AM,,
45471,16-172491,1470666840000,2016,8,8,14,34,0,Monday,537219.13991,4807577.93687,-80.540229,43.420175,At intersection,1,Non-fatal injury,Within intersection,unknown,unknown,Turning movement,Unknown,Daylight,01 - Daylight,Municipal (excl. Twp. Rd.),Stop sign,Functioning,0,0,0,False,False,False,Clear,,False,WESTHEIGHTS DR; BROKEN OAK CRES,3/4/2020 10:09:03 AM,,
45472,16-172511,1470668220000,2016,8,8,14,57,0,Monday,541172.46071,4812720.72513,-80.491007,43.466274,At intersection,2,P.D. only,Within intersection,unknown,unknown,Angle,Unknown,Daylight,01 - Daylight,Municipal (excl. Twp. Rd.),Stop sign,Functioning,0,0,0,False,False,False,Clear,,False,FAIRFIELD AVE; ST LEGER ST,3/4/2020 10:09:02 AM,,
45473,16-172629,1470677400000,2016,8,8,17,30,0,Monday,543246.88248,4804520.82678,-80.46601199999999,43.392325,At intersection,2,P.D. only,Within intersection,unknown,unknown,Angle,Unknown,Daylight,01 - Daylight,Regional municipality,Yield sign,Functioning,0,0,0,False,False,False,Clear,,False,HURON RD; STRASBURG RD,3/4/2020 10:09:02 AM,,
45474,16-173233,1470744600000,2016,8,9,12,10,0,Tuesday,544044.91537,4807706.77686,-80.455902,43.420964999999995,Non intersection,2,P.D. only,Thru lane,unknown,unknown,SMV unattended vehicle,Unknown,Daylight,01 - Daylight,Regional municipality,No control,unknown,0,0,0,False,False,False,Clear,,False,VANIER DR; VANIER DR ; Near; 1 M,3/4/2020 10:09:01 AM,,
45475,16-173244,1470745380000,2016,8,9,12,23,0,Tuesday,541387.60492,4810984.92909,-80.488479,43.450632999999996,Non intersection,2,P.D. only,Right shoulder,unknown,unknown,SMV other,Unknown,Daylight,01 - Daylight,Municipal (excl. Twp. Rd.),No control,unknown,0,0,0,False,False,False,Clear,,False,QUEEN ST N; DUKE ST W; 30 M,3/7/2019 1:21:50 PM,,
45476,16-173454,1470763560000,2016,8,9,17,26,0,Tuesday,541181.48288,4809391.28006,-80.491146,43.436295,Intersection related,1,Non-fatal injury,Left turn lane,unknown,unknown,Rear end,Unknown,Daylight,01 - Daylight,Regional municipality,Traffic signal,Functioning,0,1,0,False,False,False,Clear,,False,STIRLING AVE S; HIGHLAND RD E; At,3/4/2020 10:09:00 AM,,
45477,16-173628,1470781320000,2016,8,9,22,22,0,Tuesday,541645.81364,4810384.49612,-80.485333,43.445212,At/near private drive,2,P.D. only,Thru lane,unknown,unknown,Turning movement,Unknown,Dark,07 - Dark,Municipal (excl. Twp. Rd.),No control,unknown,0,0,0,False,False,False,Clear,,False,CEDAR ST S; CEDAR ST S; At; 3 M,3/4/2020 10:08:59 AM,,
45478,16-173815,1470814500000,2016,8,10,7,35,0,Wednesday,543542.03997,4805002.85872,-80.462329,43.396648,At/near private drive,1,Non-fatal injury,Thru lane,unknown,unknown,Rear end,Unknown,Daylight,01 - Daylight,Municipal (excl. Twp. Rd.),No control,unknown,0,0,0,False,False,False,Clear,,False,BATTLER RD; BATTLER RD ; 15 M,3/4/2020 10:08:59 AM,,
45479,16-174077,1470817200000,2016,8,10,8,20,0,Wednesday,543751.24836,4805553.38796,-80.459702,43.401593,Intersection related,2,P.D. only,Thru lane,unknown,unknown,Rear end,Unknown,Daylight,01 - Daylight,Municipal (excl. Twp. Rd.),Stop sign,Functioning,0,0,0,False,False,False,Clear,,False,BEASLEY DR; TRILLIUM DR,3/4/2020 10:08:58 AM,,
45480,16-175060,1468868400000,2016,7,18,19,0,0,Monday,548013.75563,4806394.24568,-80.40699099999999,43.408902999999995,Non intersection,2,P.D. only,Thru lane,unknown,unknown,SMV unattended vehicle,Unknown,Daylight,01 - Daylight,Municipal (excl. Twp. Rd.),No control,unknown,0,0,0,False,False,False,Clear,,False,LANTERN ST; WINIFRED ST; 12 M,3/4/2020 10:08:57 AM,,